store,region,product,date,dow,ppu,quantity,value,pc_sold
A001,A,apple,2021-04-01,THU,0.95,306,290.7,81.7
A001,A,apple,2021-04-02,FRI,0.95,301,285.95,70.6
A001,A,apple,2021-04-03,SAT,0.95,330,313.5,72.7
A001,A,apple,2021-04-04,SUN,0.95,328,311.6,70
A001,A,apple,2021-04-05,MON,0.95,297,282.15,50
A001,A,apple,2021-04-06,TUE,0.95,303,287.85,62.1
A001,A,apple,2021-04-07,WED,0.95,297,282.15,63.6
A001,A,apple,2021-04-08,THU,0.97,307,297.79,67.9
A001,A,apple,2021-04-09,FRI,0.97,302,292.94,81.3
A001,A,apple,2021-04-10,SAT,0.97,329,319.13,81.7
A001,A,apple,2021-04-11,SUN,0.97,330,320.1,75.8
A001,A,apple,2021-04-12,MON,0.97,303,293.91,64.1
A001,A,apple,2021-04-13,TUE,0.97,303,293.91,54.2
A001,A,apple,2021-04-14,WED,0.97,299,290.03,59.8
A001,A,apple,2021-04-15,THU,0.99,305,301.95,70.3
A001,A,apple,2021-04-16,FRI,0.99,300,297,70.8
A001,A,apple,2021-04-17,SAT,0.99,330,326.7,57.3
A001,A,apple,2021-04-18,SUN,0.99,326,322.74,55.7
A001,A,apple,2021-04-19,MON,0.99,301,297.99,66.6
A001,A,apple,2021-04-20,TUE,0.99,303,299.97,68.4
A001,A,apple,2021-04-21,WED,0.99,301,297.99,73.7
A001,A,apple,2021-04-22,THU,1.02,297,302.94,62.8
A001,A,apple,2021-04-23,FRI,1.02,305,311.1,60.2
A001,A,apple,2021-04-24,SAT,1.02,327,333.54,58.6
A001,A,apple,2021-04-25,SUN,1.02,329,335.58,70.3
A001,A,apple,2021-04-26,MON,1.02,302,308.04,60.3
A001,A,apple,2021-04-27,TUE,1.02,296,301.92,68.9
A001,A,apple,2021-04-28,WED,1.02,296,301.92,66.9
A001,A,apple,2021-04-29,THU,1.04,299,310.96,68.4
A001,A,apple,2021-04-30,FRI,1.04,306,318.24,65.9
A001,A,apple,2021-05-01,SAT,1.04,326,339.04,69.4
A001,A,apple,2021-05-02,SUN,1.04,329,342.16,63.4
A001,A,apple,2021-05-03,MON,1.04,297,308.88,76.6
A001,A,apple,2021-05-04,TUE,1.04,302,314.08,72
A001,A,apple,2021-05-05,WED,1.04,295,306.8,77
A001,A,apple,2021-05-06,THU,1.07,303,324.21,71.7
A001,A,apple,2021-05-07,FRI,1.07,305,326.35,61.3
A001,A,apple,2021-05-08,SAT,1.07,328,350.96,83.4
A001,A,apple,2021-05-09,SUN,1.07,331,354.17,76
A001,A,apple,2021-05-10,MON,1.07,300,321,73.5
A001,A,apple,2021-05-11,TUE,1.07,298,318.86,72.5
A001,A,apple,2021-05-12,WED,1.07,304,325.28,70
A001,A,apple,2021-05-13,THU,1.07,306,327.42,87.9
A001,A,apple,2021-05-14,FRI,1.07,300,321,84.6
A001,A,apple,2021-05-15,SAT,1.07,328,350.96,90.2
A001,A,apple,2021-05-16,SUN,1.07,327,349.89,84
A001,A,apple,2021-05-17,MON,1.07,305,326.35,82.9
A001,A,apple,2021-05-18,TUE,1.07,298,318.86,78.9
A001,A,apple,2021-05-19,WED,1.07,299,319.93,74.8
A001,A,apple,2021-05-20,THU,1.07,297,317.79,81.9
A001,A,apple,2021-05-21,FRI,1.07,304,325.28,81.8
A001,A,apple,2021-05-22,SAT,1.07,330,353.1,83.3
A001,A,apple,2021-05-23,SUN,1.07,331,354.17,80.2
A001,A,apple,2021-05-24,MON,1.07,303,324.21,84.4
A001,A,apple,2021-05-25,TUE,1.07,299,319.93,75.7
A001,A,apple,2021-05-26,WED,1.07,295,315.65,79.4
A001,A,apple,2021-05-27,THU,1.09,307,334.63,75.3
A001,A,apple,2021-05-28,FRI,1.09,296,322.64,74.9
A001,A,apple,2021-05-29,SAT,1.09,328,357.52,65.5
A001,A,apple,2021-05-30,SUN,1.09,326,355.34,78.2
A001,A,apple,2021-05-31,MON,1.09,304,331.36,74.8
A001,A,apple,2021-06-01,TUE,1.09,299,325.91,62.7
A001,A,apple,2021-06-02,WED,1.09,306,333.54,63.1
A001,A,apple,2021-06-03,THU,1.08,307,331.56,74.6
A001,A,apple,2021-06-04,FRI,1.08,303,327.24,86.2
A001,A,apple,2021-06-05,SAT,1.08,328,354.24,69.4
A001,A,apple,2021-06-06,SUN,1.08,331,357.48,76.6
A001,A,apple,2021-06-07,MON,1.08,297,320.76,76.9
A001,A,apple,2021-06-08,TUE,1.08,306,330.48,68.2
A001,A,apple,2021-06-09,WED,1.08,301,325.08,68.3
A001,A,apple,2021-06-10,THU,1.07,299,319.93,79.6
A001,A,apple,2021-06-11,FRI,1.07,296,316.72,76.8
A001,A,apple,2021-06-12,SAT,1.07,331,354.17,69.2
A001,A,apple,2021-06-13,SUN,1.07,329,352.03,65.4
A001,A,apple,2021-06-14,MON,1.07,297,317.79,66.9
A001,A,apple,2021-06-15,TUE,1.07,302,323.14,63.2
A001,A,apple,2021-06-16,WED,1.07,304,325.28,69.7
A001,A,apple,2021-06-17,THU,1.09,299,325.91,89.3
A001,A,apple,2021-06-18,FRI,1.09,300,327,95.7
A001,A,apple,2021-06-19,SAT,1.09,330,359.7,91.6
A001,A,apple,2021-06-20,SUN,1.09,325,354.25,92.9
A001,A,apple,2021-06-21,MON,1.09,304,331.36,85.6
A001,A,apple,2021-06-22,TUE,1.09,296,322.64,73.7
A001,A,apple,2021-06-23,WED,1.09,305,332.45,68.9
A001,A,apple,2021-06-24,THU,1.09,300,327,85.9
A001,A,apple,2021-06-25,FRI,1.09,306,333.54,81.6
A001,A,apple,2021-06-26,SAT,1.09,329,358.61,81.8
A001,A,apple,2021-06-27,SUN,1.09,329,358.61,89.3
A001,A,apple,2021-06-28,MON,1.09,305,332.45,96.9
A001,A,apple,2021-06-29,TUE,1.09,304,331.36,86.8
A001,A,apple,2021-06-30,WED,1.09,304,331.36,82.1
A001,A,apple,2021-07-01,THU,1.11,303,336.33,75.1
A001,A,apple,2021-07-02,FRI,1.11,299,331.89,77.7
A001,A,apple,2021-07-03,SAT,1.11,328,364.08,83.3
A001,A,apple,2021-07-04,SUN,1.11,329,365.19,87
A001,A,apple,2021-07-05,MON,1.11,298,330.78,77.6
A001,A,apple,2021-07-06,TUE,1.11,297,329.67,83.8
A001,A,apple,2021-07-07,WED,1.11,304,337.44,80.4
A001,A,apple,2021-07-08,THU,1.12,298,333.76,80.7
A001,A,apple,2021-07-09,FRI,1.12,297,332.64,82.4
A001,A,apple,2021-07-10,SAT,1.12,331,370.72,82.1
A001,A,apple,2021-07-11,SUN,1.12,326,365.12,82.3
A001,A,apple,2021-07-12,MON,1.12,296,331.52,84.2
A001,A,apple,2021-07-13,TUE,1.12,299,334.88,82
A001,A,apple,2021-07-14,WED,1.12,300,336,75
A001,A,apple,2021-07-15,THU,1.12,306,342.72,79.4
A001,A,apple,2021-07-16,FRI,1.12,296,331.52,71.6
A001,A,apple,2021-07-17,SAT,1.12,330,369.6,66.3
A001,A,apple,2021-07-18,SUN,1.12,326,365.12,66.4
A001,A,apple,2021-07-19,MON,1.12,304,340.48,72.2
A001,A,apple,2021-07-20,TUE,1.12,303,339.36,73.4
A001,A,apple,2021-07-21,WED,1.12,297,332.64,77.3
A001,A,apple,2021-07-22,THU,1.14,304,346.56,69.6
A001,A,apple,2021-07-23,FRI,1.14,300,342,78.7
A001,A,apple,2021-07-24,SAT,1.14,325,370.5,82
A001,A,apple,2021-07-25,SUN,1.14,329,375.06,89.1
A001,A,apple,2021-07-26,MON,1.14,304,346.56,75.5
A001,A,apple,2021-07-27,TUE,1.14,295,336.3,80.9
A001,A,apple,2021-07-28,WED,1.14,299,340.86,80.7
A001,A,apple,2021-07-29,THU,1.16,301,349.16,67.8
A001,A,apple,2021-07-30,FRI,1.16,299,346.84,89
A001,A,apple,2021-07-31,SAT,1.16,330,382.8,83
A001,A,apple,2021-08-01,SUN,1.16,325,377,87.9
A001,A,apple,2021-08-02,MON,1.16,295,342.2,77.6
A001,A,apple,2021-08-03,TUE,1.16,302,350.32,77.1
A001,A,apple,2021-08-04,WED,1.16,300,348,69.7
A001,A,apple,2021-08-05,THU,1.18,304,358.72,83.5
A001,A,apple,2021-08-06,FRI,1.18,300,354,80.8
A001,A,apple,2021-08-07,SAT,1.18,329,388.22,82.6
A001,A,apple,2021-08-08,SUN,1.18,329,388.22,80.3
A001,A,apple,2021-08-09,MON,1.18,296,349.28,82
A001,A,apple,2021-08-10,TUE,1.18,299,352.82,77.3
A001,A,apple,2021-08-11,WED,1.18,302,356.36,72.8
A001,A,apple,2021-08-12,THU,1.19,307,365.33,81.6
A001,A,apple,2021-08-13,FRI,1.19,306,364.14,77.6
A001,A,apple,2021-08-14,SAT,1.19,326,387.94,75.3
A001,A,apple,2021-08-15,SUN,1.19,329,391.51,77.9
A001,A,apple,2021-08-16,MON,1.19,301,358.19,76.8
A001,A,apple,2021-08-17,TUE,1.19,298,354.62,81.3
A001,A,apple,2021-08-18,WED,1.19,296,352.24,76.1
A001,A,apple,2021-08-19,THU,1.22,299,364.78,76.5
A001,A,apple,2021-08-20,FRI,1.22,302,368.44,80.6
A001,A,apple,2021-08-21,SAT,1.22,327,398.94,89
A001,A,apple,2021-08-22,SUN,1.22,326,397.72,88.9
A001,A,apple,2021-08-23,MON,1.22,295,359.9,78.6
A001,A,apple,2021-08-24,TUE,1.22,307,374.54,77.1
A001,A,apple,2021-08-25,WED,1.22,299,364.78,80.1
A001,A,apple,2021-08-26,THU,1.21,295,356.95,73.1
A001,A,apple,2021-08-27,FRI,1.21,297,359.37,77.4
A001,A,apple,2021-08-28,SAT,1.21,327,395.67,78.7
A001,A,apple,2021-08-29,SUN,1.21,329,398.09,78.4
A001,A,apple,2021-08-30,MON,1.21,306,370.26,82.2
A001,A,apple,2021-08-31,TUE,1.21,297,359.37,83
A001,A,apple,2021-09-01,WED,1.21,299,361.79,80.1
A001,A,apple,2021-09-02,THU,1.24,296,367.04,78.9
A001,A,apple,2021-09-03,FRI,1.24,303,375.72,74.4
A001,A,apple,2021-09-04,SAT,1.24,329,407.96,83.1
A001,A,apple,2021-09-05,SUN,1.24,328,406.72,76.9
A001,A,apple,2021-09-06,MON,1.24,299,370.76,75.5
A001,A,apple,2021-09-07,TUE,1.24,305,378.2,66.7
A001,A,apple,2021-09-08,WED,1.24,305,378.2,63
A001,A,apple,2021-09-09,THU,1.24,304,376.96,85.9
A001,A,apple,2021-09-10,FRI,1.24,305,378.2,87.5
A001,A,apple,2021-09-11,SAT,1.24,329,407.96,76.1
A001,A,apple,2021-09-12,SUN,1.24,326,404.24,75.5
A001,A,apple,2021-09-13,MON,1.24,296,367.04,77.8
A001,A,apple,2021-09-14,TUE,1.24,302,374.48,94.1
A001,A,apple,2021-09-15,WED,1.24,300,372,84.2
A001,A,apple,2021-09-16,THU,1.26,297,374.22,83.4
A001,A,apple,2021-09-17,FRI,1.26,300,378,83.2
A001,A,apple,2021-09-18,SAT,1.26,330,415.8,78.4
A001,A,apple,2021-09-19,SUN,1.26,329,414.54,88.7
A001,A,apple,2021-09-20,MON,1.26,301,379.26,82
A001,A,apple,2021-09-21,TUE,1.26,297,374.22,80
A001,A,apple,2021-09-22,WED,1.26,305,384.3,81.8
A001,A,apple,2021-09-23,THU,1.28,299,382.72,77.4
A001,A,apple,2021-09-24,FRI,1.28,304,389.12,80.8
A001,A,apple,2021-09-25,SAT,1.28,327,418.56,91.7
A001,A,apple,2021-09-26,SUN,1.28,328,419.84,83.3
A001,A,apple,2021-09-27,MON,1.28,296,378.88,76.7
A001,A,apple,2021-09-28,TUE,1.28,305,390.4,85.1
A001,A,apple,2021-09-29,WED,1.28,300,384,76.5
A001,A,apple,2021-09-30,THU,1.28,304,389.12,88.3
A001,A,banana,2021-04-01,THU,2.77,264,731.28,81.7
A001,A,banana,2021-04-02,FRI,2.77,261,722.97,70.6
A001,A,banana,2021-04-03,SAT,2.77,290,803.3,72.7
A001,A,banana,2021-04-04,SUN,2.77,291,806.07,70
A001,A,banana,2021-04-05,MON,2.77,268,742.36,50
A001,A,banana,2021-04-06,TUE,2.77,269,745.13,62.1
A001,A,banana,2021-04-07,WED,2.77,262,725.74,63.6
A001,A,banana,2021-04-08,THU,2.78,262,728.36,67.9
A001,A,banana,2021-04-09,FRI,2.78,266,739.48,81.3
A001,A,banana,2021-04-10,SAT,2.78,290,806.2,81.7
A001,A,banana,2021-04-11,SUN,2.78,288,800.64,75.8
A001,A,banana,2021-04-12,MON,2.78,266,739.48,64.1
A001,A,banana,2021-04-13,TUE,2.78,267,742.26,54.2
A001,A,banana,2021-04-14,WED,2.78,260,722.8,59.8
A001,A,banana,2021-04-15,THU,2.8,262,733.6,70.3
A001,A,banana,2021-04-16,FRI,2.8,270,756,70.8
A001,A,banana,2021-04-17,SAT,2.8,291,814.8,57.3
A001,A,banana,2021-04-18,SUN,2.8,289,809.2,55.7
A001,A,banana,2021-04-19,MON,2.8,266,744.8,66.6
A001,A,banana,2021-04-20,TUE,2.8,266,744.8,68.4
A001,A,banana,2021-04-21,WED,2.8,263,736.4,73.7
A001,A,banana,2021-04-22,THU,2.81,262,736.22,62.8
A001,A,banana,2021-04-23,FRI,2.81,262,736.22,60.2
A001,A,banana,2021-04-24,SAT,2.81,290,814.9,58.6
A001,A,banana,2021-04-25,SUN,2.81,287,806.47,70.3
A001,A,banana,2021-04-26,MON,2.81,269,755.89,60.3
A001,A,banana,2021-04-27,TUE,2.81,263,739.03,68.9
A001,A,banana,2021-04-28,WED,2.81,265,744.65,66.9
A001,A,banana,2021-04-29,THU,2.84,270,766.8,68.4
A001,A,banana,2021-04-30,FRI,2.84,270,766.8,65.9
A001,A,banana,2021-05-01,SAT,2.84,290,823.6,69.4
A001,A,banana,2021-05-02,SUN,2.84,290,823.6,63.4
A001,A,banana,2021-05-03,MON,2.84,260,738.4,76.6
A001,A,banana,2021-05-04,TUE,2.84,263,746.92,72
A001,A,banana,2021-05-05,WED,2.84,264,749.76,77
A001,A,banana,2021-05-06,THU,2.83,270,764.1,71.7
A001,A,banana,2021-05-07,FRI,2.83,269,761.27,61.3
A001,A,banana,2021-05-08,SAT,2.83,288,815.04,83.4
A001,A,banana,2021-05-09,SUN,2.83,287,812.21,76
A001,A,banana,2021-05-10,MON,2.83,265,749.95,73.5
A001,A,banana,2021-05-11,TUE,2.83,260,735.8,72.5
A001,A,banana,2021-05-12,WED,2.83,260,735.8,70
A001,A,banana,2021-05-13,THU,2.83,266,752.78,87.9
A001,A,banana,2021-05-14,FRI,2.83,263,744.29,84.6
A001,A,banana,2021-05-15,SAT,2.83,289,817.87,90.2
A001,A,banana,2021-05-16,SUN,2.83,287,812.21,84
A001,A,banana,2021-05-17,MON,2.83,270,764.1,82.9
A001,A,banana,2021-05-18,TUE,2.83,261,738.63,78.9
A001,A,banana,2021-05-19,WED,2.83,270,764.1,74.8
A001,A,banana,2021-05-20,THU,2.83,266,752.78,81.9
A001,A,banana,2021-05-21,FRI,2.83,266,752.78,81.8
A001,A,banana,2021-05-22,SAT,2.83,290,820.7,83.3
A001,A,banana,2021-05-23,SUN,2.83,290,820.7,80.2
A001,A,banana,2021-05-24,MON,2.83,261,738.63,84.4
A001,A,banana,2021-05-25,TUE,2.83,266,752.78,75.7
A001,A,banana,2021-05-26,WED,2.83,269,761.27,79.4
A001,A,banana,2021-05-27,THU,2.84,264,749.76,75.3
A001,A,banana,2021-05-28,FRI,2.84,266,755.44,74.9
A001,A,banana,2021-05-29,SAT,2.84,286,812.24,65.5
A001,A,banana,2021-05-30,SUN,2.84,290,823.6,78.2
A001,A,banana,2021-05-31,MON,2.84,261,741.24,74.8
A001,A,banana,2021-06-01,TUE,2.84,270,766.8,62.7
A001,A,banana,2021-06-02,WED,2.84,262,744.08,63.1
A001,A,banana,2021-06-03,THU,2.83,266,752.78,74.6
A001,A,banana,2021-06-04,FRI,2.83,268,758.44,86.2
A001,A,banana,2021-06-05,SAT,2.83,290,820.7,69.4
A001,A,banana,2021-06-06,SUN,2.83,288,815.04,76.6
A001,A,banana,2021-06-07,MON,2.83,262,741.46,76.9
A001,A,banana,2021-06-08,TUE,2.83,261,738.63,68.2
A001,A,banana,2021-06-09,WED,2.83,269,761.27,68.3
A001,A,banana,2021-06-10,THU,2.83,270,764.1,79.6
A001,A,banana,2021-06-11,FRI,2.83,264,747.12,76.8
A001,A,banana,2021-06-12,SAT,2.83,291,823.53,69.2
A001,A,banana,2021-06-13,SUN,2.83,291,823.53,65.4
A001,A,banana,2021-06-14,MON,2.83,270,764.1,66.9
A001,A,banana,2021-06-15,TUE,2.83,260,735.8,63.2
A001,A,banana,2021-06-16,WED,2.83,268,758.44,69.7
A001,A,banana,2021-06-17,THU,2.84,260,738.4,89.3
A001,A,banana,2021-06-18,FRI,2.84,268,761.12,95.7
A001,A,banana,2021-06-19,SAT,2.84,289,820.76,91.6
A001,A,banana,2021-06-20,SUN,2.84,288,817.92,92.9
A001,A,banana,2021-06-21,MON,2.84,270,766.8,85.6
A001,A,banana,2021-06-22,TUE,2.84,260,738.4,73.7
A001,A,banana,2021-06-23,WED,2.84,261,741.24,68.9
A001,A,banana,2021-06-24,THU,2.83,267,755.61,85.9
A001,A,banana,2021-06-25,FRI,2.83,267,755.61,81.6
A001,A,banana,2021-06-26,SAT,2.83,288,815.04,81.8
A001,A,banana,2021-06-27,SUN,2.83,288,815.04,89.3
A001,A,banana,2021-06-28,MON,2.83,264,747.12,96.9
A001,A,banana,2021-06-29,TUE,2.83,266,752.78,86.8
A001,A,banana,2021-06-30,WED,2.83,266,752.78,82.1
A001,A,banana,2021-07-01,THU,2.83,261,738.63,75.1
A001,A,banana,2021-07-02,FRI,2.83,262,741.46,77.7
A001,A,banana,2021-07-03,SAT,2.83,290,820.7,83.3
A001,A,banana,2021-07-04,SUN,2.83,286,809.38,87
A001,A,banana,2021-07-05,MON,2.83,260,735.8,77.6
A001,A,banana,2021-07-06,TUE,2.83,264,747.12,83.8
A001,A,banana,2021-07-07,WED,2.83,265,749.95,80.4
A001,A,banana,2021-07-08,THU,2.84,270,766.8,80.7
A001,A,banana,2021-07-09,FRI,2.84,270,766.8,82.4
A001,A,banana,2021-07-10,SAT,2.84,291,826.44,82.1
A001,A,banana,2021-07-11,SUN,2.84,291,826.44,82.3
A001,A,banana,2021-07-12,MON,2.84,261,741.24,84.2
A001,A,banana,2021-07-13,TUE,2.84,264,749.76,82
A001,A,banana,2021-07-14,WED,2.84,267,758.28,75
A001,A,banana,2021-07-15,THU,2.83,260,735.8,79.4
A001,A,banana,2021-07-16,FRI,2.83,264,747.12,71.6
A001,A,banana,2021-07-17,SAT,2.83,291,823.53,66.3
A001,A,banana,2021-07-18,SUN,2.83,291,823.53,66.4
A001,A,banana,2021-07-19,MON,2.83,266,752.78,72.2
A001,A,banana,2021-07-20,TUE,2.83,263,744.29,73.4
A001,A,banana,2021-07-21,WED,2.83,264,747.12,77.3
A001,A,banana,2021-07-22,THU,2.86,261,746.46,69.6
A001,A,banana,2021-07-23,FRI,2.86,266,760.76,78.7
A001,A,banana,2021-07-24,SAT,2.86,289,826.54,82
A001,A,banana,2021-07-25,SUN,2.86,290,829.4,89.1
A001,A,banana,2021-07-26,MON,2.86,261,746.46,75.5
A001,A,banana,2021-07-27,TUE,2.86,268,766.48,80.9
A001,A,banana,2021-07-28,WED,2.86,268,766.48,80.7
A001,A,banana,2021-07-29,THU,2.85,263,749.55,67.8
A001,A,banana,2021-07-30,FRI,2.85,260,741,89
A001,A,banana,2021-07-31,SAT,2.85,290,826.5,83
A001,A,banana,2021-08-01,SUN,2.85,290,826.5,87.9
A001,A,banana,2021-08-02,MON,2.85,266,758.1,77.6
A001,A,banana,2021-08-03,TUE,2.85,268,763.8,77.1
A001,A,banana,2021-08-04,WED,2.85,261,743.85,69.7
A001,A,banana,2021-08-05,THU,2.85,265,755.25,83.5
A001,A,banana,2021-08-06,FRI,2.85,261,743.85,80.8
A001,A,banana,2021-08-07,SAT,2.85,290,826.5,82.6
A001,A,banana,2021-08-08,SUN,2.85,291,829.35,80.3
A001,A,banana,2021-08-09,MON,2.85,260,741,82
A001,A,banana,2021-08-10,TUE,2.85,262,746.7,77.3
A001,A,banana,2021-08-11,WED,2.85,269,766.65,72.8
A001,A,banana,2021-08-12,THU,2.84,264,749.76,81.6
A001,A,banana,2021-08-13,FRI,2.84,270,766.8,77.6
A001,A,banana,2021-08-14,SAT,2.84,290,823.6,75.3
A001,A,banana,2021-08-15,SUN,2.84,287,815.08,77.9
A001,A,banana,2021-08-16,MON,2.84,267,758.28,76.8
A001,A,banana,2021-08-17,TUE,2.84,267,758.28,81.3
A001,A,banana,2021-08-18,WED,2.84,264,749.76,76.1
A001,A,banana,2021-08-19,THU,2.87,266,763.42,76.5
A001,A,banana,2021-08-20,FRI,2.87,269,772.03,80.6
A001,A,banana,2021-08-21,SAT,2.87,290,832.3,89
A001,A,banana,2021-08-22,SUN,2.87,289,829.43,88.9
A001,A,banana,2021-08-23,MON,2.87,269,772.03,78.6
A001,A,banana,2021-08-24,TUE,2.87,267,766.29,77.1
A001,A,banana,2021-08-25,WED,2.87,268,769.16,80.1
A001,A,banana,2021-08-26,THU,2.87,267,766.29,73.1
A001,A,banana,2021-08-27,FRI,2.87,260,746.2,77.4
A001,A,banana,2021-08-28,SAT,2.87,287,823.69,78.7
A001,A,banana,2021-08-29,SUN,2.87,291,835.17,78.4
A001,A,banana,2021-08-30,MON,2.87,264,757.68,82.2
A001,A,banana,2021-08-31,TUE,2.87,263,754.81,83
A001,A,banana,2021-09-01,WED,2.87,263,754.81,80.1
A001,A,banana,2021-09-02,THU,2.87,264,757.68,78.9
A001,A,banana,2021-09-03,FRI,2.87,268,769.16,74.4
A001,A,banana,2021-09-04,SAT,2.87,290,832.3,83.1
A001,A,banana,2021-09-05,SUN,2.87,287,823.69,76.9
A001,A,banana,2021-09-06,MON,2.87,263,754.81,75.5
A001,A,banana,2021-09-07,TUE,2.87,261,749.07,66.7
A001,A,banana,2021-09-08,WED,2.87,267,766.29,63
A001,A,banana,2021-09-09,THU,2.89,261,754.29,85.9
A001,A,banana,2021-09-10,FRI,2.89,267,771.63,87.5
A001,A,banana,2021-09-11,SAT,2.89,287,829.43,76.1
A001,A,banana,2021-09-12,SUN,2.89,287,829.43,75.5
A001,A,banana,2021-09-13,MON,2.89,268,774.52,77.8
A001,A,banana,2021-09-14,TUE,2.89,264,762.96,94.1
A001,A,banana,2021-09-15,WED,2.89,262,757.18,84.2
A001,A,banana,2021-09-16,THU,2.92,260,759.2,83.4
A001,A,banana,2021-09-17,FRI,2.92,268,782.56,83.2
A001,A,banana,2021-09-18,SAT,2.92,289,843.88,78.4
A001,A,banana,2021-09-19,SUN,2.92,289,843.88,88.7
A001,A,banana,2021-09-20,MON,2.92,264,770.88,82
A001,A,banana,2021-09-21,TUE,2.92,262,765.04,80
A001,A,banana,2021-09-22,WED,2.92,263,767.96,81.8
A001,A,banana,2021-09-23,THU,2.94,268,787.92,77.4
A001,A,banana,2021-09-24,FRI,2.94,265,779.1,80.8
A001,A,banana,2021-09-25,SAT,2.94,290,852.6,91.7
A001,A,banana,2021-09-26,SUN,2.94,291,855.54,83.3
A001,A,banana,2021-09-27,MON,2.94,265,779.1,76.7
A001,A,banana,2021-09-28,TUE,2.94,262,770.28,85.1
A001,A,banana,2021-09-29,WED,2.94,269,790.86,76.5
A001,A,banana,2021-09-30,THU,2.96,269,796.24,88.3
A001,A,cherry,2021-04-01,THU,6.27,290,1818.3,81.7
A001,A,cherry,2021-04-02,FRI,6.27,292,1830.84,70.6
A001,A,cherry,2021-04-03,SAT,6.27,320,2006.4,72.7
A001,A,cherry,2021-04-04,SUN,6.27,320,2006.4,70
A001,A,cherry,2021-04-05,MON,6.27,294,1843.38,50
A001,A,cherry,2021-04-06,TUE,6.27,291,1824.57,62.1
A001,A,cherry,2021-04-07,WED,6.27,288,1805.76,63.6
A001,A,cherry,2021-04-08,THU,6.27,295,1849.65,67.9
A001,A,cherry,2021-04-09,FRI,6.27,296,1855.92,81.3
A001,A,cherry,2021-04-10,SAT,6.27,320,2006.4,81.7
A001,A,cherry,2021-04-11,SUN,6.27,320,2006.4,75.8
A001,A,cherry,2021-04-12,MON,6.27,297,1862.19,64.1
A001,A,cherry,2021-04-13,TUE,6.27,290,1818.3,54.2
A001,A,cherry,2021-04-14,WED,6.27,297,1862.19,59.8
A001,A,cherry,2021-04-15,THU,6.26,290,1815.4,70.3
A001,A,cherry,2021-04-16,FRI,6.26,291,1821.66,70.8
A001,A,cherry,2021-04-17,SAT,6.26,316,1978.16,57.3
A001,A,cherry,2021-04-18,SUN,6.26,316,1978.16,55.7
A001,A,cherry,2021-04-19,MON,6.26,291,1821.66,66.6
A001,A,cherry,2021-04-20,TUE,6.26,293,1834.18,68.4
A001,A,cherry,2021-04-21,WED,6.26,296,1852.96,73.7
A001,A,cherry,2021-04-22,THU,6.26,297,1859.22,62.8
A001,A,cherry,2021-04-23,FRI,6.26,292,1827.92,60.2
A001,A,cherry,2021-04-24,SAT,6.26,315,1971.9,58.6
A001,A,cherry,2021-04-25,SUN,6.26,321,2009.46,70.3
A001,A,cherry,2021-04-26,MON,6.26,292,1827.92,60.3
A001,A,cherry,2021-04-27,TUE,6.26,290,1815.4,68.9
A001,A,cherry,2021-04-28,WED,6.26,291,1821.66,66.9
A001,A,cherry,2021-04-29,THU,6.27,289,1812.03,68.4
A001,A,cherry,2021-04-30,FRI,6.27,298,1868.46,65.9
A001,A,cherry,2021-05-01,SAT,6.27,316,1981.32,69.4
A001,A,cherry,2021-05-02,SUN,6.27,316,1981.32,63.4
A001,A,cherry,2021-05-03,MON,6.27,289,1812.03,76.6
A001,A,cherry,2021-05-04,TUE,6.27,286,1793.22,72
A001,A,cherry,2021-05-05,WED,6.27,290,1818.3,77
A001,A,cherry,2021-05-06,THU,6.28,292,1833.76,71.7
A001,A,cherry,2021-05-07,FRI,6.28,295,1852.6,61.3
A001,A,cherry,2021-05-08,SAT,6.28,318,1997.04,83.4
A001,A,cherry,2021-05-09,SUN,6.28,317,1990.76,76
A001,A,cherry,2021-05-10,MON,6.28,291,1827.48,73.5
A001,A,cherry,2021-05-11,TUE,6.28,288,1808.64,72.5
A001,A,cherry,2021-05-12,WED,6.28,293,1840.04,70
A001,A,cherry,2021-05-13,THU,6.31,294,1855.14,87.9
A001,A,cherry,2021-05-14,FRI,6.31,296,1867.76,84.6
A001,A,cherry,2021-05-15,SAT,6.31,317,2000.27,90.2
A001,A,cherry,2021-05-16,SUN,6.31,316,1993.96,84
A001,A,cherry,2021-05-17,MON,6.31,295,1861.45,82.9
A001,A,cherry,2021-05-18,TUE,6.31,292,1842.52,78.9
A001,A,cherry,2021-05-19,WED,6.31,296,1867.76,74.8
A001,A,cherry,2021-05-20,THU,6.33,295,1867.35,81.9
A001,A,cherry,2021-05-21,FRI,6.33,287,1816.71,81.8
A001,A,cherry,2021-05-22,SAT,6.33,319,2019.27,83.3
A001,A,cherry,2021-05-23,SUN,6.33,321,2031.93,80.2
A001,A,cherry,2021-05-24,MON,6.33,297,1880.01,84.4
A001,A,cherry,2021-05-25,TUE,6.33,288,1823.04,75.7
A001,A,cherry,2021-05-26,WED,6.33,288,1823.04,79.4
A001,A,cherry,2021-05-27,THU,6.35,294,1866.9,75.3
A001,A,cherry,2021-05-28,FRI,6.35,288,1828.8,74.9
A001,A,cherry,2021-05-29,SAT,6.35,320,2032,65.5
A001,A,cherry,2021-05-30,SUN,6.35,317,2012.95,78.2
A001,A,cherry,2021-05-31,MON,6.35,294,1866.9,74.8
A001,A,cherry,2021-06-01,TUE,6.35,296,1879.6,62.7
A001,A,cherry,2021-06-02,WED,6.35,295,1873.25,63.1
A001,A,cherry,2021-06-03,THU,6.36,297,1888.92,74.6
A001,A,cherry,2021-06-04,FRI,6.36,286,1818.96,86.2
A001,A,cherry,2021-06-05,SAT,6.36,317,2016.12,69.4
A001,A,cherry,2021-06-06,SUN,6.36,317,2016.12,76.6
A001,A,cherry,2021-06-07,MON,6.36,296,1882.56,76.9
A001,A,cherry,2021-06-08,TUE,6.36,291,1850.76,68.2
A001,A,cherry,2021-06-09,WED,6.36,288,1831.68,68.3
A001,A,cherry,2021-06-10,THU,6.37,296,1885.52,79.6
A001,A,cherry,2021-06-11,FRI,6.37,297,1891.89,76.8
A001,A,cherry,2021-06-12,SAT,6.37,318,2025.66,69.2
A001,A,cherry,2021-06-13,SUN,6.37,316,2012.92,65.4
A001,A,cherry,2021-06-14,MON,6.37,290,1847.3,66.9
A001,A,cherry,2021-06-15,TUE,6.37,298,1898.26,63.2
A001,A,cherry,2021-06-16,WED,6.37,294,1872.78,69.7
A001,A,cherry,2021-06-17,THU,6.37,290,1847.3,89.3
A001,A,cherry,2021-06-18,FRI,6.37,287,1828.19,95.7
A001,A,cherry,2021-06-19,SAT,6.37,321,2044.77,91.6
A001,A,cherry,2021-06-20,SUN,6.37,318,2025.66,92.9
A001,A,cherry,2021-06-21,MON,6.37,289,1840.93,85.6
A001,A,cherry,2021-06-22,TUE,6.37,290,1847.3,73.7
A001,A,cherry,2021-06-23,WED,6.37,294,1872.78,68.9
A001,A,cherry,2021-06-24,THU,6.37,293,1866.41,85.9
A001,A,cherry,2021-06-25,FRI,6.37,298,1898.26,81.6
A001,A,cherry,2021-06-26,SAT,6.37,320,2038.4,81.8
A001,A,cherry,2021-06-27,SUN,6.37,320,2038.4,89.3
A001,A,cherry,2021-06-28,MON,6.37,286,1821.82,96.9
A001,A,cherry,2021-06-29,TUE,6.37,292,1860.04,86.8
A001,A,cherry,2021-06-30,WED,6.37,297,1891.89,82.1
A001,A,cherry,2021-07-01,THU,6.36,289,1838.04,75.1
A001,A,cherry,2021-07-02,FRI,6.36,288,1831.68,77.7
A001,A,cherry,2021-07-03,SAT,6.36,318,2022.48,83.3
A001,A,cherry,2021-07-04,SUN,6.36,315,2003.4,87
A001,A,cherry,2021-07-05,MON,6.36,293,1863.48,77.6
A001,A,cherry,2021-07-06,TUE,6.36,295,1876.2,83.8
A001,A,cherry,2021-07-07,WED,6.36,288,1831.68,80.4
A001,A,cherry,2021-07-08,THU,6.36,297,1888.92,80.7
A001,A,cherry,2021-07-09,FRI,6.36,296,1882.56,82.4
A001,A,cherry,2021-07-10,SAT,6.36,316,2009.76,82.1
A001,A,cherry,2021-07-11,SUN,6.36,319,2028.84,82.3
A001,A,cherry,2021-07-12,MON,6.36,296,1882.56,84.2
A001,A,cherry,2021-07-13,TUE,6.36,287,1825.32,82
A001,A,cherry,2021-07-14,WED,6.36,289,1838.04,75
A001,A,cherry,2021-07-15,THU,6.38,287,1831.06,79.4
A001,A,cherry,2021-07-16,FRI,6.38,288,1837.44,71.6
A001,A,cherry,2021-07-17,SAT,6.38,317,2022.46,66.3
A001,A,cherry,2021-07-18,SUN,6.38,321,2047.98,66.4
A001,A,cherry,2021-07-19,MON,6.38,297,1894.86,72.2
A001,A,cherry,2021-07-20,TUE,6.38,292,1862.96,73.4
A001,A,cherry,2021-07-21,WED,6.38,296,1888.48,77.3
A001,A,cherry,2021-07-22,THU,6.39,296,1891.44,69.6
A001,A,cherry,2021-07-23,FRI,6.39,294,1878.66,78.7
A001,A,cherry,2021-07-24,SAT,6.39,320,2044.8,82
A001,A,cherry,2021-07-25,SUN,6.39,317,2025.63,89.1
A001,A,cherry,2021-07-26,MON,6.39,289,1846.71,75.5
A001,A,cherry,2021-07-27,TUE,6.39,295,1885.05,80.9
A001,A,cherry,2021-07-28,WED,6.39,287,1833.93,80.7
A001,A,cherry,2021-07-29,THU,6.4,294,1881.6,67.8
A001,A,cherry,2021-07-30,FRI,6.4,297,1900.8,89
A001,A,cherry,2021-07-31,SAT,6.4,319,2041.6,83
A001,A,cherry,2021-08-01,SUN,6.4,320,2048,87.9
A001,A,cherry,2021-08-02,MON,6.4,296,1894.4,77.6
A001,A,cherry,2021-08-03,TUE,6.4,287,1836.8,77.1
A001,A,cherry,2021-08-04,WED,6.4,297,1900.8,69.7
A001,A,cherry,2021-08-05,THU,6.43,287,1845.41,83.5
A001,A,cherry,2021-08-06,FRI,6.43,296,1903.28,80.8
A001,A,cherry,2021-08-07,SAT,6.43,317,2038.31,82.6
A001,A,cherry,2021-08-08,SUN,6.43,318,2044.74,80.3
A001,A,cherry,2021-08-09,MON,6.43,297,1909.71,82
A001,A,cherry,2021-08-10,TUE,6.43,292,1877.56,77.3
A001,A,cherry,2021-08-11,WED,6.43,289,1858.27,72.8
A001,A,cherry,2021-08-12,THU,6.43,292,1877.56,81.6
A001,A,cherry,2021-08-13,FRI,6.43,293,1883.99,77.6
A001,A,cherry,2021-08-14,SAT,6.43,320,2057.6,75.3
A001,A,cherry,2021-08-15,SUN,6.43,317,2038.31,77.9
A001,A,cherry,2021-08-16,MON,6.43,291,1871.13,76.8
A001,A,cherry,2021-08-17,TUE,6.43,297,1909.71,81.3
A001,A,cherry,2021-08-18,WED,6.43,294,1890.42,76.1
A001,A,cherry,2021-08-19,THU,6.44,287,1848.28,76.5
A001,A,cherry,2021-08-20,FRI,6.44,294,1893.36,80.6
A001,A,cherry,2021-08-21,SAT,6.44,321,2067.24,89
A001,A,cherry,2021-08-22,SUN,6.44,318,2047.92,88.9
A001,A,cherry,2021-08-23,MON,6.44,289,1861.16,78.6
A001,A,cherry,2021-08-24,TUE,6.44,286,1841.84,77.1
A001,A,cherry,2021-08-25,WED,6.44,290,1867.6,80.1
A001,A,cherry,2021-08-26,THU,6.43,289,1858.27,73.1
A001,A,cherry,2021-08-27,FRI,6.43,292,1877.56,77.4
A001,A,cherry,2021-08-28,SAT,6.43,321,2064.03,78.7
A001,A,cherry,2021-08-29,SUN,6.43,320,2057.6,78.4
A001,A,cherry,2021-08-30,MON,6.43,288,1851.84,82.2
A001,A,cherry,2021-08-31,TUE,6.43,289,1858.27,83
A001,A,cherry,2021-09-01,WED,6.43,289,1858.27,80.1
A001,A,cherry,2021-09-02,THU,6.43,287,1845.41,78.9
A001,A,cherry,2021-09-03,FRI,6.43,296,1903.28,74.4
A001,A,cherry,2021-09-04,SAT,6.43,317,2038.31,83.1
A001,A,cherry,2021-09-05,SUN,6.43,320,2057.6,76.9
A001,A,cherry,2021-09-06,MON,6.43,288,1851.84,75.5
A001,A,cherry,2021-09-07,TUE,6.43,289,1858.27,66.7
A001,A,cherry,2021-09-08,WED,6.43,286,1838.98,63
A001,A,cherry,2021-09-09,THU,6.45,293,1889.85,85.9
A001,A,cherry,2021-09-10,FRI,6.45,292,1883.4,87.5
A001,A,cherry,2021-09-11,SAT,6.45,318,2051.1,76.1
A001,A,cherry,2021-09-12,SUN,6.45,318,2051.1,75.5
A001,A,cherry,2021-09-13,MON,6.45,290,1870.5,77.8
A001,A,cherry,2021-09-14,TUE,6.45,293,1889.85,94.1
A001,A,cherry,2021-09-15,WED,6.45,288,1857.6,84.2
A001,A,cherry,2021-09-16,THU,6.46,290,1873.4,83.4
A001,A,cherry,2021-09-17,FRI,6.46,292,1886.32,83.2
A001,A,cherry,2021-09-18,SAT,6.46,321,2073.66,78.4
A001,A,cherry,2021-09-19,SUN,6.46,320,2067.2,88.7
A001,A,cherry,2021-09-20,MON,6.46,289,1866.94,82
A001,A,cherry,2021-09-21,TUE,6.46,290,1873.4,80
A001,A,cherry,2021-09-22,WED,6.46,291,1879.86,81.8
A001,A,cherry,2021-09-23,THU,6.47,292,1889.24,77.4
A001,A,cherry,2021-09-24,FRI,6.47,295,1908.65,80.8
A001,A,cherry,2021-09-25,SAT,6.47,317,2050.99,91.7
A001,A,cherry,2021-09-26,SUN,6.47,319,2063.93,83.3
A001,A,cherry,2021-09-27,MON,6.47,292,1889.24,76.7
A001,A,cherry,2021-09-28,TUE,6.47,293,1895.71,85.1
A001,A,cherry,2021-09-29,WED,6.47,291,1882.77,76.5
A001,A,cherry,2021-09-30,THU,6.48,287,1859.76,88.3
A002,A,apple,2021-04-01,THU,0.92,406,373.52,81.7
A002,A,apple,2021-04-02,FRI,0.92,415,381.8,70.6
A002,A,apple,2021-04-03,SAT,0.92,451,414.92,72.7
A002,A,apple,2021-04-04,SUN,0.92,455,418.6,70
A002,A,apple,2021-04-05,MON,0.92,414,380.88,50
A002,A,apple,2021-04-06,TUE,0.92,416,382.72,62.1
A002,A,apple,2021-04-07,WED,0.92,411,378.12,63.6
A002,A,apple,2021-04-08,THU,0.91,421,383.11,67.9
A002,A,apple,2021-04-09,FRI,0.91,412,374.92,81.3
A002,A,apple,2021-04-10,SAT,0.91,453,412.23,81.7
A002,A,apple,2021-04-11,SUN,0.91,448,407.68,75.8
A002,A,apple,2021-04-12,MON,0.91,419,381.29,64.1
A002,A,apple,2021-04-13,TUE,0.91,421,383.11,54.2
A002,A,apple,2021-04-14,WED,0.91,420,382.2,59.8
A002,A,apple,2021-04-15,THU,0.91,408,371.28,70.3
A002,A,apple,2021-04-16,FRI,0.91,406,369.46,70.8
A002,A,apple,2021-04-17,SAT,0.91,454,413.14,57.3
A002,A,apple,2021-04-18,SUN,0.91,448,407.68,55.7
A002,A,apple,2021-04-19,MON,0.91,416,378.56,66.6
A002,A,apple,2021-04-20,TUE,0.91,415,377.65,68.4
A002,A,apple,2021-04-21,WED,0.91,414,376.74,73.7
A002,A,apple,2021-04-22,THU,0.92,411,378.12,62.8
A002,A,apple,2021-04-23,FRI,0.92,415,381.8,60.2
A002,A,apple,2021-04-24,SAT,0.92,450,414,58.6
A002,A,apple,2021-04-25,SUN,0.92,451,414.92,70.3
A002,A,apple,2021-04-26,MON,0.92,413,379.96,60.3
A002,A,apple,2021-04-27,TUE,0.92,412,379.04,68.9
A002,A,apple,2021-04-28,WED,0.92,417,383.64,66.9
A002,A,apple,2021-04-29,THU,0.95,407,386.65,68.4
A002,A,apple,2021-04-30,FRI,0.95,418,397.1,65.9
A002,A,apple,2021-05-01,SAT,0.95,448,425.6,69.4
A002,A,apple,2021-05-02,SUN,0.95,454,431.3,63.4
A002,A,apple,2021-05-03,MON,0.95,414,393.3,76.6
A002,A,apple,2021-05-04,TUE,0.95,413,392.35,72
A002,A,apple,2021-05-05,WED,0.95,406,385.7,77
A002,A,apple,2021-05-06,THU,0.97,421,408.37,71.7
A002,A,apple,2021-05-07,FRI,0.97,411,398.67,61.3
A002,A,apple,2021-05-08,SAT,0.97,452,438.44,83.4
A002,A,apple,2021-05-09,SUN,0.97,448,434.56,76
A002,A,apple,2021-05-10,MON,0.97,420,407.4,73.5
A002,A,apple,2021-05-11,TUE,0.97,417,404.49,72.5
A002,A,apple,2021-05-12,WED,0.97,413,400.61,70
A002,A,apple,2021-05-13,THU,0.99,410,405.9,87.9
A002,A,apple,2021-05-14,FRI,0.99,419,414.81,84.6
A002,A,apple,2021-05-15,SAT,0.99,454,449.46,90.2
A002,A,apple,2021-05-16,SUN,0.99,449,444.51,84
A002,A,apple,2021-05-17,MON,0.99,407,402.93,82.9
A002,A,apple,2021-05-18,TUE,0.99,407,402.93,78.9
A002,A,apple,2021-05-19,WED,0.99,412,407.88,74.8
A002,A,apple,2021-05-20,THU,1.01,418,422.18,81.9
A002,A,apple,2021-05-21,FRI,1.01,408,412.08,81.8
A002,A,apple,2021-05-22,SAT,1.01,450,454.5,83.3
A002,A,apple,2021-05-23,SUN,1.01,450,454.5,80.2
A002,A,apple,2021-05-24,MON,1.01,421,425.21,84.4
A002,A,apple,2021-05-25,TUE,1.01,412,416.12,75.7
A002,A,apple,2021-05-26,WED,1.01,421,425.21,79.4
A002,A,apple,2021-05-27,THU,1.02,412,420.24,75.3
A002,A,apple,2021-05-28,FRI,1.02,411,419.22,74.9
A002,A,apple,2021-05-29,SAT,1.02,451,460.02,65.5
A002,A,apple,2021-05-30,SUN,1.02,450,459,78.2
A002,A,apple,2021-05-31,MON,1.02,407,415.14,74.8
A002,A,apple,2021-06-01,TUE,1.02,410,418.2,62.7
A002,A,apple,2021-06-02,WED,1.02,422,430.44,63.1
A002,A,apple,2021-06-03,THU,1.05,412,432.6,74.6
A002,A,apple,2021-06-04,FRI,1.05,409,429.45,86.2
A002,A,apple,2021-06-05,SAT,1.05,451,473.55,69.4
A002,A,apple,2021-06-06,SUN,1.05,453,475.65,76.6
A002,A,apple,2021-06-07,MON,1.05,416,436.8,76.9
A002,A,apple,2021-06-08,TUE,1.05,421,442.05,68.2
A002,A,apple,2021-06-09,WED,1.05,422,443.1,68.3
A002,A,apple,2021-06-10,THU,1.07,417,446.19,79.6
A002,A,apple,2021-06-11,FRI,1.07,420,449.4,76.8
A002,A,apple,2021-06-12,SAT,1.07,452,483.64,69.2
A002,A,apple,2021-06-13,SUN,1.07,452,483.64,65.4
A002,A,apple,2021-06-14,MON,1.07,411,439.77,66.9
A002,A,apple,2021-06-15,TUE,1.07,413,441.91,63.2
A002,A,apple,2021-06-16,WED,1.07,413,441.91,69.7
A002,A,apple,2021-06-17,THU,1.08,406,438.48,89.3
A002,A,apple,2021-06-18,FRI,1.08,409,441.72,95.7
A002,A,apple,2021-06-19,SAT,1.08,455,491.4,91.6
A002,A,apple,2021-06-20,SUN,1.08,449,484.92,92.9
A002,A,apple,2021-06-21,MON,1.08,411,443.88,85.6
A002,A,apple,2021-06-22,TUE,1.08,412,444.96,73.7
A002,A,apple,2021-06-23,WED,1.08,409,441.72,68.9
A002,A,apple,2021-06-24,THU,1.08,416,449.28,85.9
A002,A,apple,2021-06-25,FRI,1.08,418,451.44,81.6
A002,A,apple,2021-06-26,SAT,1.08,454,490.32,81.8
A002,A,apple,2021-06-27,SUN,1.08,452,488.16,89.3
A002,A,apple,2021-06-28,MON,1.08,408,440.64,96.9
A002,A,apple,2021-06-29,TUE,1.08,418,451.44,86.8
A002,A,apple,2021-06-30,WED,1.08,416,449.28,82.1
A002,A,apple,2021-07-01,THU,1.11,410,455.1,75.1
A002,A,apple,2021-07-02,FRI,1.11,416,461.76,77.7
A002,A,apple,2021-07-03,SAT,1.11,449,498.39,83.3
A002,A,apple,2021-07-04,SUN,1.11,449,498.39,87
A002,A,apple,2021-07-05,MON,1.11,413,458.43,77.6
A002,A,apple,2021-07-06,TUE,1.11,422,468.42,83.8
A002,A,apple,2021-07-07,WED,1.11,411,456.21,80.4
A002,A,apple,2021-07-08,THU,1.13,409,462.17,80.7
A002,A,apple,2021-07-09,FRI,1.13,421,475.73,82.4
A002,A,apple,2021-07-10,SAT,1.13,455,514.15,82.1
A002,A,apple,2021-07-11,SUN,1.13,451,509.63,82.3
A002,A,apple,2021-07-12,MON,1.13,422,476.86,84.2
A002,A,apple,2021-07-13,TUE,1.13,413,466.69,82
A002,A,apple,2021-07-14,WED,1.13,407,459.91,75
A002,A,apple,2021-07-15,THU,1.14,421,479.94,79.4
A002,A,apple,2021-07-16,FRI,1.14,409,466.26,71.6
A002,A,apple,2021-07-17,SAT,1.14,453,516.42,66.3
A002,A,apple,2021-07-18,SUN,1.14,449,511.86,66.4
A002,A,apple,2021-07-19,MON,1.14,418,476.52,72.2
A002,A,apple,2021-07-20,TUE,1.14,411,468.54,73.4
A002,A,apple,2021-07-21,WED,1.14,410,467.4,77.3
A002,A,apple,2021-07-22,THU,1.17,416,486.72,69.6
A002,A,apple,2021-07-23,FRI,1.17,414,484.38,78.7
A002,A,apple,2021-07-24,SAT,1.17,448,524.16,82
A002,A,apple,2021-07-25,SUN,1.17,452,528.84,89.1
A002,A,apple,2021-07-26,MON,1.17,419,490.23,75.5
A002,A,apple,2021-07-27,TUE,1.17,416,486.72,80.9
A002,A,apple,2021-07-28,WED,1.17,412,482.04,80.7
A002,A,apple,2021-07-29,THU,1.2,406,487.2,67.8
A002,A,apple,2021-07-30,FRI,1.2,413,495.6,89
A002,A,apple,2021-07-31,SAT,1.2,448,537.6,83
A002,A,apple,2021-08-01,SUN,1.2,451,541.2,87.9
A002,A,apple,2021-08-02,MON,1.2,417,500.4,77.6
A002,A,apple,2021-08-03,TUE,1.2,411,493.2,77.1
A002,A,apple,2021-08-04,WED,1.2,420,504,69.7
A002,A,apple,2021-08-05,THU,1.22,416,507.52,83.5
A002,A,apple,2021-08-06,FRI,1.22,422,514.84,80.8
A002,A,apple,2021-08-07,SAT,1.22,448,546.56,82.6
A002,A,apple,2021-08-08,SUN,1.22,450,549,80.3
A002,A,apple,2021-08-09,MON,1.22,410,500.2,82
A002,A,apple,2021-08-10,TUE,1.22,418,509.96,77.3
A002,A,apple,2021-08-11,WED,1.22,410,500.2,72.8
A002,A,apple,2021-08-12,THU,1.22,407,496.54,81.6
A002,A,apple,2021-08-13,FRI,1.22,410,500.2,77.6
A002,A,apple,2021-08-14,SAT,1.22,449,547.78,75.3
A002,A,apple,2021-08-15,SUN,1.22,455,555.1,77.9
A002,A,apple,2021-08-16,MON,1.22,420,512.4,76.8
A002,A,apple,2021-08-17,TUE,1.22,416,507.52,81.3
A002,A,apple,2021-08-18,WED,1.22,420,512.4,76.1
A002,A,apple,2021-08-19,THU,1.25,412,515,76.5
A002,A,apple,2021-08-20,FRI,1.25,413,516.25,80.6
A002,A,apple,2021-08-21,SAT,1.25,449,561.25,89
A002,A,apple,2021-08-22,SUN,1.25,454,567.5,88.9
A002,A,apple,2021-08-23,MON,1.25,414,517.5,78.6
A002,A,apple,2021-08-24,TUE,1.25,420,525,77.1
A002,A,apple,2021-08-25,WED,1.25,408,510,80.1
A002,A,apple,2021-08-26,THU,1.27,408,518.16,73.1
A002,A,apple,2021-08-27,FRI,1.27,408,518.16,77.4
A002,A,apple,2021-08-28,SAT,1.27,455,577.85,78.7
A002,A,apple,2021-08-29,SUN,1.27,451,572.77,78.4
A002,A,apple,2021-08-30,MON,1.27,410,520.7,82.2
A002,A,apple,2021-08-31,TUE,1.27,408,518.16,83
A002,A,apple,2021-09-01,WED,1.27,413,524.51,80.1
A002,A,apple,2021-09-02,THU,1.29,411,530.19,78.9
A002,A,apple,2021-09-03,FRI,1.29,406,523.74,74.4
A002,A,apple,2021-09-04,SAT,1.29,453,584.37,83.1
A002,A,apple,2021-09-05,SUN,1.29,454,585.66,76.9
A002,A,apple,2021-09-06,MON,1.29,419,540.51,75.5
A002,A,apple,2021-09-07,TUE,1.29,408,526.32,66.7
A002,A,apple,2021-09-08,WED,1.29,409,527.61,63
A002,A,apple,2021-09-09,THU,1.28,420,537.6,85.9
A002,A,apple,2021-09-10,FRI,1.28,411,526.08,87.5
A002,A,apple,2021-09-11,SAT,1.28,454,581.12,76.1
A002,A,apple,2021-09-12,SUN,1.28,452,578.56,75.5
A002,A,apple,2021-09-13,MON,1.28,411,526.08,77.8
A002,A,apple,2021-09-14,TUE,1.28,408,522.24,94.1
A002,A,apple,2021-09-15,WED,1.28,407,520.96,84.2
A002,A,apple,2021-09-16,THU,1.28,412,527.36,83.4
A002,A,apple,2021-09-17,FRI,1.28,415,531.2,83.2
A002,A,apple,2021-09-18,SAT,1.28,452,578.56,78.4
A002,A,apple,2021-09-19,SUN,1.28,447,572.16,88.7
A002,A,apple,2021-09-20,MON,1.28,420,537.6,82
A002,A,apple,2021-09-21,TUE,1.28,422,540.16,80
A002,A,apple,2021-09-22,WED,1.28,421,538.88,81.8
A002,A,apple,2021-09-23,THU,1.27,408,518.16,77.4
A002,A,apple,2021-09-24,FRI,1.27,410,520.7,80.8
A002,A,apple,2021-09-25,SAT,1.27,450,571.5,91.7
A002,A,apple,2021-09-26,SUN,1.27,453,575.31,83.3
A002,A,apple,2021-09-27,MON,1.27,415,527.05,76.7
A002,A,apple,2021-09-28,TUE,1.27,407,516.89,85.1
A002,A,apple,2021-09-29,WED,1.27,410,520.7,76.5
A002,A,apple,2021-09-30,THU,1.3,417,542.1,88.3
A002,A,banana,2021-04-01,THU,2.41,389,937.49,81.7
A002,A,banana,2021-04-02,FRI,2.41,388,935.08,70.6
A002,A,banana,2021-04-03,SAT,2.41,423,1019.43,72.7
A002,A,banana,2021-04-04,SUN,2.41,422,1017.02,70
A002,A,banana,2021-04-05,MON,2.41,395,951.95,50
A002,A,banana,2021-04-06,TUE,2.41,394,949.54,62.1
A002,A,banana,2021-04-07,WED,2.41,383,923.03,63.6
A002,A,banana,2021-04-08,THU,2.42,382,924.44,67.9
A002,A,banana,2021-04-09,FRI,2.42,387,936.54,81.3
A002,A,banana,2021-04-10,SAT,2.42,423,1023.66,81.7
A002,A,banana,2021-04-11,SUN,2.42,421,1018.82,75.8
A002,A,banana,2021-04-12,MON,2.42,389,941.38,64.1
A002,A,banana,2021-04-13,TUE,2.42,383,926.86,54.2
A002,A,banana,2021-04-14,WED,2.42,396,958.32,59.8
A002,A,banana,2021-04-15,THU,2.42,393,951.06,70.3
A002,A,banana,2021-04-16,FRI,2.42,385,931.7,70.8
A002,A,banana,2021-04-17,SAT,2.42,422,1021.24,57.3
A002,A,banana,2021-04-18,SUN,2.42,424,1026.08,55.7
A002,A,banana,2021-04-19,MON,2.42,381,922.02,66.6
A002,A,banana,2021-04-20,TUE,2.42,390,943.8,68.4
A002,A,banana,2021-04-21,WED,2.42,386,934.12,73.7
A002,A,banana,2021-04-22,THU,2.43,386,937.98,62.8
A002,A,banana,2021-04-23,FRI,2.43,382,928.26,60.2
A002,A,banana,2021-04-24,SAT,2.43,425,1032.75,58.6
A002,A,banana,2021-04-25,SUN,2.43,419,1018.17,70.3
A002,A,banana,2021-04-26,MON,2.43,388,942.84,60.3
A002,A,banana,2021-04-27,TUE,2.43,384,933.12,68.9
A002,A,banana,2021-04-28,WED,2.43,393,954.99,66.9
A002,A,banana,2021-04-29,THU,2.45,381,933.45,68.4
A002,A,banana,2021-04-30,FRI,2.45,384,940.8,65.9
A002,A,banana,2021-05-01,SAT,2.45,425,1041.25,69.4
A002,A,banana,2021-05-02,SUN,2.45,422,1033.9,63.4
A002,A,banana,2021-05-03,MON,2.45,383,938.35,76.6
A002,A,banana,2021-05-04,TUE,2.45,382,935.9,72
A002,A,banana,2021-05-05,WED,2.45,381,933.45,77
A002,A,banana,2021-05-06,THU,2.45,385,943.25,71.7
A002,A,banana,2021-05-07,FRI,2.45,388,950.6,61.3
A002,A,banana,2021-05-08,SAT,2.45,425,1041.25,83.4
A002,A,banana,2021-05-09,SUN,2.45,420,1029,76
A002,A,banana,2021-05-10,MON,2.45,383,938.35,73.5
A002,A,banana,2021-05-11,TUE,2.45,396,970.2,72.5
A002,A,banana,2021-05-12,WED,2.45,396,970.2,70
A002,A,banana,2021-05-13,THU,2.46,383,942.18,87.9
A002,A,banana,2021-05-14,FRI,2.46,393,966.78,84.6
A002,A,banana,2021-05-15,SAT,2.46,425,1045.5,90.2
A002,A,banana,2021-05-16,SUN,2.46,425,1045.5,84
A002,A,banana,2021-05-17,MON,2.46,393,966.78,82.9
A002,A,banana,2021-05-18,TUE,2.46,381,937.26,78.9
A002,A,banana,2021-05-19,WED,2.46,392,964.32,74.8
A002,A,banana,2021-05-20,THU,2.45,382,935.9,81.9
A002,A,banana,2021-05-21,FRI,2.45,395,967.75,81.8
A002,A,banana,2021-05-22,SAT,2.45,419,1026.55,83.3
A002,A,banana,2021-05-23,SUN,2.45,424,1038.8,80.2
A002,A,banana,2021-05-24,MON,2.45,389,953.05,84.4
A002,A,banana,2021-05-25,TUE,2.45,391,957.95,75.7
A002,A,banana,2021-05-26,WED,2.45,392,960.4,79.4
A002,A,banana,2021-05-27,THU,2.48,385,954.8,75.3
A002,A,banana,2021-05-28,FRI,2.48,389,964.72,74.9
A002,A,banana,2021-05-29,SAT,2.48,423,1049.04,65.5
A002,A,banana,2021-05-30,SUN,2.48,424,1051.52,78.2
A002,A,banana,2021-05-31,MON,2.48,392,972.16,74.8
A002,A,banana,2021-06-01,TUE,2.48,382,947.36,62.7
A002,A,banana,2021-06-02,WED,2.48,394,977.12,63.1
A002,A,banana,2021-06-03,THU,2.49,394,981.06,74.6
A002,A,banana,2021-06-04,FRI,2.49,391,973.59,86.2
A002,A,banana,2021-06-05,SAT,2.49,421,1048.29,69.4
A002,A,banana,2021-06-06,SUN,2.49,420,1045.8,76.6
A002,A,banana,2021-06-07,MON,2.49,389,968.61,76.9
A002,A,banana,2021-06-08,TUE,2.49,392,976.08,68.2
A002,A,banana,2021-06-09,WED,2.49,391,973.59,68.3
A002,A,banana,2021-06-10,THU,2.49,386,961.14,79.6
A002,A,banana,2021-06-11,FRI,2.49,380,946.2,76.8
A002,A,banana,2021-06-12,SAT,2.49,424,1055.76,69.2
A002,A,banana,2021-06-13,SUN,2.49,421,1048.29,65.4
A002,A,banana,2021-06-14,MON,2.49,384,956.16,66.9
A002,A,banana,2021-06-15,TUE,2.49,387,963.63,63.2
A002,A,banana,2021-06-16,WED,2.49,385,958.65,69.7
A002,A,banana,2021-06-17,THU,2.49,392,976.08,89.3
A002,A,banana,2021-06-18,FRI,2.49,392,976.08,95.7
A002,A,banana,2021-06-19,SAT,2.49,420,1045.8,91.6
A002,A,banana,2021-06-20,SUN,2.49,424,1055.76,92.9
A002,A,banana,2021-06-21,MON,2.49,395,983.55,85.6
A002,A,banana,2021-06-22,TUE,2.49,393,978.57,73.7
A002,A,banana,2021-06-23,WED,2.49,382,951.18,68.9
A002,A,banana,2021-06-24,THU,2.49,394,981.06,85.9
A002,A,banana,2021-06-25,FRI,2.49,387,963.63,81.6
A002,A,banana,2021-06-26,SAT,2.49,426,1060.74,81.8
A002,A,banana,2021-06-27,SUN,2.49,421,1048.29,89.3
A002,A,banana,2021-06-28,MON,2.49,381,948.69,96.9
A002,A,banana,2021-06-29,TUE,2.49,391,973.59,86.8
A002,A,banana,2021-06-30,WED,2.49,391,973.59,82.1
A002,A,banana,2021-07-01,THU,2.52,395,995.4,75.1
A002,A,banana,2021-07-02,FRI,2.52,394,992.88,77.7
A002,A,banana,2021-07-03,SAT,2.52,424,1068.48,83.3
A002,A,banana,2021-07-04,SUN,2.52,425,1071,87
A002,A,banana,2021-07-05,MON,2.52,392,987.84,77.6
A002,A,banana,2021-07-06,TUE,2.52,381,960.12,83.8
A002,A,banana,2021-07-07,WED,2.52,385,970.2,80.4
A002,A,banana,2021-07-08,THU,2.54,385,977.9,80.7
A002,A,banana,2021-07-09,FRI,2.54,394,1000.76,82.4
A002,A,banana,2021-07-10,SAT,2.54,421,1069.34,82.1
A002,A,banana,2021-07-11,SUN,2.54,421,1069.34,82.3
A002,A,banana,2021-07-12,MON,2.54,387,982.98,84.2
A002,A,banana,2021-07-13,TUE,2.54,392,995.68,82
A002,A,banana,2021-07-14,WED,2.54,392,995.68,75
A002,A,banana,2021-07-15,THU,2.53,395,999.35,79.4
A002,A,banana,2021-07-16,FRI,2.53,389,984.17,71.6
A002,A,banana,2021-07-17,SAT,2.53,424,1072.72,66.3
A002,A,banana,2021-07-18,SUN,2.53,427,1080.31,66.4
A002,A,banana,2021-07-19,MON,2.53,384,971.52,72.2
A002,A,banana,2021-07-20,TUE,2.53,396,1001.88,73.4
A002,A,banana,2021-07-21,WED,2.53,394,996.82,77.3
A002,A,banana,2021-07-22,THU,2.54,386,980.44,69.6
A002,A,banana,2021-07-23,FRI,2.54,380,965.2,78.7
A002,A,banana,2021-07-24,SAT,2.54,426,1082.04,82
A002,A,banana,2021-07-25,SUN,2.54,422,1071.88,89.1
A002,A,banana,2021-07-26,MON,2.54,392,995.68,75.5
A002,A,banana,2021-07-27,TUE,2.54,388,985.52,80.9
A002,A,banana,2021-07-28,WED,2.54,391,993.14,80.7
A002,A,banana,2021-07-29,THU,2.56,387,990.72,67.8
A002,A,banana,2021-07-30,FRI,2.56,388,993.28,89
A002,A,banana,2021-07-31,SAT,2.56,420,1075.2,83
A002,A,banana,2021-08-01,SUN,2.56,421,1077.76,87.9
A002,A,banana,2021-08-02,MON,2.56,393,1006.08,77.6
A002,A,banana,2021-08-03,TUE,2.56,394,1008.64,77.1
A002,A,banana,2021-08-04,WED,2.56,391,1000.96,69.7
A002,A,banana,2021-08-05,THU,2.56,393,1006.08,83.5
A002,A,banana,2021-08-06,FRI,2.56,380,972.8,80.8
A002,A,banana,2021-08-07,SAT,2.56,427,1093.12,82.6
A002,A,banana,2021-08-08,SUN,2.56,426,1090.56,80.3
A002,A,banana,2021-08-09,MON,2.56,383,980.48,82
A002,A,banana,2021-08-10,TUE,2.56,394,1008.64,77.3
A002,A,banana,2021-08-11,WED,2.56,393,1006.08,72.8
A002,A,banana,2021-08-12,THU,2.58,394,1016.52,81.6
A002,A,banana,2021-08-13,FRI,2.58,393,1013.94,77.6
A002,A,banana,2021-08-14,SAT,2.58,423,1091.34,75.3
A002,A,banana,2021-08-15,SUN,2.58,425,1096.5,77.9
A002,A,banana,2021-08-16,MON,2.58,395,1019.1,76.8
A002,A,banana,2021-08-17,TUE,2.58,384,990.72,81.3
A002,A,banana,2021-08-18,WED,2.58,394,1016.52,76.1
A002,A,banana,2021-08-19,THU,2.58,395,1019.1,76.5
A002,A,banana,2021-08-20,FRI,2.58,389,1003.62,80.6
A002,A,banana,2021-08-21,SAT,2.58,425,1096.5,89
A002,A,banana,2021-08-22,SUN,2.58,423,1091.34,88.9
A002,A,banana,2021-08-23,MON,2.58,381,982.98,78.6
A002,A,banana,2021-08-24,TUE,2.58,381,982.98,77.1
A002,A,banana,2021-08-25,WED,2.58,390,1006.2,80.1
A002,A,banana,2021-08-26,THU,2.6,385,1001,73.1
A002,A,banana,2021-08-27,FRI,2.6,383,995.8,77.4
A002,A,banana,2021-08-28,SAT,2.6,420,1092,78.7
A002,A,banana,2021-08-29,SUN,2.6,425,1105,78.4
A002,A,banana,2021-08-30,MON,2.6,390,1014,82.2
A002,A,banana,2021-08-31,TUE,2.6,390,1014,83
A002,A,banana,2021-09-01,WED,2.6,386,1003.6,80.1
A002,A,banana,2021-09-02,THU,2.62,387,1013.94,78.9
A002,A,banana,2021-09-03,FRI,2.62,394,1032.28,74.4
A002,A,banana,2021-09-04,SAT,2.62,424,1110.88,83.1
A002,A,banana,2021-09-05,SUN,2.62,426,1116.12,76.9
A002,A,banana,2021-09-06,MON,2.62,394,1032.28,75.5
A002,A,banana,2021-09-07,TUE,2.62,385,1008.7,66.7
A002,A,banana,2021-09-08,WED,2.62,384,1006.08,63
A002,A,banana,2021-09-09,THU,2.65,380,1007,85.9
A002,A,banana,2021-09-10,FRI,2.65,394,1044.1,87.5
A002,A,banana,2021-09-11,SAT,2.65,426,1128.9,76.1
A002,A,banana,2021-09-12,SUN,2.65,420,1113,75.5
A002,A,banana,2021-09-13,MON,2.65,388,1028.2,77.8
A002,A,banana,2021-09-14,TUE,2.65,387,1025.55,94.1
A002,A,banana,2021-09-15,WED,2.65,394,1044.1,84.2
A002,A,banana,2021-09-16,THU,2.64,385,1016.4,83.4
A002,A,banana,2021-09-17,FRI,2.64,387,1021.68,83.2
A002,A,banana,2021-09-18,SAT,2.64,421,1111.44,78.4
A002,A,banana,2021-09-19,SUN,2.64,426,1124.64,88.7
A002,A,banana,2021-09-20,MON,2.64,393,1037.52,82
A002,A,banana,2021-09-21,TUE,2.64,384,1013.76,80
A002,A,banana,2021-09-22,WED,2.64,387,1021.68,81.8
A002,A,banana,2021-09-23,THU,2.67,387,1033.29,77.4
A002,A,banana,2021-09-24,FRI,2.67,383,1022.61,80.8
A002,A,banana,2021-09-25,SAT,2.67,425,1134.75,91.7
A002,A,banana,2021-09-26,SUN,2.67,422,1126.74,83.3
A002,A,banana,2021-09-27,MON,2.67,392,1046.64,76.7
A002,A,banana,2021-09-28,TUE,2.67,393,1049.31,85.1
A002,A,banana,2021-09-29,WED,2.67,387,1033.29,76.5
A002,A,banana,2021-09-30,THU,2.69,395,1062.55,88.3
A002,A,cherry,2021-04-01,THU,5.72,539,3083.08,81.7
A002,A,cherry,2021-04-02,FRI,5.72,547,3128.84,70.6
A002,A,cherry,2021-04-03,SAT,5.72,589,3369.08,72.7
A002,A,cherry,2021-04-04,SUN,5.72,589,3369.08,70
A002,A,cherry,2021-04-05,MON,5.72,552,3157.44,50
A002,A,cherry,2021-04-06,TUE,5.72,552,3157.44,62.1
A002,A,cherry,2021-04-07,WED,5.72,545,3117.4,63.6
A002,A,cherry,2021-04-08,THU,5.73,538,3082.74,67.9
A002,A,cherry,2021-04-09,FRI,5.73,544,3117.12,81.3
A002,A,cherry,2021-04-10,SAT,5.73,588,3369.24,81.7
A002,A,cherry,2021-04-11,SUN,5.73,596,3415.08,75.8
A002,A,cherry,2021-04-12,MON,5.73,553,3168.69,64.1
A002,A,cherry,2021-04-13,TUE,5.73,550,3151.5,54.2
A002,A,cherry,2021-04-14,WED,5.73,537,3077.01,59.8
A002,A,cherry,2021-04-15,THU,5.75,546,3139.5,70.3
A002,A,cherry,2021-04-16,FRI,5.75,552,3174,70.8
A002,A,cherry,2021-04-17,SAT,5.75,592,3404,57.3
A002,A,cherry,2021-04-18,SUN,5.75,591,3398.25,55.7
A002,A,cherry,2021-04-19,MON,5.75,542,3116.5,66.6
A002,A,cherry,2021-04-20,TUE,5.75,547,3145.25,68.4
A002,A,cherry,2021-04-21,WED,5.75,535,3076.25,73.7
A002,A,cherry,2021-04-22,THU,5.77,553,3190.81,62.8
A002,A,cherry,2021-04-23,FRI,5.77,549,3167.73,60.2
A002,A,cherry,2021-04-24,SAT,5.77,595,3433.15,58.6
A002,A,cherry,2021-04-25,SUN,5.77,592,3415.84,70.3
A002,A,cherry,2021-04-26,MON,5.77,554,3196.58,60.3
A002,A,cherry,2021-04-27,TUE,5.77,534,3081.18,68.9
A002,A,cherry,2021-04-28,WED,5.77,540,3115.8,66.9
A002,A,cherry,2021-04-29,THU,5.78,542,3132.76,68.4
A002,A,cherry,2021-04-30,FRI,5.78,543,3138.54,65.9
A002,A,cherry,2021-05-01,SAT,5.78,592,3421.76,69.4
A002,A,cherry,2021-05-02,SUN,5.78,592,3421.76,63.4
A002,A,cherry,2021-05-03,MON,5.78,550,3179,76.6
A002,A,cherry,2021-05-04,TUE,5.78,534,3086.52,72
A002,A,cherry,2021-05-05,WED,5.78,536,3098.08,77
A002,A,cherry,2021-05-06,THU,5.8,547,3172.6,71.7
A002,A,cherry,2021-05-07,FRI,5.8,538,3120.4,61.3
A002,A,cherry,2021-05-08,SAT,5.8,591,3427.8,83.4
A002,A,cherry,2021-05-09,SUN,5.8,595,3451,76
A002,A,cherry,2021-05-10,MON,5.8,543,3149.4,73.5
A002,A,cherry,2021-05-11,TUE,5.8,541,3137.8,72.5
A002,A,cherry,2021-05-12,WED,5.8,546,3166.8,70
A002,A,cherry,2021-05-13,THU,5.79,539,3120.81,87.9
A002,A,cherry,2021-05-14,FRI,5.79,535,3097.65,84.6
A002,A,cherry,2021-05-15,SAT,5.79,592,3427.68,90.2
A002,A,cherry,2021-05-16,SUN,5.79,597,3456.63,84
A002,A,cherry,2021-05-17,MON,5.79,534,3091.86,82.9
A002,A,cherry,2021-05-18,TUE,5.79,547,3167.13,78.9
A002,A,cherry,2021-05-19,WED,5.79,552,3196.08,74.8
A002,A,cherry,2021-05-20,THU,5.79,539,3120.81,81.9
A002,A,cherry,2021-05-21,FRI,5.79,552,3196.08,81.8
A002,A,cherry,2021-05-22,SAT,5.79,587,3398.73,83.3
A002,A,cherry,2021-05-23,SUN,5.79,588,3404.52,80.2
A002,A,cherry,2021-05-24,MON,5.79,547,3167.13,84.4
A002,A,cherry,2021-05-25,TUE,5.79,553,3201.87,75.7
A002,A,cherry,2021-05-26,WED,5.79,539,3120.81,79.4
A002,A,cherry,2021-05-27,THU,5.82,546,3177.72,75.3
A002,A,cherry,2021-05-28,FRI,5.82,542,3154.44,74.9
A002,A,cherry,2021-05-29,SAT,5.82,587,3416.34,65.5
A002,A,cherry,2021-05-30,SUN,5.82,587,3416.34,78.2
A002,A,cherry,2021-05-31,MON,5.82,540,3142.8,74.8
A002,A,cherry,2021-06-01,TUE,5.82,537,3125.34,62.7
A002,A,cherry,2021-06-02,WED,5.82,547,3183.54,63.1
A002,A,cherry,2021-06-03,THU,5.84,534,3118.56,74.6
A002,A,cherry,2021-06-04,FRI,5.84,535,3124.4,86.2
A002,A,cherry,2021-06-05,SAT,5.84,594,3468.96,69.4
A002,A,cherry,2021-06-06,SUN,5.84,595,3474.8,76.6
A002,A,cherry,2021-06-07,MON,5.84,543,3171.12,76.9
A002,A,cherry,2021-06-08,TUE,5.84,538,3141.92,68.2
A002,A,cherry,2021-06-09,WED,5.84,551,3217.84,68.3
A002,A,cherry,2021-06-10,THU,5.85,533,3118.05,79.6
A002,A,cherry,2021-06-11,FRI,5.85,551,3223.35,76.8
A002,A,cherry,2021-06-12,SAT,5.85,587,3433.95,69.2
A002,A,cherry,2021-06-13,SUN,5.85,586,3428.1,65.4
A002,A,cherry,2021-06-14,MON,5.85,554,3240.9,66.9
A002,A,cherry,2021-06-15,TUE,5.85,541,3164.85,63.2
A002,A,cherry,2021-06-16,WED,5.85,539,3153.15,69.7
A002,A,cherry,2021-06-17,THU,5.85,542,3170.7,89.3
A002,A,cherry,2021-06-18,FRI,5.85,533,3118.05,95.7
A002,A,cherry,2021-06-19,SAT,5.85,595,3480.75,91.6
A002,A,cherry,2021-06-20,SUN,5.85,595,3480.75,92.9
A002,A,cherry,2021-06-21,MON,5.85,548,3205.8,85.6
A002,A,cherry,2021-06-22,TUE,5.85,536,3135.6,73.7
A002,A,cherry,2021-06-23,WED,5.85,534,3123.9,68.9
A002,A,cherry,2021-06-24,THU,5.86,533,3123.38,85.9
A002,A,cherry,2021-06-25,FRI,5.86,538,3152.68,81.6
A002,A,cherry,2021-06-26,SAT,5.86,588,3445.68,81.8
A002,A,cherry,2021-06-27,SUN,5.86,597,3498.42,89.3
A002,A,cherry,2021-06-28,MON,5.86,546,3199.56,96.9
A002,A,cherry,2021-06-29,TUE,5.86,542,3176.12,86.8
A002,A,cherry,2021-06-30,WED,5.86,540,3164.4,82.1
A002,A,cherry,2021-07-01,THU,5.88,535,3145.8,75.1
A002,A,cherry,2021-07-02,FRI,5.88,532,3128.16,77.7
A002,A,cherry,2021-07-03,SAT,5.88,597,3510.36,83.3
A002,A,cherry,2021-07-04,SUN,5.88,596,3504.48,87
A002,A,cherry,2021-07-05,MON,5.88,538,3163.44,77.6
A002,A,cherry,2021-07-06,TUE,5.88,539,3169.32,83.8
A002,A,cherry,2021-07-07,WED,5.88,552,3245.76,80.4
A002,A,cherry,2021-07-08,THU,5.88,540,3175.2,80.7
A002,A,cherry,2021-07-09,FRI,5.88,550,3234,82.4
A002,A,cherry,2021-07-10,SAT,5.88,593,3486.84,82.1
A002,A,cherry,2021-07-11,SUN,5.88,588,3457.44,82.3
A002,A,cherry,2021-07-12,MON,5.88,545,3204.6,84.2
A002,A,cherry,2021-07-13,TUE,5.88,545,3204.6,82
A002,A,cherry,2021-07-14,WED,5.88,546,3210.48,75
A002,A,cherry,2021-07-15,THU,5.88,538,3163.44,79.4
A002,A,cherry,2021-07-16,FRI,5.88,553,3251.64,71.6
A002,A,cherry,2021-07-17,SAT,5.88,595,3498.6,66.3
A002,A,cherry,2021-07-18,SUN,5.88,591,3475.08,66.4
A002,A,cherry,2021-07-19,MON,5.88,553,3251.64,72.2
A002,A,cherry,2021-07-20,TUE,5.88,536,3151.68,73.4
A002,A,cherry,2021-07-21,WED,5.88,536,3151.68,77.3
A002,A,cherry,2021-07-22,THU,5.9,544,3209.6,69.6
A002,A,cherry,2021-07-23,FRI,5.9,545,3215.5,78.7
A002,A,cherry,2021-07-24,SAT,5.9,595,3510.5,82
A002,A,cherry,2021-07-25,SUN,5.9,591,3486.9,89.1
A002,A,cherry,2021-07-26,MON,5.9,552,3256.8,75.5
A002,A,cherry,2021-07-27,TUE,5.9,539,3180.1,80.9
A002,A,cherry,2021-07-28,WED,5.9,538,3174.2,80.7
A002,A,cherry,2021-07-29,THU,5.91,545,3220.95,67.8
A002,A,cherry,2021-07-30,FRI,5.91,536,3167.76,89
A002,A,cherry,2021-07-31,SAT,5.91,597,3528.27,83
A002,A,cherry,2021-08-01,SUN,5.91,594,3510.54,87.9
A002,A,cherry,2021-08-02,MON,5.91,534,3155.94,77.6
A002,A,cherry,2021-08-03,TUE,5.91,543,3209.13,77.1
A002,A,cherry,2021-08-04,WED,5.91,545,3220.95,69.7
A002,A,cherry,2021-08-05,THU,5.92,535,3167.2,83.5
A002,A,cherry,2021-08-06,FRI,5.92,549,3250.08,80.8
A002,A,cherry,2021-08-07,SAT,5.92,593,3510.56,82.6
A002,A,cherry,2021-08-08,SUN,5.92,594,3516.48,80.3
A002,A,cherry,2021-08-09,MON,5.92,535,3167.2,82
A002,A,cherry,2021-08-10,TUE,5.92,533,3155.36,77.3
A002,A,cherry,2021-08-11,WED,5.92,551,3261.92,72.8
A002,A,cherry,2021-08-12,THU,5.92,539,3190.88,81.6
A002,A,cherry,2021-08-13,FRI,5.92,533,3155.36,77.6
A002,A,cherry,2021-08-14,SAT,5.92,589,3486.88,75.3
A002,A,cherry,2021-08-15,SUN,5.92,591,3498.72,77.9
A002,A,cherry,2021-08-16,MON,5.92,534,3161.28,76.8
A002,A,cherry,2021-08-17,TUE,5.92,551,3261.92,81.3
A002,A,cherry,2021-08-18,WED,5.92,552,3267.84,76.1
A002,A,cherry,2021-08-19,THU,5.93,536,3178.48,76.5
A002,A,cherry,2021-08-20,FRI,5.93,546,3237.78,80.6
A002,A,cherry,2021-08-21,SAT,5.93,591,3504.63,89
A002,A,cherry,2021-08-22,SUN,5.93,590,3498.7,88.9
A002,A,cherry,2021-08-23,MON,5.93,541,3208.13,78.6
A002,A,cherry,2021-08-24,TUE,5.93,551,3267.43,77.1
A002,A,cherry,2021-08-25,WED,5.93,539,3196.27,80.1
A002,A,cherry,2021-08-26,THU,5.92,549,3250.08,73.1
A002,A,cherry,2021-08-27,FRI,5.92,535,3167.2,77.4
A002,A,cherry,2021-08-28,SAT,5.92,593,3510.56,78.7
A002,A,cherry,2021-08-29,SUN,5.92,597,3534.24,78.4
A002,A,cherry,2021-08-30,MON,5.92,541,3202.72,82.2
A002,A,cherry,2021-08-31,TUE,5.92,536,3173.12,83
A002,A,cherry,2021-09-01,WED,5.92,533,3155.36,80.1
A002,A,cherry,2021-09-02,THU,5.94,551,3272.94,78.9
A002,A,cherry,2021-09-03,FRI,5.94,540,3207.6,74.4
A002,A,cherry,2021-09-04,SAT,5.94,596,3540.24,83.1
A002,A,cherry,2021-09-05,SUN,5.94,596,3540.24,76.9
A002,A,cherry,2021-09-06,MON,5.94,550,3267,75.5
A002,A,cherry,2021-09-07,TUE,5.94,543,3225.42,66.7
A002,A,cherry,2021-09-08,WED,5.94,536,3183.84,63
A002,A,cherry,2021-09-09,THU,5.95,550,3272.5,85.9
A002,A,cherry,2021-09-10,FRI,5.95,536,3189.2,87.5
A002,A,cherry,2021-09-11,SAT,5.95,594,3534.3,76.1
A002,A,cherry,2021-09-12,SUN,5.95,594,3534.3,75.5
A002,A,cherry,2021-09-13,MON,5.95,550,3272.5,77.8
A002,A,cherry,2021-09-14,TUE,5.95,540,3213,94.1
A002,A,cherry,2021-09-15,WED,5.95,548,3260.6,84.2
A002,A,cherry,2021-09-16,THU,5.94,534,3171.96,83.4
A002,A,cherry,2021-09-17,FRI,5.94,552,3278.88,83.2
A002,A,cherry,2021-09-18,SAT,5.94,587,3486.78,78.4
A002,A,cherry,2021-09-19,SUN,5.94,596,3540.24,88.7
A002,A,cherry,2021-09-20,MON,5.94,552,3278.88,82
A002,A,cherry,2021-09-21,TUE,5.94,535,3177.9,80
A002,A,cherry,2021-09-22,WED,5.94,545,3237.3,81.8
A002,A,cherry,2021-09-23,THU,5.95,548,3260.6,77.4
A002,A,cherry,2021-09-24,FRI,5.95,538,3201.1,80.8
A002,A,cherry,2021-09-25,SAT,5.95,594,3534.3,91.7
A002,A,cherry,2021-09-26,SUN,5.95,587,3492.65,83.3
A002,A,cherry,2021-09-27,MON,5.95,539,3207.05,76.7
A002,A,cherry,2021-09-28,TUE,5.95,543,3230.85,85.1
A002,A,cherry,2021-09-29,WED,5.95,553,3290.35,76.5
A002,A,cherry,2021-09-30,THU,5.94,549,3261.06,88.3
A003,A,apple,2021-04-01,THU,0.99,235,232.65,81.7
A003,A,apple,2021-04-02,FRI,0.99,234,231.66,70.6
A003,A,apple,2021-04-03,SAT,0.99,257,254.43,72.7
A003,A,apple,2021-04-04,SUN,0.99,258,255.42,70
A003,A,apple,2021-04-05,MON,0.99,234,231.66,50
A003,A,apple,2021-04-06,TUE,0.99,232,229.68,62.1
A003,A,apple,2021-04-07,WED,0.99,234,231.66,63.6
A003,A,apple,2021-04-08,THU,1.01,237,239.37,67.9
A003,A,apple,2021-04-09,FRI,1.01,238,240.38,81.3
A003,A,apple,2021-04-10,SAT,1.01,256,258.56,81.7
A003,A,apple,2021-04-11,SUN,1.01,255,257.55,75.8
A003,A,apple,2021-04-12,MON,1.01,236,238.36,64.1
A003,A,apple,2021-04-13,TUE,1.01,235,237.35,54.2
A003,A,apple,2021-04-14,WED,1.01,233,235.33,59.8
A003,A,apple,2021-04-15,THU,1.03,232,238.96,70.3
A003,A,apple,2021-04-16,FRI,1.03,236,243.08,70.8
A003,A,apple,2021-04-17,SAT,1.03,256,263.68,57.3
A003,A,apple,2021-04-18,SUN,1.03,255,262.65,55.7
A003,A,apple,2021-04-19,MON,1.03,239,246.17,66.6
A003,A,apple,2021-04-20,TUE,1.03,235,242.05,68.4
A003,A,apple,2021-04-21,WED,1.03,235,242.05,73.7
A003,A,apple,2021-04-22,THU,1.06,234,248.04,62.8
A003,A,apple,2021-04-23,FRI,1.06,240,254.4,60.2
A003,A,apple,2021-04-24,SAT,1.06,256,271.36,58.6
A003,A,apple,2021-04-25,SUN,1.06,259,274.54,70.3
A003,A,apple,2021-04-26,MON,1.06,238,252.28,60.3
A003,A,apple,2021-04-27,TUE,1.06,237,251.22,68.9
A003,A,apple,2021-04-28,WED,1.06,234,248.04,66.9
A003,A,apple,2021-04-29,THU,1.08,236,254.88,68.4
A003,A,apple,2021-04-30,FRI,1.08,234,252.72,65.9
A003,A,apple,2021-05-01,SAT,1.08,257,277.56,69.4
A003,A,apple,2021-05-02,SUN,1.08,259,279.72,63.4
A003,A,apple,2021-05-03,MON,1.08,237,255.96,76.6
A003,A,apple,2021-05-04,TUE,1.08,239,258.12,72
A003,A,apple,2021-05-05,WED,1.08,238,257.04,77
A003,A,apple,2021-05-06,THU,1.09,238,259.42,71.7
A003,A,apple,2021-05-07,FRI,1.09,240,261.6,61.3
A003,A,apple,2021-05-08,SAT,1.09,259,282.31,83.4
A003,A,apple,2021-05-09,SUN,1.09,259,282.31,76
A003,A,apple,2021-05-10,MON,1.09,236,257.24,73.5
A003,A,apple,2021-05-11,TUE,1.09,235,256.15,72.5
A003,A,apple,2021-05-12,WED,1.09,239,260.51,70
A003,A,apple,2021-05-13,THU,1.1,235,258.5,87.9
A003,A,apple,2021-05-14,FRI,1.1,239,262.9,84.6
A003,A,apple,2021-05-15,SAT,1.1,256,281.6,90.2
A003,A,apple,2021-05-16,SUN,1.1,258,283.8,84
A003,A,apple,2021-05-17,MON,1.1,234,257.4,82.9
A003,A,apple,2021-05-18,TUE,1.1,239,262.9,78.9
A003,A,apple,2021-05-19,WED,1.1,236,259.6,74.8
A003,A,apple,2021-05-20,THU,1.1,237,260.7,81.9
A003,A,apple,2021-05-21,FRI,1.1,237,260.7,81.8
A003,A,apple,2021-05-22,SAT,1.1,256,281.6,83.3
A003,A,apple,2021-05-23,SUN,1.1,255,280.5,80.2
A003,A,apple,2021-05-24,MON,1.1,233,256.3,84.4
A003,A,apple,2021-05-25,TUE,1.1,236,259.6,75.7
A003,A,apple,2021-05-26,WED,1.1,235,258.5,79.4
A003,A,apple,2021-05-27,THU,1.12,235,263.2,75.3
A003,A,apple,2021-05-28,FRI,1.12,239,267.68,74.9
A003,A,apple,2021-05-29,SAT,1.12,258,288.96,65.5
A003,A,apple,2021-05-30,SUN,1.12,259,290.08,78.2
A003,A,apple,2021-05-31,MON,1.12,232,259.84,74.8
A003,A,apple,2021-06-01,TUE,1.12,234,262.08,62.7
A003,A,apple,2021-06-02,WED,1.12,238,266.56,63.1
A003,A,apple,2021-06-03,THU,1.12,234,262.08,74.6
A003,A,apple,2021-06-04,FRI,1.12,234,262.08,86.2
A003,A,apple,2021-06-05,SAT,1.12,259,290.08,69.4
A003,A,apple,2021-06-06,SUN,1.12,257,287.84,76.6
A003,A,apple,2021-06-07,MON,1.12,238,266.56,76.9
A003,A,apple,2021-06-08,TUE,1.12,233,260.96,68.2
A003,A,apple,2021-06-09,WED,1.12,234,262.08,68.3
A003,A,apple,2021-06-10,THU,1.11,232,257.52,79.6
A003,A,apple,2021-06-11,FRI,1.11,236,261.96,76.8
A003,A,apple,2021-06-12,SAT,1.11,257,285.27,69.2
A003,A,apple,2021-06-13,SUN,1.11,255,283.05,65.4
A003,A,apple,2021-06-14,MON,1.11,238,264.18,66.9
A003,A,apple,2021-06-15,TUE,1.11,238,264.18,63.2
A003,A,apple,2021-06-16,WED,1.11,237,263.07,69.7
A003,A,apple,2021-06-17,THU,1.13,235,265.55,89.3
A003,A,apple,2021-06-18,FRI,1.13,232,262.16,95.7
A003,A,apple,2021-06-19,SAT,1.13,258,291.54,91.6
A003,A,apple,2021-06-20,SUN,1.13,257,290.41,92.9
A003,A,apple,2021-06-21,MON,1.13,236,266.68,85.6
A003,A,apple,2021-06-22,TUE,1.13,235,265.55,73.7
A003,A,apple,2021-06-23,WED,1.13,240,271.2,68.9
A003,A,apple,2021-06-24,THU,1.14,235,267.9,85.9
A003,A,apple,2021-06-25,FRI,1.14,239,272.46,81.6
A003,A,apple,2021-06-26,SAT,1.14,258,294.12,81.8
A003,A,apple,2021-06-27,SUN,1.14,255,290.7,89.3
A003,A,apple,2021-06-28,MON,1.14,233,265.62,96.9
A003,A,apple,2021-06-29,TUE,1.14,237,270.18,86.8
A003,A,apple,2021-06-30,WED,1.14,234,266.76,82.1
A003,A,apple,2021-07-01,THU,1.15,239,274.85,75.1
A003,A,apple,2021-07-02,FRI,1.15,241,277.15,77.7
A003,A,apple,2021-07-03,SAT,1.15,260,299,83.3
A003,A,apple,2021-07-04,SUN,1.15,256,294.4,87
A003,A,apple,2021-07-05,MON,1.15,234,269.1,77.6
A003,A,apple,2021-07-06,TUE,1.15,236,271.4,83.8
A003,A,apple,2021-07-07,WED,1.15,235,270.25,80.4
A003,A,apple,2021-07-08,THU,1.16,236,273.76,80.7
A003,A,apple,2021-07-09,FRI,1.16,233,270.28,82.4
A003,A,apple,2021-07-10,SAT,1.16,258,299.28,82.1
A003,A,apple,2021-07-11,SUN,1.16,255,295.8,82.3
A003,A,apple,2021-07-12,MON,1.16,233,270.28,84.2
A003,A,apple,2021-07-13,TUE,1.16,232,269.12,82
A003,A,apple,2021-07-14,WED,1.16,237,274.92,75
A003,A,apple,2021-07-15,THU,1.16,240,278.4,79.4
A003,A,apple,2021-07-16,FRI,1.16,234,271.44,71.6
A003,A,apple,2021-07-17,SAT,1.16,258,299.28,66.3
A003,A,apple,2021-07-18,SUN,1.16,257,298.12,66.4
A003,A,apple,2021-07-19,MON,1.16,236,273.76,72.2
A003,A,apple,2021-07-20,TUE,1.16,239,277.24,73.4
A003,A,apple,2021-07-21,WED,1.16,239,277.24,77.3
A003,A,apple,2021-07-22,THU,1.18,236,278.48,69.6
A003,A,apple,2021-07-23,FRI,1.18,237,279.66,78.7
A003,A,apple,2021-07-24,SAT,1.18,256,302.08,82
A003,A,apple,2021-07-25,SUN,1.18,257,303.26,89.1
A003,A,apple,2021-07-26,MON,1.18,240,283.2,75.5
A003,A,apple,2021-07-27,TUE,1.18,237,279.66,80.9
A003,A,apple,2021-07-28,WED,1.18,233,274.94,80.7
A003,A,apple,2021-07-29,THU,1.17,237,277.29,67.8
A003,A,apple,2021-07-30,FRI,1.17,235,274.95,89
A003,A,apple,2021-07-31,SAT,1.17,258,301.86,83
A003,A,apple,2021-08-01,SUN,1.17,258,301.86,87.9
A003,A,apple,2021-08-02,MON,1.17,234,273.78,77.6
A003,A,apple,2021-08-03,TUE,1.17,240,280.8,77.1
A003,A,apple,2021-08-04,WED,1.17,237,277.29,69.7
A003,A,apple,2021-08-05,THU,1.16,239,277.24,83.5
A003,A,apple,2021-08-06,FRI,1.16,240,278.4,80.8
A003,A,apple,2021-08-07,SAT,1.16,255,295.8,82.6
A003,A,apple,2021-08-08,SUN,1.16,259,300.44,80.3
A003,A,apple,2021-08-09,MON,1.16,235,272.6,82
A003,A,apple,2021-08-10,TUE,1.16,236,273.76,77.3
A003,A,apple,2021-08-11,WED,1.16,238,276.08,72.8
A003,A,apple,2021-08-12,THU,1.17,232,271.44,81.6
A003,A,apple,2021-08-13,FRI,1.17,236,276.12,77.6
A003,A,apple,2021-08-14,SAT,1.17,258,301.86,75.3
A003,A,apple,2021-08-15,SUN,1.17,258,301.86,77.9
A003,A,apple,2021-08-16,MON,1.17,239,279.63,76.8
A003,A,apple,2021-08-17,TUE,1.17,239,279.63,81.3
A003,A,apple,2021-08-18,WED,1.17,239,279.63,76.1
A003,A,apple,2021-08-19,THU,1.19,237,282.03,76.5
A003,A,apple,2021-08-20,FRI,1.19,236,280.84,80.6
A003,A,apple,2021-08-21,SAT,1.19,257,305.83,89
A003,A,apple,2021-08-22,SUN,1.19,255,303.45,88.9
A003,A,apple,2021-08-23,MON,1.19,238,283.22,78.6
A003,A,apple,2021-08-24,TUE,1.19,238,283.22,77.1
A003,A,apple,2021-08-25,WED,1.19,236,280.84,80.1
A003,A,apple,2021-08-26,THU,1.22,233,284.26,73.1
A003,A,apple,2021-08-27,FRI,1.22,236,287.92,77.4
A003,A,apple,2021-08-28,SAT,1.22,259,315.98,78.7
A003,A,apple,2021-08-29,SUN,1.22,256,312.32,78.4
A003,A,apple,2021-08-30,MON,1.22,236,287.92,82.2
A003,A,apple,2021-08-31,TUE,1.22,233,284.26,83
A003,A,apple,2021-09-01,WED,1.22,232,283.04,80.1
A003,A,apple,2021-09-02,THU,1.23,237,291.51,78.9
A003,A,apple,2021-09-03,FRI,1.23,236,290.28,74.4
A003,A,apple,2021-09-04,SAT,1.23,259,318.57,83.1
A003,A,apple,2021-09-05,SUN,1.23,255,313.65,76.9
A003,A,apple,2021-09-06,MON,1.23,239,293.97,75.5
A003,A,apple,2021-09-07,TUE,1.23,235,289.05,66.7
A003,A,apple,2021-09-08,WED,1.23,237,291.51,63
A003,A,apple,2021-09-09,THU,1.23,234,287.82,85.9
A003,A,apple,2021-09-10,FRI,1.23,239,293.97,87.5
A003,A,apple,2021-09-11,SAT,1.23,257,316.11,76.1
A003,A,apple,2021-09-12,SUN,1.23,256,314.88,75.5
A003,A,apple,2021-09-13,MON,1.23,233,286.59,77.8
A003,A,apple,2021-09-14,TUE,1.23,237,291.51,94.1
A003,A,apple,2021-09-15,WED,1.23,234,287.82,84.2
A003,A,apple,2021-09-16,THU,1.25,241,301.25,83.4
A003,A,apple,2021-09-17,FRI,1.25,238,297.5,83.2
A003,A,apple,2021-09-18,SAT,1.25,256,320,78.4
A003,A,apple,2021-09-19,SUN,1.25,259,323.75,88.7
A003,A,apple,2021-09-20,MON,1.25,239,298.75,82
A003,A,apple,2021-09-21,TUE,1.25,240,300,80
A003,A,apple,2021-09-22,WED,1.25,240,300,81.8
A003,A,apple,2021-09-23,THU,1.26,240,302.4,77.4
A003,A,apple,2021-09-24,FRI,1.26,237,298.62,80.8
A003,A,apple,2021-09-25,SAT,1.26,259,326.34,91.7
A003,A,apple,2021-09-26,SUN,1.26,256,322.56,83.3
A003,A,apple,2021-09-27,MON,1.26,234,294.84,76.7
A003,A,apple,2021-09-28,TUE,1.26,237,298.62,85.1
A003,A,apple,2021-09-29,WED,1.26,234,294.84,76.5
A003,A,apple,2021-09-30,THU,1.28,239,305.92,88.3
A003,A,banana,2021-04-01,THU,2.68,189,506.52,81.7
A003,A,banana,2021-04-02,FRI,2.68,189,506.52,70.6
A003,A,banana,2021-04-03,SAT,2.68,204,546.72,72.7
A003,A,banana,2021-04-04,SUN,2.68,205,549.4,70
A003,A,banana,2021-04-05,MON,2.68,189,506.52,50
A003,A,banana,2021-04-06,TUE,2.68,185,495.8,62.1
A003,A,banana,2021-04-07,WED,2.68,187,501.16,63.6
A003,A,banana,2021-04-08,THU,2.69,187,503.03,67.9
A003,A,banana,2021-04-09,FRI,2.69,186,500.34,81.3
A003,A,banana,2021-04-10,SAT,2.69,206,554.14,81.7
A003,A,banana,2021-04-11,SUN,2.69,203,546.07,75.8
A003,A,banana,2021-04-12,MON,2.69,191,513.79,64.1
A003,A,banana,2021-04-13,TUE,2.69,191,513.79,54.2
A003,A,banana,2021-04-14,WED,2.69,186,500.34,59.8
A003,A,banana,2021-04-15,THU,2.71,189,512.19,70.3
A003,A,banana,2021-04-16,FRI,2.71,191,517.61,70.8
A003,A,banana,2021-04-17,SAT,2.71,204,552.84,57.3
A003,A,banana,2021-04-18,SUN,2.71,205,555.55,55.7
A003,A,banana,2021-04-19,MON,2.71,185,501.35,66.6
A003,A,banana,2021-04-20,TUE,2.71,189,512.19,68.4
A003,A,banana,2021-04-21,WED,2.71,185,501.35,73.7
A003,A,banana,2021-04-22,THU,2.7,191,515.7,62.8
A003,A,banana,2021-04-23,FRI,2.7,186,502.2,60.2
A003,A,banana,2021-04-24,SAT,2.7,204,550.8,58.6
A003,A,banana,2021-04-25,SUN,2.7,204,550.8,70.3
A003,A,banana,2021-04-26,MON,2.7,192,518.4,60.3
A003,A,banana,2021-04-27,TUE,2.7,185,499.5,68.9
A003,A,banana,2021-04-28,WED,2.7,189,510.3,66.9
A003,A,banana,2021-04-29,THU,2.73,189,515.97,68.4
A003,A,banana,2021-04-30,FRI,2.73,191,521.43,65.9
A003,A,banana,2021-05-01,SAT,2.73,207,565.11,69.4
A003,A,banana,2021-05-02,SUN,2.73,204,556.92,63.4
A003,A,banana,2021-05-03,MON,2.73,191,521.43,76.6
A003,A,banana,2021-05-04,TUE,2.73,185,505.05,72
A003,A,banana,2021-05-05,WED,2.73,189,515.97,77
A003,A,banana,2021-05-06,THU,2.72,191,519.52,71.7
A003,A,banana,2021-05-07,FRI,2.72,186,505.92,61.3
A003,A,banana,2021-05-08,SAT,2.72,205,557.6,83.4
A003,A,banana,2021-05-09,SUN,2.72,203,552.16,76
A003,A,banana,2021-05-10,MON,2.72,187,508.64,73.5
A003,A,banana,2021-05-11,TUE,2.72,186,505.92,72.5
A003,A,banana,2021-05-12,WED,2.72,188,511.36,70
A003,A,banana,2021-05-13,THU,2.71,191,517.61,87.9
A003,A,banana,2021-05-14,FRI,2.71,189,512.19,84.6
A003,A,banana,2021-05-15,SAT,2.71,206,558.26,90.2
A003,A,banana,2021-05-16,SUN,2.71,204,552.84,84
A003,A,banana,2021-05-17,MON,2.71,192,520.32,82.9
A003,A,banana,2021-05-18,TUE,2.71,191,517.61,78.9
A003,A,banana,2021-05-19,WED,2.71,187,506.77,74.8
A003,A,banana,2021-05-20,THU,2.71,191,517.61,81.9
A003,A,banana,2021-05-21,FRI,2.71,187,506.77,81.8
A003,A,banana,2021-05-22,SAT,2.71,204,552.84,83.3
A003,A,banana,2021-05-23,SUN,2.71,205,555.55,80.2
A003,A,banana,2021-05-24,MON,2.71,188,509.48,84.4
A003,A,banana,2021-05-25,TUE,2.71,191,517.61,75.7
A003,A,banana,2021-05-26,WED,2.71,190,514.9,79.4
A003,A,banana,2021-05-27,THU,2.74,189,517.86,75.3
A003,A,banana,2021-05-28,FRI,2.74,191,523.34,74.9
A003,A,banana,2021-05-29,SAT,2.74,205,561.7,65.5
A003,A,banana,2021-05-30,SUN,2.74,206,564.44,78.2
A003,A,banana,2021-05-31,MON,2.74,186,509.64,74.8
A003,A,banana,2021-06-01,TUE,2.74,187,512.38,62.7
A003,A,banana,2021-06-02,WED,2.74,189,517.86,63.1
A003,A,banana,2021-06-03,THU,2.74,191,523.34,74.6
A003,A,banana,2021-06-04,FRI,2.74,188,515.12,86.2
A003,A,banana,2021-06-05,SAT,2.74,203,556.22,69.4
A003,A,banana,2021-06-06,SUN,2.74,206,564.44,76.6
A003,A,banana,2021-06-07,MON,2.74,185,506.9,76.9
A003,A,banana,2021-06-08,TUE,2.74,185,506.9,68.2
A003,A,banana,2021-06-09,WED,2.74,190,520.6,68.3
A003,A,banana,2021-06-10,THU,2.75,185,508.75,79.6
A003,A,banana,2021-06-11,FRI,2.75,187,514.25,76.8
A003,A,banana,2021-06-12,SAT,2.75,207,569.25,69.2
A003,A,banana,2021-06-13,SUN,2.75,203,558.25,65.4
A003,A,banana,2021-06-14,MON,2.75,191,525.25,66.9
A003,A,banana,2021-06-15,TUE,2.75,186,511.5,63.2
A003,A,banana,2021-06-16,WED,2.75,191,525.25,69.7
A003,A,banana,2021-06-17,THU,2.74,190,520.6,89.3
A003,A,banana,2021-06-18,FRI,2.74,185,506.9,95.7
A003,A,banana,2021-06-19,SAT,2.74,207,567.18,91.6
A003,A,banana,2021-06-20,SUN,2.74,205,561.7,92.9
A003,A,banana,2021-06-21,MON,2.74,186,509.64,85.6
A003,A,banana,2021-06-22,TUE,2.74,185,506.9,73.7
A003,A,banana,2021-06-23,WED,2.74,187,512.38,68.9
A003,A,banana,2021-06-24,THU,2.76,190,524.4,85.9
A003,A,banana,2021-06-25,FRI,2.76,187,516.12,81.6
A003,A,banana,2021-06-26,SAT,2.76,206,568.56,81.8
A003,A,banana,2021-06-27,SUN,2.76,206,568.56,89.3
A003,A,banana,2021-06-28,MON,2.76,187,516.12,96.9
A003,A,banana,2021-06-29,TUE,2.76,184,507.84,86.8
A003,A,banana,2021-06-30,WED,2.76,190,524.4,82.1
A003,A,banana,2021-07-01,THU,2.76,185,510.6,75.1
A003,A,banana,2021-07-02,FRI,2.76,186,513.36,77.7
A003,A,banana,2021-07-03,SAT,2.76,205,565.8,83.3
A003,A,banana,2021-07-04,SUN,2.76,205,565.8,87
A003,A,banana,2021-07-05,MON,2.76,188,518.88,77.6
A003,A,banana,2021-07-06,TUE,2.76,187,516.12,83.8
A003,A,banana,2021-07-07,WED,2.76,189,521.64,80.4
A003,A,banana,2021-07-08,THU,2.78,188,522.64,80.7
A003,A,banana,2021-07-09,FRI,2.78,191,530.98,82.4
A003,A,banana,2021-07-10,SAT,2.78,205,569.9,82.1
A003,A,banana,2021-07-11,SUN,2.78,203,564.34,82.3
A003,A,banana,2021-07-12,MON,2.78,187,519.86,84.2
A003,A,banana,2021-07-13,TUE,2.78,188,522.64,82
A003,A,banana,2021-07-14,WED,2.78,187,519.86,75
A003,A,banana,2021-07-15,THU,2.8,189,529.2,79.4
A003,A,banana,2021-07-16,FRI,2.8,186,520.8,71.6
A003,A,banana,2021-07-17,SAT,2.8,203,568.4,66.3
A003,A,banana,2021-07-18,SUN,2.8,206,576.8,66.4
A003,A,banana,2021-07-19,MON,2.8,190,532,72.2
A003,A,banana,2021-07-20,TUE,2.8,186,520.8,73.4
A003,A,banana,2021-07-21,WED,2.8,190,532,77.3
A003,A,banana,2021-07-22,THU,2.8,191,534.8,69.6
A003,A,banana,2021-07-23,FRI,2.8,190,532,78.7
A003,A,banana,2021-07-24,SAT,2.8,203,568.4,82
A003,A,banana,2021-07-25,SUN,2.8,204,571.2,89.1
A003,A,banana,2021-07-26,MON,2.8,189,529.2,75.5
A003,A,banana,2021-07-27,TUE,2.8,187,523.6,80.9
A003,A,banana,2021-07-28,WED,2.8,187,523.6,80.7
A003,A,banana,2021-07-29,THU,2.8,188,526.4,67.8
A003,A,banana,2021-07-30,FRI,2.8,190,532,89
A003,A,banana,2021-07-31,SAT,2.8,207,579.6,83
A003,A,banana,2021-08-01,SUN,2.8,206,576.8,87.9
A003,A,banana,2021-08-02,MON,2.8,186,520.8,77.6
A003,A,banana,2021-08-03,TUE,2.8,185,518,77.1
A003,A,banana,2021-08-04,WED,2.8,189,529.2,69.7
A003,A,banana,2021-08-05,THU,2.82,190,535.8,83.5
A003,A,banana,2021-08-06,FRI,2.82,189,532.98,80.8
A003,A,banana,2021-08-07,SAT,2.82,205,578.1,82.6
A003,A,banana,2021-08-08,SUN,2.82,205,578.1,80.3
A003,A,banana,2021-08-09,MON,2.82,192,541.44,82
A003,A,banana,2021-08-10,TUE,2.82,187,527.34,77.3
A003,A,banana,2021-08-11,WED,2.82,190,535.8,72.8
A003,A,banana,2021-08-12,THU,2.85,186,530.1,81.6
A003,A,banana,2021-08-13,FRI,2.85,189,538.65,77.6
A003,A,banana,2021-08-14,SAT,2.85,204,581.4,75.3
A003,A,banana,2021-08-15,SUN,2.85,203,578.55,77.9
A003,A,banana,2021-08-16,MON,2.85,191,544.35,76.8
A003,A,banana,2021-08-17,TUE,2.85,189,538.65,81.3
A003,A,banana,2021-08-18,WED,2.85,188,535.8,76.1
A003,A,banana,2021-08-19,THU,2.84,187,531.08,76.5
A003,A,banana,2021-08-20,FRI,2.84,187,531.08,80.6
A003,A,banana,2021-08-21,SAT,2.84,206,585.04,89
A003,A,banana,2021-08-22,SUN,2.84,205,582.2,88.9
A003,A,banana,2021-08-23,MON,2.84,188,533.92,78.6
A003,A,banana,2021-08-24,TUE,2.84,185,525.4,77.1
A003,A,banana,2021-08-25,WED,2.84,189,536.76,80.1
A003,A,banana,2021-08-26,THU,2.84,189,536.76,73.1
A003,A,banana,2021-08-27,FRI,2.84,185,525.4,77.4
A003,A,banana,2021-08-28,SAT,2.84,207,587.88,78.7
A003,A,banana,2021-08-29,SUN,2.84,206,585.04,78.4
A003,A,banana,2021-08-30,MON,2.84,187,531.08,82.2
A003,A,banana,2021-08-31,TUE,2.84,185,525.4,83
A003,A,banana,2021-09-01,WED,2.84,187,531.08,80.1
A003,A,banana,2021-09-02,THU,2.83,188,532.04,78.9
A003,A,banana,2021-09-03,FRI,2.83,184,520.72,74.4
A003,A,banana,2021-09-04,SAT,2.83,206,582.98,83.1
A003,A,banana,2021-09-05,SUN,2.83,205,580.15,76.9
A003,A,banana,2021-09-06,MON,2.83,190,537.7,75.5
A003,A,banana,2021-09-07,TUE,2.83,190,537.7,66.7
A003,A,banana,2021-09-08,WED,2.83,188,532.04,63
A003,A,banana,2021-09-09,THU,2.84,187,531.08,85.9
A003,A,banana,2021-09-10,FRI,2.84,185,525.4,87.5
A003,A,banana,2021-09-11,SAT,2.84,205,582.2,76.1
A003,A,banana,2021-09-12,SUN,2.84,205,582.2,75.5
A003,A,banana,2021-09-13,MON,2.84,191,542.44,77.8
A003,A,banana,2021-09-14,TUE,2.84,187,531.08,94.1
A003,A,banana,2021-09-15,WED,2.84,191,542.44,84.2
A003,A,banana,2021-09-16,THU,2.87,189,542.43,83.4
A003,A,banana,2021-09-17,FRI,2.87,187,536.69,83.2
A003,A,banana,2021-09-18,SAT,2.87,206,591.22,78.4
A003,A,banana,2021-09-19,SUN,2.87,204,585.48,88.7
A003,A,banana,2021-09-20,MON,2.87,188,539.56,82
A003,A,banana,2021-09-21,TUE,2.87,189,542.43,80
A003,A,banana,2021-09-22,WED,2.87,190,545.3,81.8
A003,A,banana,2021-09-23,THU,2.89,185,534.65,77.4
A003,A,banana,2021-09-24,FRI,2.89,190,549.1,80.8
A003,A,banana,2021-09-25,SAT,2.89,203,586.67,91.7
A003,A,banana,2021-09-26,SUN,2.89,204,589.56,83.3
A003,A,banana,2021-09-27,MON,2.89,185,534.65,76.7
A003,A,banana,2021-09-28,TUE,2.89,188,543.32,85.1
A003,A,banana,2021-09-29,WED,2.89,185,534.65,76.5
A003,A,banana,2021-09-30,THU,2.91,187,544.17,88.3
A003,A,cherry,2021-04-01,THU,4.17,234,975.78,81.7
A003,A,cherry,2021-04-02,FRI,4.17,236,984.12,70.6
A003,A,cherry,2021-04-03,SAT,4.17,258,1075.86,72.7
A003,A,cherry,2021-04-04,SUN,4.17,259,1080.03,70
A003,A,cherry,2021-04-05,MON,4.17,239,996.63,50
A003,A,cherry,2021-04-06,TUE,4.17,240,1000.8,62.1
A003,A,cherry,2021-04-07,WED,4.17,242,1009.14,63.6
A003,A,cherry,2021-04-08,THU,4.19,236,988.84,67.9
A003,A,cherry,2021-04-09,FRI,4.19,237,993.03,81.3
A003,A,cherry,2021-04-10,SAT,4.19,258,1081.02,81.7
A003,A,cherry,2021-04-11,SUN,4.19,262,1097.78,75.8
A003,A,cherry,2021-04-12,MON,4.19,236,988.84,64.1
A003,A,cherry,2021-04-13,TUE,4.19,236,988.84,54.2
A003,A,cherry,2021-04-14,WED,4.19,241,1009.79,59.8
A003,A,cherry,2021-04-15,THU,4.19,237,993.03,70.3
A003,A,cherry,2021-04-16,FRI,4.19,242,1013.98,70.8
A003,A,cherry,2021-04-17,SAT,4.19,258,1081.02,57.3
A003,A,cherry,2021-04-18,SUN,4.19,261,1093.59,55.7
A003,A,cherry,2021-04-19,MON,4.19,242,1013.98,66.6
A003,A,cherry,2021-04-20,TUE,4.19,240,1005.6,68.4
A003,A,cherry,2021-04-21,WED,4.19,241,1009.79,73.7
A003,A,cherry,2021-04-22,THU,4.22,237,1000.14,62.8
A003,A,cherry,2021-04-23,FRI,4.22,238,1004.36,60.2
A003,A,cherry,2021-04-24,SAT,4.22,260,1097.2,58.6
A003,A,cherry,2021-04-25,SUN,4.22,259,1092.98,70.3
A003,A,cherry,2021-04-26,MON,4.22,236,995.92,60.3
A003,A,cherry,2021-04-27,TUE,4.22,234,987.48,68.9
A003,A,cherry,2021-04-28,WED,4.22,241,1017.02,66.9
A003,A,cherry,2021-04-29,THU,4.23,239,1010.97,68.4
A003,A,cherry,2021-04-30,FRI,4.23,241,1019.43,65.9
A003,A,cherry,2021-05-01,SAT,4.23,258,1091.34,69.4
A003,A,cherry,2021-05-02,SUN,4.23,262,1108.26,63.4
A003,A,cherry,2021-05-03,MON,4.23,239,1010.97,76.6
A003,A,cherry,2021-05-04,TUE,4.23,241,1019.43,72
A003,A,cherry,2021-05-05,WED,4.23,242,1023.66,77
A003,A,cherry,2021-05-06,THU,4.24,241,1021.84,71.7
A003,A,cherry,2021-05-07,FRI,4.24,236,1000.64,61.3
A003,A,cherry,2021-05-08,SAT,4.24,259,1098.16,83.4
A003,A,cherry,2021-05-09,SUN,4.24,259,1098.16,76
A003,A,cherry,2021-05-10,MON,4.24,239,1013.36,73.5
A003,A,cherry,2021-05-11,TUE,4.24,241,1021.84,72.5
A003,A,cherry,2021-05-12,WED,4.24,242,1026.08,70
A003,A,cherry,2021-05-13,THU,4.26,240,1022.4,87.9
A003,A,cherry,2021-05-14,FRI,4.26,234,996.84,84.6
A003,A,cherry,2021-05-15,SAT,4.26,260,1107.6,90.2
A003,A,cherry,2021-05-16,SUN,4.26,261,1111.86,84
A003,A,cherry,2021-05-17,MON,4.26,243,1035.18,82.9
A003,A,cherry,2021-05-18,TUE,4.26,234,996.84,78.9
A003,A,cherry,2021-05-19,WED,4.26,238,1013.88,74.8
A003,A,cherry,2021-05-20,THU,4.26,241,1026.66,81.9
A003,A,cherry,2021-05-21,FRI,4.26,234,996.84,81.8
A003,A,cherry,2021-05-22,SAT,4.26,257,1094.82,83.3
A003,A,cherry,2021-05-23,SUN,4.26,259,1103.34,80.2
A003,A,cherry,2021-05-24,MON,4.26,240,1022.4,84.4
A003,A,cherry,2021-05-25,TUE,4.26,238,1013.88,75.7
A003,A,cherry,2021-05-26,WED,4.26,235,1001.1,79.4
A003,A,cherry,2021-05-27,THU,4.26,241,1026.66,75.3
A003,A,cherry,2021-05-28,FRI,4.26,242,1030.92,74.9
A003,A,cherry,2021-05-29,SAT,4.26,259,1103.34,65.5
A003,A,cherry,2021-05-30,SUN,4.26,258,1099.08,78.2
A003,A,cherry,2021-05-31,MON,4.26,233,992.58,74.8
A003,A,cherry,2021-06-01,TUE,4.26,234,996.84,62.7
A003,A,cherry,2021-06-02,WED,4.26,239,1018.14,63.1
A003,A,cherry,2021-06-03,THU,4.29,239,1025.31,74.6
A003,A,cherry,2021-06-04,FRI,4.29,236,1012.44,86.2
A003,A,cherry,2021-06-05,SAT,4.29,259,1111.11,69.4
A003,A,cherry,2021-06-06,SUN,4.29,260,1115.4,76.6
A003,A,cherry,2021-06-07,MON,4.29,241,1033.89,76.9
A003,A,cherry,2021-06-08,TUE,4.29,241,1033.89,68.2
A003,A,cherry,2021-06-09,WED,4.29,242,1038.18,68.3
A003,A,cherry,2021-06-10,THU,4.29,242,1038.18,79.6
A003,A,cherry,2021-06-11,FRI,4.29,240,1029.6,76.8
A003,A,cherry,2021-06-12,SAT,4.29,257,1102.53,69.2
A003,A,cherry,2021-06-13,SUN,4.29,258,1106.82,65.4
A003,A,cherry,2021-06-14,MON,4.29,238,1021.02,66.9
A003,A,cherry,2021-06-15,TUE,4.29,234,1003.86,63.2
A003,A,cherry,2021-06-16,WED,4.29,234,1003.86,69.7
A003,A,cherry,2021-06-17,THU,4.29,242,1038.18,89.3
A003,A,cherry,2021-06-18,FRI,4.29,239,1025.31,95.7
A003,A,cherry,2021-06-19,SAT,4.29,258,1106.82,91.6
A003,A,cherry,2021-06-20,SUN,4.29,258,1106.82,92.9
A003,A,cherry,2021-06-21,MON,4.29,238,1021.02,85.6
A003,A,cherry,2021-06-22,TUE,4.29,240,1029.6,73.7
A003,A,cherry,2021-06-23,WED,4.29,242,1038.18,68.9
A003,A,cherry,2021-06-24,THU,4.3,241,1036.3,85.9
A003,A,cherry,2021-06-25,FRI,4.3,242,1040.6,81.6
A003,A,cherry,2021-06-26,SAT,4.3,258,1109.4,81.8
A003,A,cherry,2021-06-27,SUN,4.3,259,1113.7,89.3
A003,A,cherry,2021-06-28,MON,4.3,239,1027.7,96.9
A003,A,cherry,2021-06-29,TUE,4.3,234,1006.2,86.8
A003,A,cherry,2021-06-30,WED,4.3,239,1027.7,82.1
A003,A,cherry,2021-07-01,THU,4.3,238,1023.4,75.1
A003,A,cherry,2021-07-02,FRI,4.3,234,1006.2,77.7
A003,A,cherry,2021-07-03,SAT,4.3,259,1113.7,83.3
A003,A,cherry,2021-07-04,SUN,4.3,259,1113.7,87
A003,A,cherry,2021-07-05,MON,4.3,234,1006.2,77.6
A003,A,cherry,2021-07-06,TUE,4.3,241,1036.3,83.8
A003,A,cherry,2021-07-07,WED,4.3,234,1006.2,80.4
A003,A,cherry,2021-07-08,THU,4.3,238,1023.4,80.7
A003,A,cherry,2021-07-09,FRI,4.3,238,1023.4,82.4
A003,A,cherry,2021-07-10,SAT,4.3,261,1122.3,82.1
A003,A,cherry,2021-07-11,SUN,4.3,260,1118,82.3
A003,A,cherry,2021-07-12,MON,4.3,236,1014.8,84.2
A003,A,cherry,2021-07-13,TUE,4.3,241,1036.3,82
A003,A,cherry,2021-07-14,WED,4.3,234,1006.2,75
A003,A,cherry,2021-07-15,THU,4.3,239,1027.7,79.4
A003,A,cherry,2021-07-16,FRI,4.3,236,1014.8,71.6
A003,A,cherry,2021-07-17,SAT,4.3,259,1113.7,66.3
A003,A,cherry,2021-07-18,SUN,4.3,259,1113.7,66.4
A003,A,cherry,2021-07-19,MON,4.3,243,1044.9,72.2
A003,A,cherry,2021-07-20,TUE,4.3,238,1023.4,73.4
A003,A,cherry,2021-07-21,WED,4.3,239,1027.7,77.3
A003,A,cherry,2021-07-22,THU,4.31,242,1043.02,69.6
A003,A,cherry,2021-07-23,FRI,4.31,234,1008.54,78.7
A003,A,cherry,2021-07-24,SAT,4.31,258,1111.98,82
A003,A,cherry,2021-07-25,SUN,4.31,262,1129.22,89.1
A003,A,cherry,2021-07-26,MON,4.31,240,1034.4,75.5
A003,A,cherry,2021-07-27,TUE,4.31,237,1021.47,80.9
A003,A,cherry,2021-07-28,WED,4.31,242,1043.02,80.7
A003,A,cherry,2021-07-29,THU,4.34,242,1050.28,67.8
A003,A,cherry,2021-07-30,FRI,4.34,240,1041.6,89
A003,A,cherry,2021-07-31,SAT,4.34,259,1124.06,83
A003,A,cherry,2021-08-01,SUN,4.34,261,1132.74,87.9
A003,A,cherry,2021-08-02,MON,4.34,234,1015.56,77.6
A003,A,cherry,2021-08-03,TUE,4.34,236,1024.24,77.1
A003,A,cherry,2021-08-04,WED,4.34,239,1037.26,69.7
A003,A,cherry,2021-08-05,THU,4.35,238,1035.3,83.5
A003,A,cherry,2021-08-06,FRI,4.35,238,1035.3,80.8
A003,A,cherry,2021-08-07,SAT,4.35,259,1126.65,82.6
A003,A,cherry,2021-08-08,SUN,4.35,261,1135.35,80.3
A003,A,cherry,2021-08-09,MON,4.35,239,1039.65,82
A003,A,cherry,2021-08-10,TUE,4.35,240,1044,77.3
A003,A,cherry,2021-08-11,WED,4.35,240,1044,72.8
A003,A,cherry,2021-08-12,THU,4.37,239,1044.43,81.6
A003,A,cherry,2021-08-13,FRI,4.37,234,1022.58,77.6
A003,A,cherry,2021-08-14,SAT,4.37,260,1136.2,75.3
A003,A,cherry,2021-08-15,SUN,4.37,259,1131.83,77.9
A003,A,cherry,2021-08-16,MON,4.37,235,1026.95,76.8
A003,A,cherry,2021-08-17,TUE,4.37,239,1044.43,81.3
A003,A,cherry,2021-08-18,WED,4.37,238,1040.06,76.1
A003,A,cherry,2021-08-19,THU,4.38,235,1029.3,76.5
A003,A,cherry,2021-08-20,FRI,4.38,236,1033.68,80.6
A003,A,cherry,2021-08-21,SAT,4.38,260,1138.8,89
A003,A,cherry,2021-08-22,SUN,4.38,261,1143.18,88.9
A003,A,cherry,2021-08-23,MON,4.38,241,1055.58,78.6
A003,A,cherry,2021-08-24,TUE,4.38,240,1051.2,77.1
A003,A,cherry,2021-08-25,WED,4.38,242,1059.96,80.1
A003,A,cherry,2021-08-26,THU,4.39,237,1040.43,73.1
A003,A,cherry,2021-08-27,FRI,4.39,236,1036.04,77.4
A003,A,cherry,2021-08-28,SAT,4.39,257,1128.23,78.7
A003,A,cherry,2021-08-29,SUN,4.39,260,1141.4,78.4
A003,A,cherry,2021-08-30,MON,4.39,236,1036.04,82.2
A003,A,cherry,2021-08-31,TUE,4.39,236,1036.04,83
A003,A,cherry,2021-09-01,WED,4.39,240,1053.6,80.1
A003,A,cherry,2021-09-02,THU,4.41,236,1040.76,78.9
A003,A,cherry,2021-09-03,FRI,4.41,235,1036.35,74.4
A003,A,cherry,2021-09-04,SAT,4.41,261,1151.01,83.1
A003,A,cherry,2021-09-05,SUN,4.41,261,1151.01,76.9
A003,A,cherry,2021-09-06,MON,4.41,241,1062.81,75.5
A003,A,cherry,2021-09-07,TUE,4.41,236,1040.76,66.7
A003,A,cherry,2021-09-08,WED,4.41,239,1053.99,63
A003,A,cherry,2021-09-09,THU,4.44,243,1078.92,85.9
A003,A,cherry,2021-09-10,FRI,4.44,242,1074.48,87.5
A003,A,cherry,2021-09-11,SAT,4.44,262,1163.28,76.1
A003,A,cherry,2021-09-12,SUN,4.44,261,1158.84,75.5
A003,A,cherry,2021-09-13,MON,4.44,242,1074.48,77.8
A003,A,cherry,2021-09-14,TUE,4.44,243,1078.92,94.1
A003,A,cherry,2021-09-15,WED,4.44,235,1043.4,84.2
A003,A,cherry,2021-09-16,THU,4.43,238,1054.34,83.4
A003,A,cherry,2021-09-17,FRI,4.43,234,1036.62,83.2
A003,A,cherry,2021-09-18,SAT,4.43,260,1151.8,78.4
A003,A,cherry,2021-09-19,SUN,4.43,260,1151.8,88.7
A003,A,cherry,2021-09-20,MON,4.43,235,1041.05,82
A003,A,cherry,2021-09-21,TUE,4.43,241,1067.63,80
A003,A,cherry,2021-09-22,WED,4.43,241,1067.63,81.8
A003,A,cherry,2021-09-23,THU,4.44,237,1052.28,77.4
A003,A,cherry,2021-09-24,FRI,4.44,236,1047.84,80.8
A003,A,cherry,2021-09-25,SAT,4.44,257,1141.08,91.7
A003,A,cherry,2021-09-26,SUN,4.44,260,1154.4,83.3
A003,A,cherry,2021-09-27,MON,4.44,241,1070.04,76.7
A003,A,cherry,2021-09-28,TUE,4.44,242,1074.48,85.1
A003,A,cherry,2021-09-29,WED,4.44,238,1056.72,76.5
A003,A,cherry,2021-09-30,THU,4.47,234,1045.98,88.3
A004,A,apple,2021-04-01,THU,0.83,486,403.38,81.7
A004,A,apple,2021-04-02,FRI,0.83,488,405.04,70.6
A004,A,apple,2021-04-03,SAT,0.83,529,439.07,72.7
A004,A,apple,2021-04-04,SUN,0.83,530,439.9,70
A004,A,apple,2021-04-05,MON,0.83,476,395.08,50
A004,A,apple,2021-04-06,TUE,0.83,485,402.55,62.1
A004,A,apple,2021-04-07,WED,0.83,473,392.59,63.6
A004,A,apple,2021-04-08,THU,0.83,477,395.91,67.9
A004,A,apple,2021-04-09,FRI,0.83,487,404.21,81.3
A004,A,apple,2021-04-10,SAT,0.83,522,433.26,81.7
A004,A,apple,2021-04-11,SUN,0.83,530,439.9,75.8
A004,A,apple,2021-04-12,MON,0.83,473,392.59,64.1
A004,A,apple,2021-04-13,TUE,0.83,482,400.06,54.2
A004,A,apple,2021-04-14,WED,0.83,486,403.38,59.8
A004,A,apple,2021-04-15,THU,0.84,477,400.68,70.3
A004,A,apple,2021-04-16,FRI,0.84,481,404.04,70.8
A004,A,apple,2021-04-17,SAT,0.84,528,443.52,57.3
A004,A,apple,2021-04-18,SUN,0.84,529,444.36,55.7
A004,A,apple,2021-04-19,MON,0.84,484,406.56,66.6
A004,A,apple,2021-04-20,TUE,0.84,486,408.24,68.4
A004,A,apple,2021-04-21,WED,0.84,484,406.56,73.7
A004,A,apple,2021-04-22,THU,0.86,484,416.24,62.8
A004,A,apple,2021-04-23,FRI,0.86,473,406.78,60.2
A004,A,apple,2021-04-24,SAT,0.86,524,450.64,58.6
A004,A,apple,2021-04-25,SUN,0.86,523,449.78,70.3
A004,A,apple,2021-04-26,MON,0.86,488,419.68,60.3
A004,A,apple,2021-04-27,TUE,0.86,482,414.52,68.9
A004,A,apple,2021-04-28,WED,0.86,489,420.54,66.9
A004,A,apple,2021-04-29,THU,0.86,490,421.4,68.4
A004,A,apple,2021-04-30,FRI,0.86,485,417.1,65.9
A004,A,apple,2021-05-01,SAT,0.86,521,448.06,69.4
A004,A,apple,2021-05-02,SUN,0.86,529,454.94,63.4
A004,A,apple,2021-05-03,MON,0.86,491,422.26,76.6
A004,A,apple,2021-05-04,TUE,0.86,481,413.66,72
A004,A,apple,2021-05-05,WED,0.86,474,407.64,77
A004,A,apple,2021-05-06,THU,0.86,483,415.38,71.7
A004,A,apple,2021-05-07,FRI,0.86,487,418.82,61.3
A004,A,apple,2021-05-08,SAT,0.86,524,450.64,83.4
A004,A,apple,2021-05-09,SUN,0.86,524,450.64,76
A004,A,apple,2021-05-10,MON,0.86,480,412.8,73.5
A004,A,apple,2021-05-11,TUE,0.86,475,408.5,72.5
A004,A,apple,2021-05-12,WED,0.86,487,418.82,70
A004,A,apple,2021-05-13,THU,0.88,480,422.4,87.9
A004,A,apple,2021-05-14,FRI,0.88,482,424.16,84.6
A004,A,apple,2021-05-15,SAT,0.88,523,460.24,90.2
A004,A,apple,2021-05-16,SUN,0.88,524,461.12,84
A004,A,apple,2021-05-17,MON,0.88,475,418,82.9
A004,A,apple,2021-05-18,TUE,0.88,485,426.8,78.9
A004,A,apple,2021-05-19,WED,0.88,482,424.16,74.8
A004,A,apple,2021-05-20,THU,0.89,489,435.21,81.9
A004,A,apple,2021-05-21,FRI,0.89,483,429.87,81.8
A004,A,apple,2021-05-22,SAT,0.89,523,465.47,83.3
A004,A,apple,2021-05-23,SUN,0.89,529,470.81,80.2
A004,A,apple,2021-05-24,MON,0.89,475,422.75,84.4
A004,A,apple,2021-05-25,TUE,0.89,480,427.2,75.7
A004,A,apple,2021-05-26,WED,0.89,473,420.97,79.4
A004,A,apple,2021-05-27,THU,0.9,483,434.7,75.3
A004,A,apple,2021-05-28,FRI,0.9,476,428.4,74.9
A004,A,apple,2021-05-29,SAT,0.9,528,475.2,65.5
A004,A,apple,2021-05-30,SUN,0.9,529,476.1,78.2
A004,A,apple,2021-05-31,MON,0.9,486,437.4,74.8
A004,A,apple,2021-06-01,TUE,0.9,486,437.4,62.7
A004,A,apple,2021-06-02,WED,0.9,487,438.3,63.1
A004,A,apple,2021-06-03,THU,0.91,484,440.44,74.6
A004,A,apple,2021-06-04,FRI,0.91,484,440.44,86.2
A004,A,apple,2021-06-05,SAT,0.91,529,481.39,69.4
A004,A,apple,2021-06-06,SUN,0.91,527,479.57,76.6
A004,A,apple,2021-06-07,MON,0.91,491,446.81,76.9
A004,A,apple,2021-06-08,TUE,0.91,475,432.25,68.2
A004,A,apple,2021-06-09,WED,0.91,474,431.34,68.3
A004,A,apple,2021-06-10,THU,0.91,479,435.89,79.6
A004,A,apple,2021-06-11,FRI,0.91,486,442.26,76.8
A004,A,apple,2021-06-12,SAT,0.91,522,475.02,69.2
A004,A,apple,2021-06-13,SUN,0.91,528,480.48,65.4
A004,A,apple,2021-06-14,MON,0.91,479,435.89,66.9
A004,A,apple,2021-06-15,TUE,0.91,483,439.53,63.2
A004,A,apple,2021-06-16,WED,0.91,484,440.44,69.7
A004,A,apple,2021-06-17,THU,0.94,487,457.78,89.3
A004,A,apple,2021-06-18,FRI,0.94,482,453.08,95.7
A004,A,apple,2021-06-19,SAT,0.94,529,497.26,91.6
A004,A,apple,2021-06-20,SUN,0.94,527,495.38,92.9
A004,A,apple,2021-06-21,MON,0.94,488,458.72,85.6
A004,A,apple,2021-06-22,TUE,0.94,484,454.96,73.7
A004,A,apple,2021-06-23,WED,0.94,491,461.54,68.9
A004,A,apple,2021-06-24,THU,0.96,474,455.04,85.9
A004,A,apple,2021-06-25,FRI,0.96,486,466.56,81.6
A004,A,apple,2021-06-26,SAT,0.96,523,502.08,81.8
A004,A,apple,2021-06-27,SUN,0.96,527,505.92,89.3
A004,A,apple,2021-06-28,MON,0.96,490,470.4,96.9
A004,A,apple,2021-06-29,TUE,0.96,490,470.4,86.8
A004,A,apple,2021-06-30,WED,0.96,477,457.92,82.1
A004,A,apple,2021-07-01,THU,0.95,488,463.6,75.1
A004,A,apple,2021-07-02,FRI,0.95,481,456.95,77.7
A004,A,apple,2021-07-03,SAT,0.95,523,496.85,83.3
A004,A,apple,2021-07-04,SUN,0.95,529,502.55,87
A004,A,apple,2021-07-05,MON,0.95,473,449.35,77.6
A004,A,apple,2021-07-06,TUE,0.95,474,450.3,83.8
A004,A,apple,2021-07-07,WED,0.95,478,454.1,80.4
A004,A,apple,2021-07-08,THU,0.96,484,464.64,80.7
A004,A,apple,2021-07-09,FRI,0.96,489,469.44,82.4
A004,A,apple,2021-07-10,SAT,0.96,528,506.88,82.1
A004,A,apple,2021-07-11,SUN,0.96,522,501.12,82.3
A004,A,apple,2021-07-12,MON,0.96,479,459.84,84.2
A004,A,apple,2021-07-13,TUE,0.96,484,464.64,82
A004,A,apple,2021-07-14,WED,0.96,481,461.76,75
A004,A,apple,2021-07-15,THU,0.96,478,458.88,79.4
A004,A,apple,2021-07-16,FRI,0.96,473,454.08,71.6
A004,A,apple,2021-07-17,SAT,0.96,524,503.04,66.3
A004,A,apple,2021-07-18,SUN,0.96,523,502.08,66.4
A004,A,apple,2021-07-19,MON,0.96,474,455.04,72.2
A004,A,apple,2021-07-20,TUE,0.96,479,459.84,73.4
A004,A,apple,2021-07-21,WED,0.96,487,467.52,77.3
A004,A,apple,2021-07-22,THU,0.98,491,481.18,69.6
A004,A,apple,2021-07-23,FRI,0.98,481,471.38,78.7
A004,A,apple,2021-07-24,SAT,0.98,522,511.56,82
A004,A,apple,2021-07-25,SUN,0.98,521,510.58,89.1
A004,A,apple,2021-07-26,MON,0.98,473,463.54,75.5
A004,A,apple,2021-07-27,TUE,0.98,477,467.46,80.9
A004,A,apple,2021-07-28,WED,0.98,485,475.3,80.7
A004,A,apple,2021-07-29,THU,1,476,476,67.8
A004,A,apple,2021-07-30,FRI,1,476,476,89
A004,A,apple,2021-07-31,SAT,1,522,522,83
A004,A,apple,2021-08-01,SUN,1,524,524,87.9
A004,A,apple,2021-08-02,MON,1,475,475,77.6
A004,A,apple,2021-08-03,TUE,1,475,475,77.1
A004,A,apple,2021-08-04,WED,1,477,477,69.7
A004,A,apple,2021-08-05,THU,1,491,491,83.5
A004,A,apple,2021-08-06,FRI,1,481,481,80.8
A004,A,apple,2021-08-07,SAT,1,527,527,82.6
A004,A,apple,2021-08-08,SUN,1,524,524,80.3
A004,A,apple,2021-08-09,MON,1,483,483,82
A004,A,apple,2021-08-10,TUE,1,480,480,77.3
A004,A,apple,2021-08-11,WED,1,479,479,72.8
A004,A,apple,2021-08-12,THU,0.99,487,482.13,81.6
A004,A,apple,2021-08-13,FRI,0.99,490,485.1,77.6
A004,A,apple,2021-08-14,SAT,0.99,521,515.79,75.3
A004,A,apple,2021-08-15,SUN,0.99,529,523.71,77.9
A004,A,apple,2021-08-16,MON,0.99,479,474.21,76.8
A004,A,apple,2021-08-17,TUE,0.99,491,486.09,81.3
A004,A,apple,2021-08-18,WED,0.99,485,480.15,76.1
A004,A,apple,2021-08-19,THU,1.01,489,493.89,76.5
A004,A,apple,2021-08-20,FRI,1.01,484,488.84,80.6
A004,A,apple,2021-08-21,SAT,1.01,523,528.23,89
A004,A,apple,2021-08-22,SUN,1.01,528,533.28,88.9
A004,A,apple,2021-08-23,MON,1.01,487,491.87,78.6
A004,A,apple,2021-08-24,TUE,1.01,475,479.75,77.1
A004,A,apple,2021-08-25,WED,1.01,484,488.84,80.1
A004,A,apple,2021-08-26,THU,1.03,487,501.61,73.1
A004,A,apple,2021-08-27,FRI,1.03,487,501.61,77.4
A004,A,apple,2021-08-28,SAT,1.03,522,537.66,78.7
A004,A,apple,2021-08-29,SUN,1.03,521,536.63,78.4
A004,A,apple,2021-08-30,MON,1.03,473,487.19,82.2
A004,A,apple,2021-08-31,TUE,1.03,478,492.34,83
A004,A,apple,2021-09-01,WED,1.03,485,499.55,80.1
A004,A,apple,2021-09-02,THU,1.03,485,499.55,78.9
A004,A,apple,2021-09-03,FRI,1.03,486,500.58,74.4
A004,A,apple,2021-09-04,SAT,1.03,527,542.81,83.1
A004,A,apple,2021-09-05,SUN,1.03,523,538.69,76.9
A004,A,apple,2021-09-06,MON,1.03,485,499.55,75.5
A004,A,apple,2021-09-07,TUE,1.03,485,499.55,66.7
A004,A,apple,2021-09-08,WED,1.03,478,492.34,63
A004,A,apple,2021-09-09,THU,1.06,480,508.8,85.9
A004,A,apple,2021-09-10,FRI,1.06,474,502.44,87.5
A004,A,apple,2021-09-11,SAT,1.06,525,556.5,76.1
A004,A,apple,2021-09-12,SUN,1.06,523,554.38,75.5
A004,A,apple,2021-09-13,MON,1.06,484,513.04,77.8
A004,A,apple,2021-09-14,TUE,1.06,484,513.04,94.1
A004,A,apple,2021-09-15,WED,1.06,477,505.62,84.2
A004,A,apple,2021-09-16,THU,1.06,476,504.56,83.4
A004,A,apple,2021-09-17,FRI,1.06,485,514.1,83.2
A004,A,apple,2021-09-18,SAT,1.06,527,558.62,78.4
A004,A,apple,2021-09-19,SUN,1.06,528,559.68,88.7
A004,A,apple,2021-09-20,MON,1.06,485,514.1,82
A004,A,apple,2021-09-21,TUE,1.06,489,518.34,80
A004,A,apple,2021-09-22,WED,1.06,481,509.86,81.8
A004,A,apple,2021-09-23,THU,1.08,491,530.28,77.4
A004,A,apple,2021-09-24,FRI,1.08,489,528.12,80.8
A004,A,apple,2021-09-25,SAT,1.08,530,572.4,91.7
A004,A,apple,2021-09-26,SUN,1.08,527,569.16,83.3
A004,A,apple,2021-09-27,MON,1.08,485,523.8,76.7
A004,A,apple,2021-09-28,TUE,1.08,477,515.16,85.1
A004,A,apple,2021-09-29,WED,1.08,491,530.28,76.5
A004,A,apple,2021-09-30,THU,1.09,478,521.02,88.3
A004,A,banana,2021-04-01,THU,2.98,156,464.88,81.7
A004,A,banana,2021-04-02,FRI,2.98,158,470.84,70.6
A004,A,banana,2021-04-03,SAT,2.98,170,506.6,72.7
A004,A,banana,2021-04-04,SUN,2.98,170,506.6,70
A004,A,banana,2021-04-05,MON,2.98,154,458.92,50
A004,A,banana,2021-04-06,TUE,2.98,159,473.82,62.1
A004,A,banana,2021-04-07,WED,2.98,157,467.86,63.6
A004,A,banana,2021-04-08,THU,2.97,157,466.29,67.9
A004,A,banana,2021-04-09,FRI,2.97,156,463.32,81.3
A004,A,banana,2021-04-10,SAT,2.97,170,504.9,81.7
A004,A,banana,2021-04-11,SUN,2.97,173,513.81,75.8
A004,A,banana,2021-04-12,MON,2.97,160,475.2,64.1
A004,A,banana,2021-04-13,TUE,2.97,157,466.29,54.2
A004,A,banana,2021-04-14,WED,2.97,155,460.35,59.8
A004,A,banana,2021-04-15,THU,2.97,158,469.26,70.3
A004,A,banana,2021-04-16,FRI,2.97,156,463.32,70.8
A004,A,banana,2021-04-17,SAT,2.97,172,510.84,57.3
A004,A,banana,2021-04-18,SUN,2.97,172,510.84,55.7
A004,A,banana,2021-04-19,MON,2.97,156,463.32,66.6
A004,A,banana,2021-04-20,TUE,2.97,160,475.2,68.4
A004,A,banana,2021-04-21,WED,2.97,159,472.23,73.7
A004,A,banana,2021-04-22,THU,2.99,158,472.42,62.8
A004,A,banana,2021-04-23,FRI,2.99,158,472.42,60.2
A004,A,banana,2021-04-24,SAT,2.99,170,508.3,58.6
A004,A,banana,2021-04-25,SUN,2.99,172,514.28,70.3
A004,A,banana,2021-04-26,MON,2.99,157,469.43,60.3
A004,A,banana,2021-04-27,TUE,2.99,155,463.45,68.9
A004,A,banana,2021-04-28,WED,2.99,159,475.41,66.9
A004,A,banana,2021-04-29,THU,3.02,158,477.16,68.4
A004,A,banana,2021-04-30,FRI,3.02,156,471.12,65.9
A004,A,banana,2021-05-01,SAT,3.02,171,516.42,69.4
A004,A,banana,2021-05-02,SUN,3.02,171,516.42,63.4
A004,A,banana,2021-05-03,MON,3.02,158,477.16,76.6
A004,A,banana,2021-05-04,TUE,3.02,160,483.2,72
A004,A,banana,2021-05-05,WED,3.02,156,471.12,77
A004,A,banana,2021-05-06,THU,3.05,158,481.9,71.7
A004,A,banana,2021-05-07,FRI,3.05,158,481.9,61.3
A004,A,banana,2021-05-08,SAT,3.05,170,518.5,83.4
A004,A,banana,2021-05-09,SUN,3.05,170,518.5,76
A004,A,banana,2021-05-10,MON,3.05,160,488,73.5
A004,A,banana,2021-05-11,TUE,3.05,156,475.8,72.5
A004,A,banana,2021-05-12,WED,3.05,155,472.75,70
A004,A,banana,2021-05-13,THU,3.06,158,483.48,87.9
A004,A,banana,2021-05-14,FRI,3.06,156,477.36,84.6
A004,A,banana,2021-05-15,SAT,3.06,170,520.2,90.2
A004,A,banana,2021-05-16,SUN,3.06,172,526.32,84
A004,A,banana,2021-05-17,MON,3.06,159,486.54,82.9
A004,A,banana,2021-05-18,TUE,3.06,159,486.54,78.9
A004,A,banana,2021-05-19,WED,3.06,159,486.54,74.8
A004,A,banana,2021-05-20,THU,3.07,154,472.78,81.9
A004,A,banana,2021-05-21,FRI,3.07,157,481.99,81.8
A004,A,banana,2021-05-22,SAT,3.07,170,521.9,83.3
A004,A,banana,2021-05-23,SUN,3.07,172,528.04,80.2
A004,A,banana,2021-05-24,MON,3.07,156,478.92,84.4
A004,A,banana,2021-05-25,TUE,3.07,159,488.13,75.7
A004,A,banana,2021-05-26,WED,3.07,158,485.06,79.4
A004,A,banana,2021-05-27,THU,3.1,157,486.7,75.3
A004,A,banana,2021-05-28,FRI,3.1,154,477.4,74.9
A004,A,banana,2021-05-29,SAT,3.1,173,536.3,65.5
A004,A,banana,2021-05-30,SUN,3.1,171,530.1,78.2
A004,A,banana,2021-05-31,MON,3.1,155,480.5,74.8
A004,A,banana,2021-06-01,TUE,3.1,158,489.8,62.7
A004,A,banana,2021-06-02,WED,3.1,160,496,63.1
A004,A,banana,2021-06-03,THU,3.09,156,482.04,74.6
A004,A,banana,2021-06-04,FRI,3.09,159,491.31,86.2
A004,A,banana,2021-06-05,SAT,3.09,172,531.48,69.4
A004,A,banana,2021-06-06,SUN,3.09,170,525.3,76.6
A004,A,banana,2021-06-07,MON,3.09,159,491.31,76.9
A004,A,banana,2021-06-08,TUE,3.09,159,491.31,68.2
A004,A,banana,2021-06-09,WED,3.09,155,478.95,68.3
A004,A,banana,2021-06-10,THU,3.11,157,488.27,79.6
A004,A,banana,2021-06-11,FRI,3.11,155,482.05,76.8
A004,A,banana,2021-06-12,SAT,3.11,171,531.81,69.2
A004,A,banana,2021-06-13,SUN,3.11,171,531.81,65.4
A004,A,banana,2021-06-14,MON,3.11,158,491.38,66.9
A004,A,banana,2021-06-15,TUE,3.11,156,485.16,63.2
A004,A,banana,2021-06-16,WED,3.11,158,491.38,69.7
A004,A,banana,2021-06-17,THU,3.14,157,492.98,89.3
A004,A,banana,2021-06-18,FRI,3.14,155,486.7,95.7
A004,A,banana,2021-06-19,SAT,3.14,170,533.8,91.6
A004,A,banana,2021-06-20,SUN,3.14,170,533.8,92.9
A004,A,banana,2021-06-21,MON,3.14,160,502.4,85.6
A004,A,banana,2021-06-22,TUE,3.14,157,492.98,73.7
A004,A,banana,2021-06-23,WED,3.14,159,499.26,68.9
A004,A,banana,2021-06-24,THU,3.16,154,486.64,85.9
A004,A,banana,2021-06-25,FRI,3.16,154,486.64,81.6
A004,A,banana,2021-06-26,SAT,3.16,170,537.2,81.8
A004,A,banana,2021-06-27,SUN,3.16,172,543.52,89.3
A004,A,banana,2021-06-28,MON,3.16,154,486.64,96.9
A004,A,banana,2021-06-29,TUE,3.16,156,492.96,86.8
A004,A,banana,2021-06-30,WED,3.16,155,489.8,82.1
A004,A,banana,2021-07-01,THU,3.18,154,489.72,75.1
A004,A,banana,2021-07-02,FRI,3.18,157,499.26,77.7
A004,A,banana,2021-07-03,SAT,3.18,171,543.78,83.3
A004,A,banana,2021-07-04,SUN,3.18,172,546.96,87
A004,A,banana,2021-07-05,MON,3.18,155,492.9,77.6
A004,A,banana,2021-07-06,TUE,3.18,160,508.8,83.8
A004,A,banana,2021-07-07,WED,3.18,154,489.72,80.4
A004,A,banana,2021-07-08,THU,3.18,159,505.62,80.7
A004,A,banana,2021-07-09,FRI,3.18,158,502.44,82.4
A004,A,banana,2021-07-10,SAT,3.18,170,540.6,82.1
A004,A,banana,2021-07-11,SUN,3.18,170,540.6,82.3
A004,A,banana,2021-07-12,MON,3.18,157,499.26,84.2
A004,A,banana,2021-07-13,TUE,3.18,159,505.62,82
A004,A,banana,2021-07-14,WED,3.18,155,492.9,75
A004,A,banana,2021-07-15,THU,3.2,156,499.2,79.4
A004,A,banana,2021-07-16,FRI,3.2,154,492.8,71.6
A004,A,banana,2021-07-17,SAT,3.2,170,544,66.3
A004,A,banana,2021-07-18,SUN,3.2,171,547.2,66.4
A004,A,banana,2021-07-19,MON,3.2,156,499.2,72.2
A004,A,banana,2021-07-20,TUE,3.2,159,508.8,73.4
A004,A,banana,2021-07-21,WED,3.2,155,496,77.3
A004,A,banana,2021-07-22,THU,3.21,154,494.34,69.6
A004,A,banana,2021-07-23,FRI,3.21,158,507.18,78.7
A004,A,banana,2021-07-24,SAT,3.21,172,552.12,82
A004,A,banana,2021-07-25,SUN,3.21,172,552.12,89.1
A004,A,banana,2021-07-26,MON,3.21,158,507.18,75.5
A004,A,banana,2021-07-27,TUE,3.21,155,497.55,80.9
A004,A,banana,2021-07-28,WED,3.21,156,500.76,80.7
A004,A,banana,2021-07-29,THU,3.24,160,518.4,67.8
A004,A,banana,2021-07-30,FRI,3.24,157,508.68,89
A004,A,banana,2021-07-31,SAT,3.24,171,554.04,83
A004,A,banana,2021-08-01,SUN,3.24,170,550.8,87.9
A004,A,banana,2021-08-02,MON,3.24,159,515.16,77.6
A004,A,banana,2021-08-03,TUE,3.24,156,505.44,77.1
A004,A,banana,2021-08-04,WED,3.24,159,515.16,69.7
A004,A,banana,2021-08-05,THU,3.25,156,507,83.5
A004,A,banana,2021-08-06,FRI,3.25,154,500.5,80.8
A004,A,banana,2021-08-07,SAT,3.25,173,562.25,82.6
A004,A,banana,2021-08-08,SUN,3.25,171,555.75,80.3
A004,A,banana,2021-08-09,MON,3.25,159,516.75,82
A004,A,banana,2021-08-10,TUE,3.25,157,510.25,77.3
A004,A,banana,2021-08-11,WED,3.25,159,516.75,72.8
A004,A,banana,2021-08-12,THU,3.25,158,513.5,81.6
A004,A,banana,2021-08-13,FRI,3.25,156,507,77.6
A004,A,banana,2021-08-14,SAT,3.25,171,555.75,75.3
A004,A,banana,2021-08-15,SUN,3.25,170,552.5,77.9
A004,A,banana,2021-08-16,MON,3.25,157,510.25,76.8
A004,A,banana,2021-08-17,TUE,3.25,156,507,81.3
A004,A,banana,2021-08-18,WED,3.25,154,500.5,76.1
A004,A,banana,2021-08-19,THU,3.27,159,519.93,76.5
A004,A,banana,2021-08-20,FRI,3.27,158,516.66,80.6
A004,A,banana,2021-08-21,SAT,3.27,173,565.71,89
A004,A,banana,2021-08-22,SUN,3.27,172,562.44,88.9
A004,A,banana,2021-08-23,MON,3.27,155,506.85,78.6
A004,A,banana,2021-08-24,TUE,3.27,158,516.66,77.1
A004,A,banana,2021-08-25,WED,3.27,158,516.66,80.1
A004,A,banana,2021-08-26,THU,3.3,156,514.8,73.1
A004,A,banana,2021-08-27,FRI,3.3,158,521.4,77.4
A004,A,banana,2021-08-28,SAT,3.3,172,567.6,78.7
A004,A,banana,2021-08-29,SUN,3.3,171,564.3,78.4
A004,A,banana,2021-08-30,MON,3.3,157,518.1,82.2
A004,A,banana,2021-08-31,TUE,3.3,154,508.2,83
A004,A,banana,2021-09-01,WED,3.3,157,518.1,80.1
A004,A,banana,2021-09-02,THU,3.32,154,511.28,78.9
A004,A,banana,2021-09-03,FRI,3.32,155,514.6,74.4
A004,A,banana,2021-09-04,SAT,3.32,173,574.36,83.1
A004,A,banana,2021-09-05,SUN,3.32,170,564.4,76.9
A004,A,banana,2021-09-06,MON,3.32,156,517.92,75.5
A004,A,banana,2021-09-07,TUE,3.32,154,511.28,66.7
A004,A,banana,2021-09-08,WED,3.32,160,531.2,63
A004,A,banana,2021-09-09,THU,3.33,159,529.47,85.9
A004,A,banana,2021-09-10,FRI,3.33,154,512.82,87.5
A004,A,banana,2021-09-11,SAT,3.33,171,569.43,76.1
A004,A,banana,2021-09-12,SUN,3.33,172,572.76,75.5
A004,A,banana,2021-09-13,MON,3.33,157,522.81,77.8
A004,A,banana,2021-09-14,TUE,3.33,157,522.81,94.1
A004,A,banana,2021-09-15,WED,3.33,159,529.47,84.2
A004,A,banana,2021-09-16,THU,3.35,154,515.9,83.4
A004,A,banana,2021-09-17,FRI,3.35,160,536,83.2
A004,A,banana,2021-09-18,SAT,3.35,170,569.5,78.4
A004,A,banana,2021-09-19,SUN,3.35,171,572.85,88.7
A004,A,banana,2021-09-20,MON,3.35,160,536,82
A004,A,banana,2021-09-21,TUE,3.35,154,515.9,80
A004,A,banana,2021-09-22,WED,3.35,157,525.95,81.8
A004,A,banana,2021-09-23,THU,3.34,157,524.38,77.4
A004,A,banana,2021-09-24,FRI,3.34,158,527.72,80.8
A004,A,banana,2021-09-25,SAT,3.34,171,571.14,91.7
A004,A,banana,2021-09-26,SUN,3.34,170,567.8,83.3
A004,A,banana,2021-09-27,MON,3.34,159,531.06,76.7
A004,A,banana,2021-09-28,TUE,3.34,154,514.36,85.1
A004,A,banana,2021-09-29,WED,3.34,156,521.04,76.5
A004,A,banana,2021-09-30,THU,3.34,156,521.04,88.3
A004,A,cherry,2021-04-01,THU,,,,
A004,A,cherry,2021-04-02,FRI,,,,
A004,A,cherry,2021-04-03,SAT,,,,
A004,A,cherry,2021-04-04,SUN,,,,
A004,A,cherry,2021-04-05,MON,,,,
A004,A,cherry,2021-04-06,TUE,,,,
A004,A,cherry,2021-04-07,WED,,,,
A004,A,cherry,2021-04-08,THU,,,,
A004,A,cherry,2021-04-09,FRI,,,,
A004,A,cherry,2021-04-10,SAT,,,,
A004,A,cherry,2021-04-11,SUN,,,,
A004,A,cherry,2021-04-12,MON,,,,
A004,A,cherry,2021-04-13,TUE,,,,
A004,A,cherry,2021-04-14,WED,,,,
A004,A,cherry,2021-04-15,THU,,,,
A004,A,cherry,2021-04-16,FRI,,,,
A004,A,cherry,2021-04-17,SAT,,,,
A004,A,cherry,2021-04-18,SUN,,,,
A004,A,cherry,2021-04-19,MON,,,,
A004,A,cherry,2021-04-20,TUE,,,,
A004,A,cherry,2021-04-21,WED,,,,
A004,A,cherry,2021-04-22,THU,,,,
A004,A,cherry,2021-04-23,FRI,,,,
A004,A,cherry,2021-04-24,SAT,,,,
A004,A,cherry,2021-04-25,SUN,,,,
A004,A,cherry,2021-04-26,MON,,,,
A004,A,cherry,2021-04-27,TUE,,,,
A004,A,cherry,2021-04-28,WED,,,,
A004,A,cherry,2021-04-29,THU,,,,
A004,A,cherry,2021-04-30,FRI,,,,
A004,A,cherry,2021-05-01,SAT,,,,
A004,A,cherry,2021-05-02,SUN,,,,
A004,A,cherry,2021-05-03,MON,,,,
A004,A,cherry,2021-05-04,TUE,,,,
A004,A,cherry,2021-05-05,WED,,,,
A004,A,cherry,2021-05-06,THU,,,,
A004,A,cherry,2021-05-07,FRI,,,,
A004,A,cherry,2021-05-08,SAT,,,,
A004,A,cherry,2021-05-09,SUN,,,,
A004,A,cherry,2021-05-10,MON,,,,
A004,A,cherry,2021-05-11,TUE,,,,
A004,A,cherry,2021-05-12,WED,,,,
A004,A,cherry,2021-05-13,THU,,,,
A004,A,cherry,2021-05-14,FRI,,,,
A004,A,cherry,2021-05-15,SAT,,,,
A004,A,cherry,2021-05-16,SUN,,,,
A004,A,cherry,2021-05-17,MON,,,,
A004,A,cherry,2021-05-18,TUE,,,,
A004,A,cherry,2021-05-19,WED,,,,
A004,A,cherry,2021-05-20,THU,,,,
A004,A,cherry,2021-05-21,FRI,,,,
A004,A,cherry,2021-05-22,SAT,,,,
A004,A,cherry,2021-05-23,SUN,,,,
A004,A,cherry,2021-05-24,MON,,,,
A004,A,cherry,2021-05-25,TUE,,,,
A004,A,cherry,2021-05-26,WED,,,,
A004,A,cherry,2021-05-27,THU,,,,
A004,A,cherry,2021-05-28,FRI,,,,
A004,A,cherry,2021-05-29,SAT,,,,
A004,A,cherry,2021-05-30,SUN,,,,
A004,A,cherry,2021-05-31,MON,,,,
A004,A,cherry,2021-06-01,TUE,,,,
A004,A,cherry,2021-06-02,WED,,,,
A004,A,cherry,2021-06-03,THU,,,,
A004,A,cherry,2021-06-04,FRI,,,,
A004,A,cherry,2021-06-05,SAT,,,,
A004,A,cherry,2021-06-06,SUN,,,,
A004,A,cherry,2021-06-07,MON,,,,
A004,A,cherry,2021-06-08,TUE,,,,
A004,A,cherry,2021-06-09,WED,,,,
A004,A,cherry,2021-06-10,THU,,,,
A004,A,cherry,2021-06-11,FRI,,,,
A004,A,cherry,2021-06-12,SAT,,,,
A004,A,cherry,2021-06-13,SUN,,,,
A004,A,cherry,2021-06-14,MON,,,,
A004,A,cherry,2021-06-15,TUE,,,,
A004,A,cherry,2021-06-16,WED,,,,
A004,A,cherry,2021-06-17,THU,,,,
A004,A,cherry,2021-06-18,FRI,,,,
A004,A,cherry,2021-06-19,SAT,,,,
A004,A,cherry,2021-06-20,SUN,,,,
A004,A,cherry,2021-06-21,MON,,,,
A004,A,cherry,2021-06-22,TUE,,,,
A004,A,cherry,2021-06-23,WED,,,,
A004,A,cherry,2021-06-24,THU,,,,
A004,A,cherry,2021-06-25,FRI,,,,
A004,A,cherry,2021-06-26,SAT,,,,
A004,A,cherry,2021-06-27,SUN,,,,
A004,A,cherry,2021-06-28,MON,,,,
A004,A,cherry,2021-06-29,TUE,,,,
A004,A,cherry,2021-06-30,WED,,,,
A004,A,cherry,2021-07-01,THU,,,,
A004,A,cherry,2021-07-02,FRI,,,,
A004,A,cherry,2021-07-03,SAT,,,,
A004,A,cherry,2021-07-04,SUN,,,,
A004,A,cherry,2021-07-05,MON,,,,
A004,A,cherry,2021-07-06,TUE,,,,
A004,A,cherry,2021-07-07,WED,,,,
A004,A,cherry,2021-07-08,THU,,,,
A004,A,cherry,2021-07-09,FRI,,,,
A004,A,cherry,2021-07-10,SAT,,,,
A004,A,cherry,2021-07-11,SUN,,,,
A004,A,cherry,2021-07-12,MON,,,,
A004,A,cherry,2021-07-13,TUE,,,,
A004,A,cherry,2021-07-14,WED,,,,
A004,A,cherry,2021-07-15,THU,,,,
A004,A,cherry,2021-07-16,FRI,,,,
A004,A,cherry,2021-07-17,SAT,,,,
A004,A,cherry,2021-07-18,SUN,,,,
A004,A,cherry,2021-07-19,MON,,,,
A004,A,cherry,2021-07-20,TUE,,,,
A004,A,cherry,2021-07-21,WED,,,,
A004,A,cherry,2021-07-22,THU,,,,
A004,A,cherry,2021-07-23,FRI,,,,
A004,A,cherry,2021-07-24,SAT,,,,
A004,A,cherry,2021-07-25,SUN,,,,
A004,A,cherry,2021-07-26,MON,,,,
A004,A,cherry,2021-07-27,TUE,,,,
A004,A,cherry,2021-07-28,WED,,,,
A004,A,cherry,2021-07-29,THU,,,,
A004,A,cherry,2021-07-30,FRI,,,,
A004,A,cherry,2021-07-31,SAT,,,,
A004,A,cherry,2021-08-01,SUN,,,,
A004,A,cherry,2021-08-02,MON,,,,
A004,A,cherry,2021-08-03,TUE,,,,
A004,A,cherry,2021-08-04,WED,,,,
A004,A,cherry,2021-08-05,THU,,,,
A004,A,cherry,2021-08-06,FRI,,,,
A004,A,cherry,2021-08-07,SAT,,,,
A004,A,cherry,2021-08-08,SUN,,,,
A004,A,cherry,2021-08-09,MON,,,,
A004,A,cherry,2021-08-10,TUE,,,,
A004,A,cherry,2021-08-11,WED,,,,
A004,A,cherry,2021-08-12,THU,,,,
A004,A,cherry,2021-08-13,FRI,,,,
A004,A,cherry,2021-08-14,SAT,,,,
A004,A,cherry,2021-08-15,SUN,,,,
A004,A,cherry,2021-08-16,MON,,,,
A004,A,cherry,2021-08-17,TUE,,,,
A004,A,cherry,2021-08-18,WED,,,,
A004,A,cherry,2021-08-19,THU,,,,
A004,A,cherry,2021-08-20,FRI,,,,
A004,A,cherry,2021-08-21,SAT,,,,
A004,A,cherry,2021-08-22,SUN,,,,
A004,A,cherry,2021-08-23,MON,,,,
A004,A,cherry,2021-08-24,TUE,,,,
A004,A,cherry,2021-08-25,WED,,,,
A004,A,cherry,2021-08-26,THU,,,,
A004,A,cherry,2021-08-27,FRI,,,,
A004,A,cherry,2021-08-28,SAT,,,,
A004,A,cherry,2021-08-29,SUN,,,,
A004,A,cherry,2021-08-30,MON,,,,
A004,A,cherry,2021-08-31,TUE,,,,
A004,A,cherry,2021-09-01,WED,,,,
A004,A,cherry,2021-09-02,THU,,,,
A004,A,cherry,2021-09-03,FRI,,,,
A004,A,cherry,2021-09-04,SAT,,,,
A004,A,cherry,2021-09-05,SUN,,,,
A004,A,cherry,2021-09-06,MON,,,,
A004,A,cherry,2021-09-07,TUE,,,,
A004,A,cherry,2021-09-08,WED,,,,
A004,A,cherry,2021-09-09,THU,,,,
A004,A,cherry,2021-09-10,FRI,,,,
A004,A,cherry,2021-09-11,SAT,,,,
A004,A,cherry,2021-09-12,SUN,,,,
A004,A,cherry,2021-09-13,MON,,,,
A004,A,cherry,2021-09-14,TUE,,,,
A004,A,cherry,2021-09-15,WED,,,,
A004,A,cherry,2021-09-16,THU,,,,
A004,A,cherry,2021-09-17,FRI,,,,
A004,A,cherry,2021-09-18,SAT,,,,
A004,A,cherry,2021-09-19,SUN,,,,
A004,A,cherry,2021-09-20,MON,,,,
A004,A,cherry,2021-09-21,TUE,,,,
A004,A,cherry,2021-09-22,WED,,,,
A004,A,cherry,2021-09-23,THU,,,,
A004,A,cherry,2021-09-24,FRI,,,,
A004,A,cherry,2021-09-25,SAT,,,,
A004,A,cherry,2021-09-26,SUN,,,,
A004,A,cherry,2021-09-27,MON,,,,
A004,A,cherry,2021-09-28,TUE,,,,
A004,A,cherry,2021-09-29,WED,,,,
A004,A,cherry,2021-09-30,THU,,,,
A005,A,apple,2021-04-01,THU,0.93,127,118.11,81.7
A005,A,apple,2021-04-02,FRI,0.93,127,118.11,70.6
A005,A,apple,2021-04-03,SAT,0.93,141,131.13,72.7
A005,A,apple,2021-04-04,SUN,0.93,141,131.13,70
A005,A,apple,2021-04-05,MON,0.93,127,118.11,50
A005,A,apple,2021-04-06,TUE,0.93,131,121.83,62.1
A005,A,apple,2021-04-07,WED,0.93,131,121.83,63.6
A005,A,apple,2021-04-08,THU,0.94,129,121.26,67.9
A005,A,apple,2021-04-09,FRI,0.94,129,121.26,81.3
A005,A,apple,2021-04-10,SAT,0.94,141,132.54,81.7
A005,A,apple,2021-04-11,SUN,0.94,141,132.54,75.8
A005,A,apple,2021-04-12,MON,0.94,129,121.26,64.1
A005,A,apple,2021-04-13,TUE,0.94,129,121.26,54.2
A005,A,apple,2021-04-14,WED,0.94,129,121.26,59.8
A005,A,apple,2021-04-15,THU,0.93,128,119.04,70.3
A005,A,apple,2021-04-16,FRI,0.93,129,119.97,70.8
A005,A,apple,2021-04-17,SAT,0.93,140,130.2,57.3
A005,A,apple,2021-04-18,SUN,0.93,141,131.13,55.7
A005,A,apple,2021-04-19,MON,0.93,131,121.83,66.6
A005,A,apple,2021-04-20,TUE,0.93,131,121.83,68.4
A005,A,apple,2021-04-21,WED,0.93,130,120.9,73.7
A005,A,apple,2021-04-22,THU,0.93,131,121.83,62.8
A005,A,apple,2021-04-23,FRI,0.93,128,119.04,60.2
A005,A,apple,2021-04-24,SAT,0.93,141,131.13,58.6
A005,A,apple,2021-04-25,SUN,0.93,140,130.2,70.3
A005,A,apple,2021-04-26,MON,0.93,127,118.11,60.3
A005,A,apple,2021-04-27,TUE,0.93,130,120.9,68.9
A005,A,apple,2021-04-28,WED,0.93,130,120.9,66.9
A005,A,apple,2021-04-29,THU,0.95,129,122.55,68.4
A005,A,apple,2021-04-30,FRI,0.95,127,120.65,65.9
A005,A,apple,2021-05-01,SAT,0.95,142,134.9,69.4
A005,A,apple,2021-05-02,SUN,0.95,140,133,63.4
A005,A,apple,2021-05-03,MON,0.95,131,124.45,76.6
A005,A,apple,2021-05-04,TUE,0.95,129,122.55,72
A005,A,apple,2021-05-05,WED,0.95,129,122.55,77
A005,A,apple,2021-05-06,THU,0.95,131,124.45,71.7
A005,A,apple,2021-05-07,FRI,0.95,130,123.5,61.3
A005,A,apple,2021-05-08,SAT,0.95,140,133,83.4
A005,A,apple,2021-05-09,SUN,0.95,140,133,76
A005,A,apple,2021-05-10,MON,0.95,128,121.6,73.5
A005,A,apple,2021-05-11,TUE,0.95,128,121.6,72.5
A005,A,apple,2021-05-12,WED,0.95,132,125.4,70
A005,A,apple,2021-05-13,THU,0.96,129,123.84,87.9
A005,A,apple,2021-05-14,FRI,0.96,129,123.84,84.6
A005,A,apple,2021-05-15,SAT,0.96,141,135.36,90.2
A005,A,apple,2021-05-16,SUN,0.96,140,134.4,84
A005,A,apple,2021-05-17,MON,0.96,129,123.84,82.9
A005,A,apple,2021-05-18,TUE,0.96,129,123.84,78.9
A005,A,apple,2021-05-19,WED,0.96,127,121.92,74.8
A005,A,apple,2021-05-20,THU,0.98,128,125.44,81.9
A005,A,apple,2021-05-21,FRI,0.98,129,126.42,81.8
A005,A,apple,2021-05-22,SAT,0.98,140,137.2,83.3
A005,A,apple,2021-05-23,SUN,0.98,141,138.18,80.2
A005,A,apple,2021-05-24,MON,0.98,129,126.42,84.4
A005,A,apple,2021-05-25,TUE,0.98,127,124.46,75.7
A005,A,apple,2021-05-26,WED,0.98,127,124.46,79.4
A005,A,apple,2021-05-27,THU,0.98,130,127.4,75.3
A005,A,apple,2021-05-28,FRI,0.98,128,125.44,74.9
A005,A,apple,2021-05-29,SAT,0.98,141,138.18,65.5
A005,A,apple,2021-05-30,SUN,0.98,140,137.2,78.2
A005,A,apple,2021-05-31,MON,0.98,130,127.4,74.8
A005,A,apple,2021-06-01,TUE,0.98,130,127.4,62.7
A005,A,apple,2021-06-02,WED,0.98,131,128.38,63.1
A005,A,apple,2021-06-03,THU,0.98,130,127.4,74.6
A005,A,apple,2021-06-04,FRI,0.98,127,124.46,86.2
A005,A,apple,2021-06-05,SAT,0.98,140,137.2,69.4
A005,A,apple,2021-06-06,SUN,0.98,141,138.18,76.6
A005,A,apple,2021-06-07,MON,0.98,129,126.42,76.9
A005,A,apple,2021-06-08,TUE,0.98,129,126.42,68.2
A005,A,apple,2021-06-09,WED,0.98,127,124.46,68.3
A005,A,apple,2021-06-10,THU,0.99,131,129.69,79.6
A005,A,apple,2021-06-11,FRI,0.99,128,126.72,76.8
A005,A,apple,2021-06-12,SAT,0.99,141,139.59,69.2
A005,A,apple,2021-06-13,SUN,0.99,139,137.61,65.4
A005,A,apple,2021-06-14,MON,0.99,129,127.71,66.9
A005,A,apple,2021-06-15,TUE,0.99,126,124.74,63.2
A005,A,apple,2021-06-16,WED,0.99,130,128.7,69.7
A005,A,apple,2021-06-17,THU,0.99,127,125.73,89.3
A005,A,apple,2021-06-18,FRI,0.99,127,125.73,95.7
A005,A,apple,2021-06-19,SAT,0.99,142,140.58,91.6
A005,A,apple,2021-06-20,SUN,0.99,142,140.58,92.9
A005,A,apple,2021-06-21,MON,0.99,130,128.7,85.6
A005,A,apple,2021-06-22,TUE,0.99,130,128.7,73.7
A005,A,apple,2021-06-23,WED,0.99,131,129.69,68.9
A005,A,apple,2021-06-24,THU,0.98,131,128.38,85.9
A005,A,apple,2021-06-25,FRI,0.98,130,127.4,81.6
A005,A,apple,2021-06-26,SAT,0.98,140,137.2,81.8
A005,A,apple,2021-06-27,SUN,0.98,139,136.22,89.3
A005,A,apple,2021-06-28,MON,0.98,130,127.4,96.9
A005,A,apple,2021-06-29,TUE,0.98,128,125.44,86.8
A005,A,apple,2021-06-30,WED,0.98,130,127.4,82.1
A005,A,apple,2021-07-01,THU,0.98,127,124.46,75.1
A005,A,apple,2021-07-02,FRI,0.98,129,126.42,77.7
A005,A,apple,2021-07-03,SAT,0.98,141,138.18,83.3
A005,A,apple,2021-07-04,SUN,0.98,140,137.2,87
A005,A,apple,2021-07-05,MON,0.98,127,124.46,77.6
A005,A,apple,2021-07-06,TUE,0.98,128,125.44,83.8
A005,A,apple,2021-07-07,WED,0.98,130,127.4,80.4
A005,A,apple,2021-07-08,THU,0.97,128,124.16,80.7
A005,A,apple,2021-07-09,FRI,0.97,131,127.07,82.4
A005,A,apple,2021-07-10,SAT,0.97,140,135.8,82.1
A005,A,apple,2021-07-11,SUN,0.97,140,135.8,82.3
A005,A,apple,2021-07-12,MON,0.97,128,124.16,84.2
A005,A,apple,2021-07-13,TUE,0.97,130,126.1,82
A005,A,apple,2021-07-14,WED,0.97,127,123.19,75
A005,A,apple,2021-07-15,THU,0.98,127,124.46,79.4
A005,A,apple,2021-07-16,FRI,0.98,130,127.4,71.6
A005,A,apple,2021-07-17,SAT,0.98,140,137.2,66.3
A005,A,apple,2021-07-18,SUN,0.98,140,137.2,66.4
A005,A,apple,2021-07-19,MON,0.98,130,127.4,72.2
A005,A,apple,2021-07-20,TUE,0.98,129,126.42,73.4
A005,A,apple,2021-07-21,WED,0.98,131,128.38,77.3
A005,A,apple,2021-07-22,THU,0.99,130,128.7,69.6
A005,A,apple,2021-07-23,FRI,0.99,130,128.7,78.7
A005,A,apple,2021-07-24,SAT,0.99,139,137.61,82
A005,A,apple,2021-07-25,SUN,0.99,141,139.59,89.1
A005,A,apple,2021-07-26,MON,0.99,129,127.71,75.5
A005,A,apple,2021-07-27,TUE,0.99,128,126.72,80.9
A005,A,apple,2021-07-28,WED,0.99,132,130.68,80.7
A005,A,apple,2021-07-29,THU,1.01,129,130.29,67.8
A005,A,apple,2021-07-30,FRI,1.01,128,129.28,89
A005,A,apple,2021-07-31,SAT,1.01,142,143.42,83
A005,A,apple,2021-08-01,SUN,1.01,141,142.41,87.9
A005,A,apple,2021-08-02,MON,1.01,130,131.3,77.6
A005,A,apple,2021-08-03,TUE,1.01,127,128.27,77.1
A005,A,apple,2021-08-04,WED,1.01,127,128.27,69.7
A005,A,apple,2021-08-05,THU,1.03,131,134.93,83.5
A005,A,apple,2021-08-06,FRI,1.03,128,131.84,80.8
A005,A,apple,2021-08-07,SAT,1.03,140,144.2,82.6
A005,A,apple,2021-08-08,SUN,1.03,140,144.2,80.3
A005,A,apple,2021-08-09,MON,1.03,127,130.81,82
A005,A,apple,2021-08-10,TUE,1.03,128,131.84,77.3
A005,A,apple,2021-08-11,WED,1.03,127,130.81,72.8
A005,A,apple,2021-08-12,THU,1.05,131,137.55,81.6
A005,A,apple,2021-08-13,FRI,1.05,127,133.35,77.6
A005,A,apple,2021-08-14,SAT,1.05,140,147,75.3
A005,A,apple,2021-08-15,SUN,1.05,140,147,77.9
A005,A,apple,2021-08-16,MON,1.05,130,136.5,76.8
A005,A,apple,2021-08-17,TUE,1.05,127,133.35,81.3
A005,A,apple,2021-08-18,WED,1.05,129,135.45,76.1
A005,A,apple,2021-08-19,THU,1.06,128,135.68,76.5
A005,A,apple,2021-08-20,FRI,1.06,127,134.62,80.6
A005,A,apple,2021-08-21,SAT,1.06,140,148.4,89
A005,A,apple,2021-08-22,SUN,1.06,141,149.46,88.9
A005,A,apple,2021-08-23,MON,1.06,128,135.68,78.6
A005,A,apple,2021-08-24,TUE,1.06,126,133.56,77.1
A005,A,apple,2021-08-25,WED,1.06,127,134.62,80.1
A005,A,apple,2021-08-26,THU,1.07,129,138.03,73.1
A005,A,apple,2021-08-27,FRI,1.07,129,138.03,77.4
A005,A,apple,2021-08-28,SAT,1.07,141,150.87,78.7
A005,A,apple,2021-08-29,SUN,1.07,141,150.87,78.4
A005,A,apple,2021-08-30,MON,1.07,131,140.17,82.2
A005,A,apple,2021-08-31,TUE,1.07,130,139.1,83
A005,A,apple,2021-09-01,WED,1.07,129,138.03,80.1
A005,A,apple,2021-09-02,THU,1.08,127,137.16,78.9
A005,A,apple,2021-09-03,FRI,1.08,127,137.16,74.4
A005,A,apple,2021-09-04,SAT,1.08,140,151.2,83.1
A005,A,apple,2021-09-05,SUN,1.08,141,152.28,76.9
A005,A,apple,2021-09-06,MON,1.08,127,137.16,75.5
A005,A,apple,2021-09-07,TUE,1.08,131,141.48,66.7
A005,A,apple,2021-09-08,WED,1.08,126,136.08,63
A005,A,apple,2021-09-09,THU,1.1,130,143,85.9
A005,A,apple,2021-09-10,FRI,1.1,128,140.8,87.5
A005,A,apple,2021-09-11,SAT,1.1,140,154,76.1
A005,A,apple,2021-09-12,SUN,1.1,142,156.2,75.5
A005,A,apple,2021-09-13,MON,1.1,130,143,77.8
A005,A,apple,2021-09-14,TUE,1.1,129,141.9,94.1
A005,A,apple,2021-09-15,WED,1.1,129,141.9,84.2
A005,A,apple,2021-09-16,THU,1.1,129,141.9,83.4
A005,A,apple,2021-09-17,FRI,1.1,128,140.8,83.2
A005,A,apple,2021-09-18,SAT,1.1,141,155.1,78.4
A005,A,apple,2021-09-19,SUN,1.1,141,155.1,88.7
A005,A,apple,2021-09-20,MON,1.1,127,139.7,82
A005,A,apple,2021-09-21,TUE,1.1,126,138.6,80
A005,A,apple,2021-09-22,WED,1.1,128,140.8,81.8
A005,A,apple,2021-09-23,THU,1.11,131,145.41,77.4
A005,A,apple,2021-09-24,FRI,1.11,128,142.08,80.8
A005,A,apple,2021-09-25,SAT,1.11,140,155.4,91.7
A005,A,apple,2021-09-26,SUN,1.11,140,155.4,83.3
A005,A,apple,2021-09-27,MON,1.11,131,145.41,76.7
A005,A,apple,2021-09-28,TUE,1.11,127,140.97,85.1
A005,A,apple,2021-09-29,WED,1.11,127,140.97,76.5
A005,A,apple,2021-09-30,THU,1.13,128,144.64,88.3
A005,A,banana,2021-04-01,THU,2.97,384,1140.48,81.7
A005,A,banana,2021-04-02,FRI,2.97,385,1143.45,70.6
A005,A,banana,2021-04-03,SAT,2.97,416,1235.52,72.7
A005,A,banana,2021-04-04,SUN,2.97,420,1247.4,70
A005,A,banana,2021-04-05,MON,2.97,385,1143.45,50
A005,A,banana,2021-04-06,TUE,2.97,389,1155.33,62.1
A005,A,banana,2021-04-07,WED,2.97,387,1149.39,63.6
A005,A,banana,2021-04-08,THU,2.97,384,1140.48,67.9
A005,A,banana,2021-04-09,FRI,2.97,379,1125.63,81.3
A005,A,banana,2021-04-10,SAT,2.97,422,1253.34,81.7
A005,A,banana,2021-04-11,SUN,2.97,416,1235.52,75.8
A005,A,banana,2021-04-12,MON,2.97,384,1140.48,64.1
A005,A,banana,2021-04-13,TUE,2.97,386,1146.42,54.2
A005,A,banana,2021-04-14,WED,2.97,384,1140.48,59.8
A005,A,banana,2021-04-15,THU,2.96,383,1133.68,70.3
A005,A,banana,2021-04-16,FRI,2.96,383,1133.68,70.8
A005,A,banana,2021-04-17,SAT,2.96,421,1246.16,57.3
A005,A,banana,2021-04-18,SUN,2.96,420,1243.2,55.7
A005,A,banana,2021-04-19,MON,2.96,380,1124.8,66.6
A005,A,banana,2021-04-20,TUE,2.96,379,1121.84,68.4
A005,A,banana,2021-04-21,WED,2.96,377,1115.92,73.7
A005,A,banana,2021-04-22,THU,2.97,381,1131.57,62.8
A005,A,banana,2021-04-23,FRI,2.97,381,1131.57,60.2
A005,A,banana,2021-04-24,SAT,2.97,420,1247.4,58.6
A005,A,banana,2021-04-25,SUN,2.97,420,1247.4,70.3
A005,A,banana,2021-04-26,MON,2.97,385,1143.45,60.3
A005,A,banana,2021-04-27,TUE,2.97,387,1149.39,68.9
A005,A,banana,2021-04-28,WED,2.97,379,1125.63,66.9
A005,A,banana,2021-04-29,THU,2.99,383,1145.17,68.4
A005,A,banana,2021-04-30,FRI,2.99,379,1133.21,65.9
A005,A,banana,2021-05-01,SAT,2.99,417,1246.83,69.4
A005,A,banana,2021-05-02,SUN,2.99,422,1261.78,63.4
A005,A,banana,2021-05-03,MON,2.99,378,1130.22,76.6
A005,A,banana,2021-05-04,TUE,2.99,380,1136.2,72
A005,A,banana,2021-05-05,WED,2.99,377,1127.23,77
A005,A,banana,2021-05-06,THU,2.99,386,1154.14,71.7
A005,A,banana,2021-05-07,FRI,2.99,384,1148.16,61.3
A005,A,banana,2021-05-08,SAT,2.99,419,1252.81,83.4
A005,A,banana,2021-05-09,SUN,2.99,421,1258.79,76
A005,A,banana,2021-05-10,MON,2.99,388,1160.12,73.5
A005,A,banana,2021-05-11,TUE,2.99,387,1157.13,72.5
A005,A,banana,2021-05-12,WED,2.99,387,1157.13,70
A005,A,banana,2021-05-13,THU,3,388,1164,87.9
A005,A,banana,2021-05-14,FRI,3,379,1137,84.6
A005,A,banana,2021-05-15,SAT,3,415,1245,90.2
A005,A,banana,2021-05-16,SUN,3,421,1263,84
A005,A,banana,2021-05-17,MON,3,388,1164,82.9
A005,A,banana,2021-05-18,TUE,3,387,1161,78.9
A005,A,banana,2021-05-19,WED,3,383,1149,74.8
A005,A,banana,2021-05-20,THU,3,387,1161,81.9
A005,A,banana,2021-05-21,FRI,3,386,1158,81.8
A005,A,banana,2021-05-22,SAT,3,421,1263,83.3
A005,A,banana,2021-05-23,SUN,3,416,1248,80.2
A005,A,banana,2021-05-24,MON,3,378,1134,84.4
A005,A,banana,2021-05-25,TUE,3,383,1149,75.7
A005,A,banana,2021-05-26,WED,3,381,1143,79.4
A005,A,banana,2021-05-27,THU,2.99,383,1145.17,75.3
A005,A,banana,2021-05-28,FRI,2.99,385,1151.15,74.9
A005,A,banana,2021-05-29,SAT,2.99,417,1246.83,65.5
A005,A,banana,2021-05-30,SUN,2.99,420,1255.8,78.2
A005,A,banana,2021-05-31,MON,2.99,382,1142.18,74.8
A005,A,banana,2021-06-01,TUE,2.99,384,1148.16,62.7
A005,A,banana,2021-06-02,WED,2.99,379,1133.21,63.1
A005,A,banana,2021-06-03,THU,2.99,380,1136.2,74.6
A005,A,banana,2021-06-04,FRI,2.99,380,1136.2,86.2
A005,A,banana,2021-06-05,SAT,2.99,422,1261.78,69.4
A005,A,banana,2021-06-06,SUN,2.99,420,1255.8,76.6
A005,A,banana,2021-06-07,MON,2.99,389,1163.11,76.9
A005,A,banana,2021-06-08,TUE,2.99,389,1163.11,68.2
A005,A,banana,2021-06-09,WED,2.99,389,1163.11,68.3
A005,A,banana,2021-06-10,THU,3,388,1164,79.6
A005,A,banana,2021-06-11,FRI,3,386,1158,76.8
A005,A,banana,2021-06-12,SAT,3,421,1263,69.2
A005,A,banana,2021-06-13,SUN,3,422,1266,65.4
A005,A,banana,2021-06-14,MON,3,391,1173,66.9
A005,A,banana,2021-06-15,TUE,3,387,1161,63.2
A005,A,banana,2021-06-16,WED,3,380,1140,69.7
A005,A,banana,2021-06-17,THU,3.02,381,1150.62,89.3
A005,A,banana,2021-06-18,FRI,3.02,389,1174.78,95.7
A005,A,banana,2021-06-19,SAT,3.02,421,1271.42,91.6
A005,A,banana,2021-06-20,SUN,3.02,420,1268.4,92.9
A005,A,banana,2021-06-21,MON,3.02,379,1144.58,85.6
A005,A,banana,2021-06-22,TUE,3.02,386,1165.72,73.7
A005,A,banana,2021-06-23,WED,3.02,390,1177.8,68.9
A005,A,banana,2021-06-24,THU,3.03,385,1166.55,85.9
A005,A,banana,2021-06-25,FRI,3.03,389,1178.67,81.6
A005,A,banana,2021-06-26,SAT,3.03,417,1263.51,81.8
A005,A,banana,2021-06-27,SUN,3.03,415,1257.45,89.3
A005,A,banana,2021-06-28,MON,3.03,378,1145.34,96.9
A005,A,banana,2021-06-29,TUE,3.03,385,1166.55,86.8
A005,A,banana,2021-06-30,WED,3.03,378,1145.34,82.1
A005,A,banana,2021-07-01,THU,3.05,379,1155.95,75.1
A005,A,banana,2021-07-02,FRI,3.05,388,1183.4,77.7
A005,A,banana,2021-07-03,SAT,3.05,422,1287.1,83.3
A005,A,banana,2021-07-04,SUN,3.05,419,1277.95,87
A005,A,banana,2021-07-05,MON,3.05,377,1149.85,77.6
A005,A,banana,2021-07-06,TUE,3.05,380,1159,83.8
A005,A,banana,2021-07-07,WED,3.05,383,1168.15,80.4
A005,A,banana,2021-07-08,THU,3.04,390,1185.6,80.7
A005,A,banana,2021-07-09,FRI,3.04,389,1182.56,82.4
A005,A,banana,2021-07-10,SAT,3.04,420,1276.8,82.1
A005,A,banana,2021-07-11,SUN,3.04,420,1276.8,82.3
A005,A,banana,2021-07-12,MON,3.04,383,1164.32,84.2
A005,A,banana,2021-07-13,TUE,3.04,386,1173.44,82
A005,A,banana,2021-07-14,WED,3.04,390,1185.6,75
A005,A,banana,2021-07-15,THU,3.05,381,1162.05,79.4
A005,A,banana,2021-07-16,FRI,3.05,380,1159,71.6
A005,A,banana,2021-07-17,SAT,3.05,416,1268.8,66.3
A005,A,banana,2021-07-18,SUN,3.05,422,1287.1,66.4
A005,A,banana,2021-07-19,MON,3.05,389,1186.45,72.2
A005,A,banana,2021-07-20,TUE,3.05,377,1149.85,73.4
A005,A,banana,2021-07-21,WED,3.05,378,1152.9,77.3
A005,A,banana,2021-07-22,THU,3.04,379,1152.16,69.6
A005,A,banana,2021-07-23,FRI,3.04,380,1155.2,78.7
A005,A,banana,2021-07-24,SAT,3.04,421,1279.84,82
A005,A,banana,2021-07-25,SUN,3.04,417,1267.68,89.1
A005,A,banana,2021-07-26,MON,3.04,383,1164.32,75.5
A005,A,banana,2021-07-27,TUE,3.04,391,1188.64,80.9
A005,A,banana,2021-07-28,WED,3.04,376,1143.04,80.7
A005,A,banana,2021-07-29,THU,3.05,383,1168.15,67.8
A005,A,banana,2021-07-30,FRI,3.05,391,1192.55,89
A005,A,banana,2021-07-31,SAT,3.05,422,1287.1,83
A005,A,banana,2021-08-01,SUN,3.05,421,1284.05,87.9
A005,A,banana,2021-08-02,MON,3.05,377,1149.85,77.6
A005,A,banana,2021-08-03,TUE,3.05,389,1186.45,77.1
A005,A,banana,2021-08-04,WED,3.05,384,1171.2,69.7
A005,A,banana,2021-08-05,THU,3.06,389,1190.34,83.5
A005,A,banana,2021-08-06,FRI,3.06,387,1184.22,80.8
A005,A,banana,2021-08-07,SAT,3.06,421,1288.26,82.6
A005,A,banana,2021-08-08,SUN,3.06,415,1269.9,80.3
A005,A,banana,2021-08-09,MON,3.06,378,1156.68,82
A005,A,banana,2021-08-10,TUE,3.06,389,1190.34,77.3
A005,A,banana,2021-08-11,WED,3.06,386,1181.16,72.8
A005,A,banana,2021-08-12,THU,3.07,387,1188.09,81.6
A005,A,banana,2021-08-13,FRI,3.07,385,1181.95,77.6
A005,A,banana,2021-08-14,SAT,3.07,418,1283.26,75.3
A005,A,banana,2021-08-15,SUN,3.07,421,1292.47,77.9
A005,A,banana,2021-08-16,MON,3.07,382,1172.74,76.8
A005,A,banana,2021-08-17,TUE,3.07,383,1175.81,81.3
A005,A,banana,2021-08-18,WED,3.07,387,1188.09,76.1
A005,A,banana,2021-08-19,THU,3.07,386,1185.02,76.5
A005,A,banana,2021-08-20,FRI,3.07,377,1157.39,80.6
A005,A,banana,2021-08-21,SAT,3.07,419,1286.33,89
A005,A,banana,2021-08-22,SUN,3.07,419,1286.33,88.9
A005,A,banana,2021-08-23,MON,3.07,390,1197.3,78.6
A005,A,banana,2021-08-24,TUE,3.07,383,1175.81,77.1
A005,A,banana,2021-08-25,WED,3.07,389,1194.23,80.1
A005,A,banana,2021-08-26,THU,3.06,386,1181.16,73.1
A005,A,banana,2021-08-27,FRI,3.06,390,1193.4,77.4
A005,A,banana,2021-08-28,SAT,3.06,422,1291.32,78.7
A005,A,banana,2021-08-29,SUN,3.06,419,1282.14,78.4
A005,A,banana,2021-08-30,MON,3.06,391,1196.46,82.2
A005,A,banana,2021-08-31,TUE,3.06,390,1193.4,83
A005,A,banana,2021-09-01,WED,3.06,383,1171.98,80.1
A005,A,banana,2021-09-02,THU,3.07,388,1191.16,78.9
A005,A,banana,2021-09-03,FRI,3.07,391,1200.37,74.4
A005,A,banana,2021-09-04,SAT,3.07,420,1289.4,83.1
A005,A,banana,2021-09-05,SUN,3.07,417,1280.19,76.9
A005,A,banana,2021-09-06,MON,3.07,381,1169.67,75.5
A005,A,banana,2021-09-07,TUE,3.07,387,1188.09,66.7
A005,A,banana,2021-09-08,WED,3.07,390,1197.3,63
A005,A,banana,2021-09-09,THU,3.09,378,1168.02,85.9
A005,A,banana,2021-09-10,FRI,3.09,383,1183.47,87.5
A005,A,banana,2021-09-11,SAT,3.09,421,1300.89,76.1
A005,A,banana,2021-09-12,SUN,3.09,420,1297.8,75.5
A005,A,banana,2021-09-13,MON,3.09,385,1189.65,77.8
A005,A,banana,2021-09-14,TUE,3.09,385,1189.65,94.1
A005,A,banana,2021-09-15,WED,3.09,376,1161.84,84.2
A005,A,banana,2021-09-16,THU,3.12,381,1188.72,83.4
A005,A,banana,2021-09-17,FRI,3.12,391,1219.92,83.2
A005,A,banana,2021-09-18,SAT,3.12,418,1304.16,78.4
A005,A,banana,2021-09-19,SUN,3.12,422,1316.64,88.7
A005,A,banana,2021-09-20,MON,3.12,377,1176.24,82
A005,A,banana,2021-09-21,TUE,3.12,378,1179.36,80
A005,A,banana,2021-09-22,WED,3.12,378,1179.36,81.8
A005,A,banana,2021-09-23,THU,3.11,382,1188.02,77.4
A005,A,banana,2021-09-24,FRI,3.11,385,1197.35,80.8
A005,A,banana,2021-09-25,SAT,3.11,417,1296.87,91.7
A005,A,banana,2021-09-26,SUN,3.11,417,1296.87,83.3
A005,A,banana,2021-09-27,MON,3.11,386,1200.46,76.7
A005,A,banana,2021-09-28,TUE,3.11,381,1184.91,85.1
A005,A,banana,2021-09-29,WED,3.11,379,1178.69,76.5
A005,A,banana,2021-09-30,THU,3.11,391,1216.01,88.3
A006,A,apple,2021-04-01,THU,1.37,137,187.69,81.7
A006,A,apple,2021-04-02,FRI,1.37,139,190.43,70.6
A006,A,apple,2021-04-03,SAT,1.37,151,206.87,72.7
A006,A,apple,2021-04-04,SUN,1.37,152,208.24,70
A006,A,apple,2021-04-05,MON,1.37,137,187.69,50
A006,A,apple,2021-04-06,TUE,1.37,136,186.32,62.1
A006,A,apple,2021-04-07,WED,1.37,139,190.43,63.6
A006,A,apple,2021-04-08,THU,1.36,141,191.76,67.9
A006,A,apple,2021-04-09,FRI,1.36,139,189.04,81.3
A006,A,apple,2021-04-10,SAT,1.36,151,205.36,81.7
A006,A,apple,2021-04-11,SUN,1.36,151,205.36,75.8
A006,A,apple,2021-04-12,MON,1.36,141,191.76,64.1
A006,A,apple,2021-04-13,TUE,1.36,139,189.04,54.2
A006,A,apple,2021-04-14,WED,1.36,138,187.68,59.8
A006,A,apple,2021-04-15,THU,1.36,138,187.68,70.3
A006,A,apple,2021-04-16,FRI,1.36,139,189.04,70.8
A006,A,apple,2021-04-17,SAT,1.36,152,206.72,57.3
A006,A,apple,2021-04-18,SUN,1.36,152,206.72,55.7
A006,A,apple,2021-04-19,MON,1.36,140,190.4,66.6
A006,A,apple,2021-04-20,TUE,1.36,142,193.12,68.4
A006,A,apple,2021-04-21,WED,1.36,140,190.4,73.7
A006,A,apple,2021-04-22,THU,1.38,140,193.2,62.8
A006,A,apple,2021-04-23,FRI,1.38,139,191.82,60.2
A006,A,apple,2021-04-24,SAT,1.38,152,209.76,58.6
A006,A,apple,2021-04-25,SUN,1.38,152,209.76,70.3
A006,A,apple,2021-04-26,MON,1.38,141,194.58,60.3
A006,A,apple,2021-04-27,TUE,1.38,142,195.96,68.9
A006,A,apple,2021-04-28,WED,1.38,139,191.82,66.9
A006,A,apple,2021-04-29,THU,1.37,139,190.43,68.4
A006,A,apple,2021-04-30,FRI,1.37,140,191.8,65.9
A006,A,apple,2021-05-01,SAT,1.37,152,208.24,69.4
A006,A,apple,2021-05-02,SUN,1.37,153,209.61,63.4
A006,A,apple,2021-05-03,MON,1.37,141,193.17,76.6
A006,A,apple,2021-05-04,TUE,1.37,139,190.43,72
A006,A,apple,2021-05-05,WED,1.37,138,189.06,77
A006,A,apple,2021-05-06,THU,1.4,139,194.6,71.7
A006,A,apple,2021-05-07,FRI,1.4,140,196,61.3
A006,A,apple,2021-05-08,SAT,1.4,151,211.4,83.4
A006,A,apple,2021-05-09,SUN,1.4,151,211.4,76
A006,A,apple,2021-05-10,MON,1.4,137,191.8,73.5
A006,A,apple,2021-05-11,TUE,1.4,140,196,72.5
A006,A,apple,2021-05-12,WED,1.4,141,197.4,70
A006,A,apple,2021-05-13,THU,1.39,140,194.6,87.9
A006,A,apple,2021-05-14,FRI,1.39,140,194.6,84.6
A006,A,apple,2021-05-15,SAT,1.39,153,212.67,90.2
A006,A,apple,2021-05-16,SUN,1.39,151,209.89,84
A006,A,apple,2021-05-17,MON,1.39,141,195.99,82.9
A006,A,apple,2021-05-18,TUE,1.39,138,191.82,78.9
A006,A,apple,2021-05-19,WED,1.39,136,189.04,74.8
A006,A,apple,2021-05-20,THU,1.39,140,194.6,81.9
A006,A,apple,2021-05-21,FRI,1.39,141,195.99,81.8
A006,A,apple,2021-05-22,SAT,1.39,150,208.5,83.3
A006,A,apple,2021-05-23,SUN,1.39,152,211.28,80.2
A006,A,apple,2021-05-24,MON,1.39,141,195.99,84.4
A006,A,apple,2021-05-25,TUE,1.39,140,194.6,75.7
A006,A,apple,2021-05-26,WED,1.39,138,191.82,79.4
A006,A,apple,2021-05-27,THU,1.4,140,196,75.3
A006,A,apple,2021-05-28,FRI,1.4,138,193.2,74.9
A006,A,apple,2021-05-29,SAT,1.4,151,211.4,65.5
A006,A,apple,2021-05-30,SUN,1.4,152,212.8,78.2
A006,A,apple,2021-05-31,MON,1.4,140,196,74.8
A006,A,apple,2021-06-01,TUE,1.4,138,193.2,62.7
A006,A,apple,2021-06-02,WED,1.4,137,191.8,63.1
A006,A,apple,2021-06-03,THU,1.4,139,194.6,74.6
A006,A,apple,2021-06-04,FRI,1.4,136,190.4,86.2
A006,A,apple,2021-06-05,SAT,1.4,151,211.4,69.4
A006,A,apple,2021-06-06,SUN,1.4,152,212.8,76.6
A006,A,apple,2021-06-07,MON,1.4,139,194.6,76.9
A006,A,apple,2021-06-08,TUE,1.4,138,193.2,68.2
A006,A,apple,2021-06-09,WED,1.4,141,197.4,68.3
A006,A,apple,2021-06-10,THU,1.43,138,197.34,79.6
A006,A,apple,2021-06-11,FRI,1.43,141,201.63,76.8
A006,A,apple,2021-06-12,SAT,1.43,153,218.79,69.2
A006,A,apple,2021-06-13,SUN,1.43,153,218.79,65.4
A006,A,apple,2021-06-14,MON,1.43,140,200.2,66.9
A006,A,apple,2021-06-15,TUE,1.43,140,200.2,63.2
A006,A,apple,2021-06-16,WED,1.43,138,197.34,69.7
A006,A,apple,2021-06-17,THU,1.46,137,200.02,89.3
A006,A,apple,2021-06-18,FRI,1.46,142,207.32,95.7
A006,A,apple,2021-06-19,SAT,1.46,151,220.46,91.6
A006,A,apple,2021-06-20,SUN,1.46,152,221.92,92.9
A006,A,apple,2021-06-21,MON,1.46,139,202.94,85.6
A006,A,apple,2021-06-22,TUE,1.46,140,204.4,73.7
A006,A,apple,2021-06-23,WED,1.46,141,205.86,68.9
A006,A,apple,2021-06-24,THU,1.46,141,205.86,85.9
A006,A,apple,2021-06-25,FRI,1.46,138,201.48,81.6
A006,A,apple,2021-06-26,SAT,1.46,153,223.38,81.8
A006,A,apple,2021-06-27,SUN,1.46,152,221.92,89.3
A006,A,apple,2021-06-28,MON,1.46,141,205.86,96.9
A006,A,apple,2021-06-29,TUE,1.46,142,207.32,86.8
A006,A,apple,2021-06-30,WED,1.46,139,202.94,82.1
A006,A,apple,2021-07-01,THU,1.48,142,210.16,75.1
A006,A,apple,2021-07-02,FRI,1.48,141,208.68,77.7
A006,A,apple,2021-07-03,SAT,1.48,151,223.48,83.3
A006,A,apple,2021-07-04,SUN,1.48,151,223.48,87
A006,A,apple,2021-07-05,MON,1.48,138,204.24,77.6
A006,A,apple,2021-07-06,TUE,1.48,140,207.2,83.8
A006,A,apple,2021-07-07,WED,1.48,136,201.28,80.4
A006,A,apple,2021-07-08,THU,1.5,139,208.5,80.7
A006,A,apple,2021-07-09,FRI,1.5,139,208.5,82.4
A006,A,apple,2021-07-10,SAT,1.5,153,229.5,82.1
A006,A,apple,2021-07-11,SUN,1.5,152,228,82.3
A006,A,apple,2021-07-12,MON,1.5,140,210,84.2
A006,A,apple,2021-07-13,TUE,1.5,138,207,82
A006,A,apple,2021-07-14,WED,1.5,137,205.5,75
A006,A,apple,2021-07-15,THU,1.53,136,208.08,79.4
A006,A,apple,2021-07-16,FRI,1.53,140,214.2,71.6
A006,A,apple,2021-07-17,SAT,1.53,153,234.09,66.3
A006,A,apple,2021-07-18,SUN,1.53,152,232.56,66.4
A006,A,apple,2021-07-19,MON,1.53,140,214.2,72.2
A006,A,apple,2021-07-20,TUE,1.53,138,211.14,73.4
A006,A,apple,2021-07-21,WED,1.53,138,211.14,77.3
A006,A,apple,2021-07-22,THU,1.55,141,218.55,69.6
A006,A,apple,2021-07-23,FRI,1.55,136,210.8,78.7
A006,A,apple,2021-07-24,SAT,1.55,150,232.5,82
A006,A,apple,2021-07-25,SUN,1.55,151,234.05,89.1
A006,A,apple,2021-07-26,MON,1.55,141,218.55,75.5
A006,A,apple,2021-07-27,TUE,1.55,137,212.35,80.9
A006,A,apple,2021-07-28,WED,1.55,140,217,80.7
A006,A,apple,2021-07-29,THU,1.58,138,218.04,67.8
A006,A,apple,2021-07-30,FRI,1.58,137,216.46,89
A006,A,apple,2021-07-31,SAT,1.58,150,237,83
A006,A,apple,2021-08-01,SUN,1.58,151,238.58,87.9
A006,A,apple,2021-08-02,MON,1.58,137,216.46,77.6
A006,A,apple,2021-08-03,TUE,1.58,138,218.04,77.1
A006,A,apple,2021-08-04,WED,1.58,141,222.78,69.7
A006,A,apple,2021-08-05,THU,1.59,142,225.78,83.5
A006,A,apple,2021-08-06,FRI,1.59,138,219.42,80.8
A006,A,apple,2021-08-07,SAT,1.59,150,238.5,82.6
A006,A,apple,2021-08-08,SUN,1.59,152,241.68,80.3
A006,A,apple,2021-08-09,MON,1.59,141,224.19,82
A006,A,apple,2021-08-10,TUE,1.59,137,217.83,77.3
A006,A,apple,2021-08-11,WED,1.59,140,222.6,72.8
A006,A,apple,2021-08-12,THU,1.62,139,225.18,81.6
A006,A,apple,2021-08-13,FRI,1.62,142,230.04,77.6
A006,A,apple,2021-08-14,SAT,1.62,152,246.24,75.3
A006,A,apple,2021-08-15,SUN,1.62,153,247.86,77.9
A006,A,apple,2021-08-16,MON,1.62,138,223.56,76.8
A006,A,apple,2021-08-17,TUE,1.62,138,223.56,81.3
A006,A,apple,2021-08-18,WED,1.62,140,226.8,76.1
A006,A,apple,2021-08-19,THU,1.63,141,229.83,76.5
A006,A,apple,2021-08-20,FRI,1.63,137,223.31,80.6
A006,A,apple,2021-08-21,SAT,1.63,152,247.76,89
A006,A,apple,2021-08-22,SUN,1.63,150,244.5,88.9
A006,A,apple,2021-08-23,MON,1.63,142,231.46,78.6
A006,A,apple,2021-08-24,TUE,1.63,136,221.68,77.1
A006,A,apple,2021-08-25,WED,1.63,137,223.31,80.1
A006,A,apple,2021-08-26,THU,1.63,139,226.57,73.1
A006,A,apple,2021-08-27,FRI,1.63,141,229.83,77.4
A006,A,apple,2021-08-28,SAT,1.63,150,244.5,78.7
A006,A,apple,2021-08-29,SUN,1.63,153,249.39,78.4
A006,A,apple,2021-08-30,MON,1.63,137,223.31,82.2
A006,A,apple,2021-08-31,TUE,1.63,138,224.94,83
A006,A,apple,2021-09-01,WED,1.63,140,228.2,80.1
A006,A,apple,2021-09-02,THU,1.65,139,229.35,78.9
A006,A,apple,2021-09-03,FRI,1.65,141,232.65,74.4
A006,A,apple,2021-09-04,SAT,1.65,151,249.15,83.1
A006,A,apple,2021-09-05,SUN,1.65,152,250.8,76.9
A006,A,apple,2021-09-06,MON,1.65,140,231,75.5
A006,A,apple,2021-09-07,TUE,1.65,141,232.65,66.7
A006,A,apple,2021-09-08,WED,1.65,139,229.35,63
A006,A,apple,2021-09-09,THU,1.67,138,230.46,85.9
A006,A,apple,2021-09-10,FRI,1.67,139,232.13,87.5
A006,A,apple,2021-09-11,SAT,1.67,151,252.17,76.1
A006,A,apple,2021-09-12,SUN,1.67,152,253.84,75.5
A006,A,apple,2021-09-13,MON,1.67,138,230.46,77.8
A006,A,apple,2021-09-14,TUE,1.67,137,228.79,94.1
A006,A,apple,2021-09-15,WED,1.67,139,232.13,84.2
A006,A,apple,2021-09-16,THU,1.7,138,234.6,83.4
A006,A,apple,2021-09-17,FRI,1.7,136,231.2,83.2
A006,A,apple,2021-09-18,SAT,1.7,152,258.4,78.4
A006,A,apple,2021-09-19,SUN,1.7,153,260.1,88.7
A006,A,apple,2021-09-20,MON,1.7,141,239.7,82
A006,A,apple,2021-09-21,TUE,1.7,136,231.2,80
A006,A,apple,2021-09-22,WED,1.7,139,236.3,81.8
A006,A,apple,2021-09-23,THU,1.7,138,234.6,77.4
A006,A,apple,2021-09-24,FRI,1.7,137,232.9,80.8
A006,A,apple,2021-09-25,SAT,1.7,152,258.4,91.7
A006,A,apple,2021-09-26,SUN,1.7,150,255,83.3
A006,A,apple,2021-09-27,MON,1.7,138,234.6,76.7
A006,A,apple,2021-09-28,TUE,1.7,141,239.7,85.1
A006,A,apple,2021-09-29,WED,1.7,138,234.6,76.5
A006,A,apple,2021-09-30,THU,1.72,137,235.64,88.3
A006,A,banana,2021-04-01,THU,2.51,316,793.16,81.7
A006,A,banana,2021-04-02,FRI,2.51,324,813.24,70.6
A006,A,banana,2021-04-03,SAT,2.51,350,878.5,72.7
A006,A,banana,2021-04-04,SUN,2.51,349,875.99,70
A006,A,banana,2021-04-05,MON,2.51,325,815.75,50
A006,A,banana,2021-04-06,TUE,2.51,314,788.14,62.1
A006,A,banana,2021-04-07,WED,2.51,320,803.2,63.6
A006,A,banana,2021-04-08,THU,2.51,314,788.14,67.9
A006,A,banana,2021-04-09,FRI,2.51,321,805.71,81.3
A006,A,banana,2021-04-10,SAT,2.51,348,873.48,81.7
A006,A,banana,2021-04-11,SUN,2.51,351,881.01,75.8
A006,A,banana,2021-04-12,MON,2.51,313,785.63,64.1
A006,A,banana,2021-04-13,TUE,2.51,321,805.71,54.2
A006,A,banana,2021-04-14,WED,2.51,317,795.67,59.8
A006,A,banana,2021-04-15,THU,2.53,318,804.54,70.3
A006,A,banana,2021-04-16,FRI,2.53,324,819.72,70.8
A006,A,banana,2021-04-17,SAT,2.53,346,875.38,57.3
A006,A,banana,2021-04-18,SUN,2.53,348,880.44,55.7
A006,A,banana,2021-04-19,MON,2.53,318,804.54,66.6
A006,A,banana,2021-04-20,TUE,2.53,319,807.07,68.4
A006,A,banana,2021-04-21,WED,2.53,319,807.07,73.7
A006,A,banana,2021-04-22,THU,2.53,317,802.01,62.8
A006,A,banana,2021-04-23,FRI,2.53,325,822.25,60.2
A006,A,banana,2021-04-24,SAT,2.53,351,888.03,58.6
A006,A,banana,2021-04-25,SUN,2.53,345,872.85,70.3
A006,A,banana,2021-04-26,MON,2.53,325,822.25,60.3
A006,A,banana,2021-04-27,TUE,2.53,320,809.6,68.9
A006,A,banana,2021-04-28,WED,2.53,317,802.01,66.9
A006,A,banana,2021-04-29,THU,2.53,323,817.19,68.4
A006,A,banana,2021-04-30,FRI,2.53,314,794.42,65.9
A006,A,banana,2021-05-01,SAT,2.53,348,880.44,69.4
A006,A,banana,2021-05-02,SUN,2.53,349,882.97,63.4
A006,A,banana,2021-05-03,MON,2.53,318,804.54,76.6
A006,A,banana,2021-05-04,TUE,2.53,324,819.72,72
A006,A,banana,2021-05-05,WED,2.53,319,807.07,77
A006,A,banana,2021-05-06,THU,2.53,322,814.66,71.7
A006,A,banana,2021-05-07,FRI,2.53,316,799.48,61.3
A006,A,banana,2021-05-08,SAT,2.53,347,877.91,83.4
A006,A,banana,2021-05-09,SUN,2.53,346,875.38,76
A006,A,banana,2021-05-10,MON,2.53,323,817.19,73.5
A006,A,banana,2021-05-11,TUE,2.53,313,791.89,72.5
A006,A,banana,2021-05-12,WED,2.53,315,796.95,70
A006,A,banana,2021-05-13,THU,2.54,321,815.34,87.9
A006,A,banana,2021-05-14,FRI,2.54,317,805.18,84.6
A006,A,banana,2021-05-15,SAT,2.54,350,889,90.2
A006,A,banana,2021-05-16,SUN,2.54,347,881.38,84
A006,A,banana,2021-05-17,MON,2.54,317,805.18,82.9
A006,A,banana,2021-05-18,TUE,2.54,322,817.88,78.9
A006,A,banana,2021-05-19,WED,2.54,314,797.56,74.8
A006,A,banana,2021-05-20,THU,2.53,318,804.54,81.9
A006,A,banana,2021-05-21,FRI,2.53,324,819.72,81.8
A006,A,banana,2021-05-22,SAT,2.53,346,875.38,83.3
A006,A,banana,2021-05-23,SUN,2.53,346,875.38,80.2
A006,A,banana,2021-05-24,MON,2.53,320,809.6,84.4
A006,A,banana,2021-05-25,TUE,2.53,319,807.07,75.7
A006,A,banana,2021-05-26,WED,2.53,315,796.95,79.4
A006,A,banana,2021-05-27,THU,2.56,320,819.2,75.3
A006,A,banana,2021-05-28,FRI,2.56,323,826.88,74.9
A006,A,banana,2021-05-29,SAT,2.56,345,883.2,65.5
A006,A,banana,2021-05-30,SUN,2.56,345,883.2,78.2
A006,A,banana,2021-05-31,MON,2.56,322,824.32,74.8
A006,A,banana,2021-06-01,TUE,2.56,324,829.44,62.7
A006,A,banana,2021-06-02,WED,2.56,320,819.2,63.1
A006,A,banana,2021-06-03,THU,2.58,316,815.28,74.6
A006,A,banana,2021-06-04,FRI,2.58,321,828.18,86.2
A006,A,banana,2021-06-05,SAT,2.58,345,890.1,69.4
A006,A,banana,2021-06-06,SUN,2.58,345,890.1,76.6
A006,A,banana,2021-06-07,MON,2.58,324,835.92,76.9
A006,A,banana,2021-06-08,TUE,2.58,325,838.5,68.2
A006,A,banana,2021-06-09,WED,2.58,325,838.5,68.3
A006,A,banana,2021-06-10,THU,2.61,318,829.98,79.6
A006,A,banana,2021-06-11,FRI,2.61,315,822.15,76.8
A006,A,banana,2021-06-12,SAT,2.61,347,905.67,69.2
A006,A,banana,2021-06-13,SUN,2.61,346,903.06,65.4
A006,A,banana,2021-06-14,MON,2.61,313,816.93,66.9
A006,A,banana,2021-06-15,TUE,2.61,318,829.98,63.2
A006,A,banana,2021-06-16,WED,2.61,322,840.42,69.7
A006,A,banana,2021-06-17,THU,2.62,319,835.78,89.3
A006,A,banana,2021-06-18,FRI,2.62,314,822.68,95.7
A006,A,banana,2021-06-19,SAT,2.62,347,909.14,91.6
A006,A,banana,2021-06-20,SUN,2.62,345,903.9,92.9
A006,A,banana,2021-06-21,MON,2.62,324,848.88,85.6
A006,A,banana,2021-06-22,TUE,2.62,323,846.26,73.7
A006,A,banana,2021-06-23,WED,2.62,322,843.64,68.9
A006,A,banana,2021-06-24,THU,2.63,316,831.08,85.9
A006,A,banana,2021-06-25,FRI,2.63,323,849.49,81.6
A006,A,banana,2021-06-26,SAT,2.63,347,912.61,81.8
A006,A,banana,2021-06-27,SUN,2.63,349,917.87,89.3
A006,A,banana,2021-06-28,MON,2.63,316,831.08,96.9
A006,A,banana,2021-06-29,TUE,2.63,315,828.45,86.8
A006,A,banana,2021-06-30,WED,2.63,315,828.45,82.1
A006,A,banana,2021-07-01,THU,2.64,313,826.32,75.1
A006,A,banana,2021-07-02,FRI,2.64,319,842.16,77.7
A006,A,banana,2021-07-03,SAT,2.64,347,916.08,83.3
A006,A,banana,2021-07-04,SUN,2.64,346,913.44,87
A006,A,banana,2021-07-05,MON,2.64,317,836.88,77.6
A006,A,banana,2021-07-06,TUE,2.64,318,839.52,83.8
A006,A,banana,2021-07-07,WED,2.64,324,855.36,80.4
A006,A,banana,2021-07-08,THU,2.65,318,842.7,80.7
A006,A,banana,2021-07-09,FRI,2.65,316,837.4,82.4
A006,A,banana,2021-07-10,SAT,2.65,349,924.85,82.1
A006,A,banana,2021-07-11,SUN,2.65,349,924.85,82.3
A006,A,banana,2021-07-12,MON,2.65,322,853.3,84.2
A006,A,banana,2021-07-13,TUE,2.65,321,850.65,82
A006,A,banana,2021-07-14,WED,2.65,318,842.7,75
A006,A,banana,2021-07-15,THU,2.66,314,835.24,79.4
A006,A,banana,2021-07-16,FRI,2.66,319,848.54,71.6
A006,A,banana,2021-07-17,SAT,2.66,348,925.68,66.3
A006,A,banana,2021-07-18,SUN,2.66,351,933.66,66.4
A006,A,banana,2021-07-19,MON,2.66,315,837.9,72.2
A006,A,banana,2021-07-20,TUE,2.66,315,837.9,73.4
A006,A,banana,2021-07-21,WED,2.66,315,837.9,77.3
A006,A,banana,2021-07-22,THU,2.67,319,851.73,69.6
A006,A,banana,2021-07-23,FRI,2.67,315,841.05,78.7
A006,A,banana,2021-07-24,SAT,2.67,347,926.49,82
A006,A,banana,2021-07-25,SUN,2.67,347,926.49,89.1
A006,A,banana,2021-07-26,MON,2.67,323,862.41,75.5
A006,A,banana,2021-07-27,TUE,2.67,323,862.41,80.9
A006,A,banana,2021-07-28,WED,2.67,325,867.75,80.7
A006,A,banana,2021-07-29,THU,2.68,321,860.28,67.8
A006,A,banana,2021-07-30,FRI,2.68,318,852.24,89
A006,A,banana,2021-07-31,SAT,2.68,348,932.64,83
A006,A,banana,2021-08-01,SUN,2.68,347,929.96,87.9
A006,A,banana,2021-08-02,MON,2.68,324,868.32,77.6
A006,A,banana,2021-08-03,TUE,2.68,323,865.64,77.1
A006,A,banana,2021-08-04,WED,2.68,321,860.28,69.7
A006,A,banana,2021-08-05,THU,2.67,318,849.06,83.5
A006,A,banana,2021-08-06,FRI,2.67,318,849.06,80.8
A006,A,banana,2021-08-07,SAT,2.67,347,926.49,82.6
A006,A,banana,2021-08-08,SUN,2.67,345,921.15,80.3
A006,A,banana,2021-08-09,MON,2.67,317,846.39,82
A006,A,banana,2021-08-10,TUE,2.67,322,859.74,77.3
A006,A,banana,2021-08-11,WED,2.67,314,838.38,72.8
A006,A,banana,2021-08-12,THU,2.69,323,868.87,81.6
A006,A,banana,2021-08-13,FRI,2.69,321,863.49,77.6
A006,A,banana,2021-08-14,SAT,2.69,346,930.74,75.3
A006,A,banana,2021-08-15,SUN,2.69,350,941.5,77.9
A006,A,banana,2021-08-16,MON,2.69,323,868.87,76.8
A006,A,banana,2021-08-17,TUE,2.69,315,847.35,81.3
A006,A,banana,2021-08-18,WED,2.69,317,852.73,76.1
A006,A,banana,2021-08-19,THU,2.71,316,856.36,76.5
A006,A,banana,2021-08-20,FRI,2.71,321,869.91,80.6
A006,A,banana,2021-08-21,SAT,2.71,345,934.95,89
A006,A,banana,2021-08-22,SUN,2.71,345,934.95,88.9
A006,A,banana,2021-08-23,MON,2.71,313,848.23,78.6
A006,A,banana,2021-08-24,TUE,2.71,318,861.78,77.1
A006,A,banana,2021-08-25,WED,2.71,313,848.23,80.1
A006,A,banana,2021-08-26,THU,2.72,314,854.08,73.1
A006,A,banana,2021-08-27,FRI,2.72,321,873.12,77.4
A006,A,banana,2021-08-28,SAT,2.72,345,938.4,78.7
A006,A,banana,2021-08-29,SUN,2.72,350,952,78.4
A006,A,banana,2021-08-30,MON,2.72,322,875.84,82.2
A006,A,banana,2021-08-31,TUE,2.72,317,862.24,83
A006,A,banana,2021-09-01,WED,2.72,318,864.96,80.1
A006,A,banana,2021-09-02,THU,2.72,315,856.8,78.9
A006,A,banana,2021-09-03,FRI,2.72,322,875.84,74.4
A006,A,banana,2021-09-04,SAT,2.72,346,941.12,83.1
A006,A,banana,2021-09-05,SUN,2.72,351,954.72,76.9
A006,A,banana,2021-09-06,MON,2.72,320,870.4,75.5
A006,A,banana,2021-09-07,TUE,2.72,313,851.36,66.7
A006,A,banana,2021-09-08,WED,2.72,325,884,63
A006,A,banana,2021-09-09,THU,2.74,313,857.62,85.9
A006,A,banana,2021-09-10,FRI,2.74,319,874.06,87.5
A006,A,banana,2021-09-11,SAT,2.74,348,953.52,76.1
A006,A,banana,2021-09-12,SUN,2.74,346,948.04,75.5
A006,A,banana,2021-09-13,MON,2.74,318,871.32,77.8
A006,A,banana,2021-09-14,TUE,2.74,320,876.8,94.1
A006,A,banana,2021-09-15,WED,2.74,313,857.62,84.2
A006,A,banana,2021-09-16,THU,2.75,318,874.5,83.4
A006,A,banana,2021-09-17,FRI,2.75,322,885.5,83.2
A006,A,banana,2021-09-18,SAT,2.75,345,948.75,78.4
A006,A,banana,2021-09-19,SUN,2.75,350,962.5,88.7
A006,A,banana,2021-09-20,MON,2.75,315,866.25,82
A006,A,banana,2021-09-21,TUE,2.75,324,891,80
A006,A,banana,2021-09-22,WED,2.75,323,888.25,81.8
A006,A,banana,2021-09-23,THU,2.78,324,900.72,77.4
A006,A,banana,2021-09-24,FRI,2.78,320,889.6,80.8
A006,A,banana,2021-09-25,SAT,2.78,347,964.66,91.7
A006,A,banana,2021-09-26,SUN,2.78,348,967.44,83.3
A006,A,banana,2021-09-27,MON,2.78,325,903.5,76.7
A006,A,banana,2021-09-28,TUE,2.78,322,895.16,85.1
A006,A,banana,2021-09-29,WED,2.78,316,878.48,76.5
A006,A,banana,2021-09-30,THU,2.78,316,878.48,88.3
A007,A,apple,2021-04-01,THU,1.04,316,328.64,81.7
A007,A,apple,2021-04-02,FRI,1.04,321,333.84,70.6
A007,A,apple,2021-04-03,SAT,1.04,346,359.84,72.7
A007,A,apple,2021-04-04,SUN,1.04,347,360.88,70
A007,A,apple,2021-04-05,MON,1.04,318,330.72,50
A007,A,apple,2021-04-06,TUE,1.04,312,324.48,62.1
A007,A,apple,2021-04-07,WED,1.04,318,330.72,63.6
A007,A,apple,2021-04-08,THU,1.06,318,337.08,67.9
A007,A,apple,2021-04-09,FRI,1.06,316,334.96,81.3
A007,A,apple,2021-04-10,SAT,1.06,346,366.76,81.7
A007,A,apple,2021-04-11,SUN,1.06,346,366.76,75.8
A007,A,apple,2021-04-12,MON,1.06,311,329.66,64.1
A007,A,apple,2021-04-13,TUE,1.06,321,340.26,54.2
A007,A,apple,2021-04-14,WED,1.06,312,330.72,59.8
A007,A,apple,2021-04-15,THU,1.06,315,333.9,70.3
A007,A,apple,2021-04-16,FRI,1.06,311,329.66,70.8
A007,A,apple,2021-04-17,SAT,1.06,346,366.76,57.3
A007,A,apple,2021-04-18,SUN,1.06,347,367.82,55.7
A007,A,apple,2021-04-19,MON,1.06,315,333.9,66.6
A007,A,apple,2021-04-20,TUE,1.06,310,328.6,68.4
A007,A,apple,2021-04-21,WED,1.06,316,334.96,73.7
A007,A,apple,2021-04-22,THU,1.08,316,341.28,62.8
A007,A,apple,2021-04-23,FRI,1.08,321,346.68,60.2
A007,A,apple,2021-04-24,SAT,1.08,346,373.68,58.6
A007,A,apple,2021-04-25,SUN,1.08,345,372.6,70.3
A007,A,apple,2021-04-26,MON,1.08,321,346.68,60.3
A007,A,apple,2021-04-27,TUE,1.08,311,335.88,68.9
A007,A,apple,2021-04-28,WED,1.08,320,345.6,66.9
A007,A,apple,2021-04-29,THU,1.09,314,342.26,68.4
A007,A,apple,2021-04-30,FRI,1.09,320,348.8,65.9
A007,A,apple,2021-05-01,SAT,1.09,342,372.78,69.4
A007,A,apple,2021-05-02,SUN,1.09,346,377.14,63.4
A007,A,apple,2021-05-03,MON,1.09,321,349.89,76.6
A007,A,apple,2021-05-04,TUE,1.09,322,350.98,72
A007,A,apple,2021-05-05,WED,1.09,313,341.17,77
A007,A,apple,2021-05-06,THU,1.09,315,343.35,71.7
A007,A,apple,2021-05-07,FRI,1.09,316,344.44,61.3
A007,A,apple,2021-05-08,SAT,1.09,343,373.87,83.4
A007,A,apple,2021-05-09,SUN,1.09,346,377.14,76
A007,A,apple,2021-05-10,MON,1.09,322,350.98,73.5
A007,A,apple,2021-05-11,TUE,1.09,312,340.08,72.5
A007,A,apple,2021-05-12,WED,1.09,319,347.71,70
A007,A,apple,2021-05-13,THU,1.1,315,346.5,87.9
A007,A,apple,2021-05-14,FRI,1.1,319,350.9,84.6
A007,A,apple,2021-05-15,SAT,1.1,345,379.5,90.2
A007,A,apple,2021-05-16,SUN,1.1,345,379.5,84
A007,A,apple,2021-05-17,MON,1.1,314,345.4,82.9
A007,A,apple,2021-05-18,TUE,1.1,310,341,78.9
A007,A,apple,2021-05-19,WED,1.1,317,348.7,74.8
A007,A,apple,2021-05-20,THU,1.12,312,349.44,81.9
A007,A,apple,2021-05-21,FRI,1.12,313,350.56,81.8
A007,A,apple,2021-05-22,SAT,1.12,343,384.16,83.3
A007,A,apple,2021-05-23,SUN,1.12,344,385.28,80.2
A007,A,apple,2021-05-24,MON,1.12,314,351.68,84.4
A007,A,apple,2021-05-25,TUE,1.12,314,351.68,75.7
A007,A,apple,2021-05-26,WED,1.12,316,353.92,79.4
A007,A,apple,2021-05-27,THU,1.15,322,370.3,75.3
A007,A,apple,2021-05-28,FRI,1.15,317,364.55,74.9
A007,A,apple,2021-05-29,SAT,1.15,345,396.75,65.5
A007,A,apple,2021-05-30,SUN,1.15,347,399.05,78.2
A007,A,apple,2021-05-31,MON,1.15,316,363.4,74.8
A007,A,apple,2021-06-01,TUE,1.15,311,357.65,62.7
A007,A,apple,2021-06-02,WED,1.15,311,357.65,63.1
A007,A,apple,2021-06-03,THU,1.17,314,367.38,74.6
A007,A,apple,2021-06-04,FRI,1.17,316,369.72,86.2
A007,A,apple,2021-06-05,SAT,1.17,342,400.14,69.4
A007,A,apple,2021-06-06,SUN,1.17,344,402.48,76.6
A007,A,apple,2021-06-07,MON,1.17,313,366.21,76.9
A007,A,apple,2021-06-08,TUE,1.17,314,367.38,68.2
A007,A,apple,2021-06-09,WED,1.17,317,370.89,68.3
A007,A,apple,2021-06-10,THU,1.17,320,374.4,79.6
A007,A,apple,2021-06-11,FRI,1.17,314,367.38,76.8
A007,A,apple,2021-06-12,SAT,1.17,347,405.99,69.2
A007,A,apple,2021-06-13,SUN,1.17,342,400.14,65.4
A007,A,apple,2021-06-14,MON,1.17,320,374.4,66.9
A007,A,apple,2021-06-15,TUE,1.17,321,375.57,63.2
A007,A,apple,2021-06-16,WED,1.17,315,368.55,69.7
A007,A,apple,2021-06-17,THU,1.17,311,363.87,89.3
A007,A,apple,2021-06-18,FRI,1.17,310,362.7,95.7
A007,A,apple,2021-06-19,SAT,1.17,343,401.31,91.6
A007,A,apple,2021-06-20,SUN,1.17,343,401.31,92.9
A007,A,apple,2021-06-21,MON,1.17,320,374.4,85.6
A007,A,apple,2021-06-22,TUE,1.17,310,362.7,73.7
A007,A,apple,2021-06-23,WED,1.17,314,367.38,68.9
A007,A,apple,2021-06-24,THU,1.17,321,375.57,85.9
A007,A,apple,2021-06-25,FRI,1.17,317,370.89,81.6
A007,A,apple,2021-06-26,SAT,1.17,347,405.99,81.8
A007,A,apple,2021-06-27,SUN,1.17,343,401.31,89.3
A007,A,apple,2021-06-28,MON,1.17,312,365.04,96.9
A007,A,apple,2021-06-29,TUE,1.17,312,365.04,86.8
A007,A,apple,2021-06-30,WED,1.17,322,376.74,82.1
A007,A,apple,2021-07-01,THU,1.19,321,381.99,75.1
A007,A,apple,2021-07-02,FRI,1.19,318,378.42,77.7
A007,A,apple,2021-07-03,SAT,1.19,344,409.36,83.3
A007,A,apple,2021-07-04,SUN,1.19,346,411.74,87
A007,A,apple,2021-07-05,MON,1.19,312,371.28,77.6
A007,A,apple,2021-07-06,TUE,1.19,319,379.61,83.8
A007,A,apple,2021-07-07,WED,1.19,311,370.09,80.4
A007,A,apple,2021-07-08,THU,1.18,311,366.98,80.7
A007,A,apple,2021-07-09,FRI,1.18,310,365.8,82.4
A007,A,apple,2021-07-10,SAT,1.18,346,408.28,82.1
A007,A,apple,2021-07-11,SUN,1.18,344,405.92,82.3
A007,A,apple,2021-07-12,MON,1.18,321,378.78,84.2
A007,A,apple,2021-07-13,TUE,1.18,311,366.98,82
A007,A,apple,2021-07-14,WED,1.18,319,376.42,75
A007,A,apple,2021-07-15,THU,1.19,315,374.85,79.4
A007,A,apple,2021-07-16,FRI,1.19,310,368.9,71.6
A007,A,apple,2021-07-17,SAT,1.19,346,411.74,66.3
A007,A,apple,2021-07-18,SUN,1.19,346,411.74,66.4
A007,A,apple,2021-07-19,MON,1.19,315,374.85,72.2
A007,A,apple,2021-07-20,TUE,1.19,311,370.09,73.4
A007,A,apple,2021-07-21,WED,1.19,319,379.61,77.3
A007,A,apple,2021-07-22,THU,1.21,322,389.62,69.6
A007,A,apple,2021-07-23,FRI,1.21,315,381.15,78.7
A007,A,apple,2021-07-24,SAT,1.21,344,416.24,82
A007,A,apple,2021-07-25,SUN,1.21,342,413.82,89.1
A007,A,apple,2021-07-26,MON,1.21,313,378.73,75.5
A007,A,apple,2021-07-27,TUE,1.21,311,376.31,80.9
A007,A,apple,2021-07-28,WED,1.21,313,378.73,80.7
A007,A,apple,2021-07-29,THU,1.24,321,398.04,67.8
A007,A,apple,2021-07-30,FRI,1.24,315,390.6,89
A007,A,apple,2021-07-31,SAT,1.24,344,426.56,83
A007,A,apple,2021-08-01,SUN,1.24,343,425.32,87.9
A007,A,apple,2021-08-02,MON,1.24,314,389.36,77.6
A007,A,apple,2021-08-03,TUE,1.24,321,398.04,77.1
A007,A,apple,2021-08-04,WED,1.24,310,384.4,69.7
A007,A,apple,2021-08-05,THU,1.23,315,387.45,83.5
A007,A,apple,2021-08-06,FRI,1.23,310,381.3,80.8
A007,A,apple,2021-08-07,SAT,1.23,347,426.81,82.6
A007,A,apple,2021-08-08,SUN,1.23,344,423.12,80.3
A007,A,apple,2021-08-09,MON,1.23,310,381.3,82
A007,A,apple,2021-08-10,TUE,1.23,318,391.14,77.3
A007,A,apple,2021-08-11,WED,1.23,314,386.22,72.8
A007,A,apple,2021-08-12,THU,1.24,316,391.84,81.6
A007,A,apple,2021-08-13,FRI,1.24,320,396.8,77.6
A007,A,apple,2021-08-14,SAT,1.24,344,426.56,75.3
A007,A,apple,2021-08-15,SUN,1.24,344,426.56,77.9
A007,A,apple,2021-08-16,MON,1.24,314,389.36,76.8
A007,A,apple,2021-08-17,TUE,1.24,322,399.28,81.3
A007,A,apple,2021-08-18,WED,1.24,315,390.6,76.1
A007,A,apple,2021-08-19,THU,1.24,315,390.6,76.5
A007,A,apple,2021-08-20,FRI,1.24,311,385.64,80.6
A007,A,apple,2021-08-21,SAT,1.24,344,426.56,89
A007,A,apple,2021-08-22,SUN,1.24,344,426.56,88.9
A007,A,apple,2021-08-23,MON,1.24,312,386.88,78.6
A007,A,apple,2021-08-24,TUE,1.24,313,388.12,77.1
A007,A,apple,2021-08-25,WED,1.24,317,393.08,80.1
A007,A,apple,2021-08-26,THU,1.24,318,394.32,73.1
A007,A,apple,2021-08-27,FRI,1.24,320,396.8,77.4
A007,A,apple,2021-08-28,SAT,1.24,347,430.28,78.7
A007,A,apple,2021-08-29,SUN,1.24,342,424.08,78.4
A007,A,apple,2021-08-30,MON,1.24,315,390.6,82.2
A007,A,apple,2021-08-31,TUE,1.24,312,386.88,83
A007,A,apple,2021-09-01,WED,1.24,317,393.08,80.1
A007,A,apple,2021-09-02,THU,1.23,314,386.22,78.9
A007,A,apple,2021-09-03,FRI,1.23,319,392.37,74.4
A007,A,apple,2021-09-04,SAT,1.23,344,423.12,83.1
A007,A,apple,2021-09-05,SUN,1.23,344,423.12,76.9
A007,A,apple,2021-09-06,MON,1.23,316,388.68,75.5
A007,A,apple,2021-09-07,TUE,1.23,316,388.68,66.7
A007,A,apple,2021-09-08,WED,1.23,320,393.6,63
A007,A,apple,2021-09-09,THU,1.25,314,392.5,85.9
A007,A,apple,2021-09-10,FRI,1.25,311,388.75,87.5
A007,A,apple,2021-09-11,SAT,1.25,347,433.75,76.1
A007,A,apple,2021-09-12,SUN,1.25,344,430,75.5
A007,A,apple,2021-09-13,MON,1.25,319,398.75,77.8
A007,A,apple,2021-09-14,TUE,1.25,320,400,94.1
A007,A,apple,2021-09-15,WED,1.25,321,401.25,84.2
A007,A,apple,2021-09-16,THU,1.25,316,395,83.4
A007,A,apple,2021-09-17,FRI,1.25,311,388.75,83.2
A007,A,apple,2021-09-18,SAT,1.25,344,430,78.4
A007,A,apple,2021-09-19,SUN,1.25,342,427.5,88.7
A007,A,apple,2021-09-20,MON,1.25,319,398.75,82
A007,A,apple,2021-09-21,TUE,1.25,319,398.75,80
A007,A,apple,2021-09-22,WED,1.25,318,397.5,81.8
A007,A,apple,2021-09-23,THU,1.27,320,406.4,77.4
A007,A,apple,2021-09-24,FRI,1.27,310,393.7,80.8
A007,A,apple,2021-09-25,SAT,1.27,347,440.69,91.7
A007,A,apple,2021-09-26,SUN,1.27,343,435.61,83.3
A007,A,apple,2021-09-27,MON,1.27,310,393.7,76.7
A007,A,apple,2021-09-28,TUE,1.27,322,408.94,85.1
A007,A,apple,2021-09-29,WED,1.27,316,401.32,76.5
A007,A,apple,2021-09-30,THU,1.28,313,400.64,88.3
A007,A,banana,2021-04-01,THU,3.05,197,600.85,81.7
A007,A,banana,2021-04-02,FRI,3.05,192,585.6,70.6
A007,A,banana,2021-04-03,SAT,3.05,210,640.5,72.7
A007,A,banana,2021-04-04,SUN,3.05,211,643.55,70
A007,A,banana,2021-04-05,MON,3.05,196,597.8,50
A007,A,banana,2021-04-06,TUE,3.05,191,582.55,62.1
A007,A,banana,2021-04-07,WED,3.05,196,597.8,63.6
A007,A,banana,2021-04-08,THU,3.07,196,601.72,67.9
A007,A,banana,2021-04-09,FRI,3.07,197,604.79,81.3
A007,A,banana,2021-04-10,SAT,3.07,212,650.84,81.7
A007,A,banana,2021-04-11,SUN,3.07,212,650.84,75.8
A007,A,banana,2021-04-12,MON,3.07,196,601.72,64.1
A007,A,banana,2021-04-13,TUE,3.07,191,586.37,54.2
A007,A,banana,2021-04-14,WED,3.07,195,598.65,59.8
A007,A,banana,2021-04-15,THU,3.06,193,590.58,70.3
A007,A,banana,2021-04-16,FRI,3.06,194,593.64,70.8
A007,A,banana,2021-04-17,SAT,3.06,210,642.6,57.3
A007,A,banana,2021-04-18,SUN,3.06,213,651.78,55.7
A007,A,banana,2021-04-19,MON,3.06,197,602.82,66.6
A007,A,banana,2021-04-20,TUE,3.06,194,593.64,68.4
A007,A,banana,2021-04-21,WED,3.06,193,590.58,73.7
A007,A,banana,2021-04-22,THU,3.07,196,601.72,62.8
A007,A,banana,2021-04-23,FRI,3.07,197,604.79,60.2
A007,A,banana,2021-04-24,SAT,3.07,211,647.77,58.6
A007,A,banana,2021-04-25,SUN,3.07,210,644.7,70.3
A007,A,banana,2021-04-26,MON,3.07,195,598.65,60.3
A007,A,banana,2021-04-27,TUE,3.07,195,598.65,68.9
A007,A,banana,2021-04-28,WED,3.07,197,604.79,66.9
A007,A,banana,2021-04-29,THU,3.09,195,602.55,68.4
A007,A,banana,2021-04-30,FRI,3.09,193,596.37,65.9
A007,A,banana,2021-05-01,SAT,3.09,213,658.17,69.4
A007,A,banana,2021-05-02,SUN,3.09,210,648.9,63.4
A007,A,banana,2021-05-03,MON,3.09,197,608.73,76.6
A007,A,banana,2021-05-04,TUE,3.09,192,593.28,72
A007,A,banana,2021-05-05,WED,3.09,190,587.1,77
A007,A,banana,2021-05-06,THU,3.1,197,610.7,71.7
A007,A,banana,2021-05-07,FRI,3.1,195,604.5,61.3
A007,A,banana,2021-05-08,SAT,3.1,212,657.2,83.4
A007,A,banana,2021-05-09,SUN,3.1,211,654.1,76
A007,A,banana,2021-05-10,MON,3.1,191,592.1,73.5
A007,A,banana,2021-05-11,TUE,3.1,192,595.2,72.5
A007,A,banana,2021-05-12,WED,3.1,194,601.4,70
A007,A,banana,2021-05-13,THU,3.1,193,598.3,87.9
A007,A,banana,2021-05-14,FRI,3.1,191,592.1,84.6
A007,A,banana,2021-05-15,SAT,3.1,212,657.2,90.2
A007,A,banana,2021-05-16,SUN,3.1,210,651,84
A007,A,banana,2021-05-17,MON,3.1,191,592.1,82.9
A007,A,banana,2021-05-18,TUE,3.1,190,589,78.9
A007,A,banana,2021-05-19,WED,3.1,195,604.5,74.8
A007,A,banana,2021-05-20,THU,3.12,196,611.52,81.9
A007,A,banana,2021-05-21,FRI,3.12,194,605.28,81.8
A007,A,banana,2021-05-22,SAT,3.12,210,655.2,83.3
A007,A,banana,2021-05-23,SUN,3.12,213,664.56,80.2
A007,A,banana,2021-05-24,MON,3.12,195,608.4,84.4
A007,A,banana,2021-05-25,TUE,3.12,191,595.92,75.7
A007,A,banana,2021-05-26,WED,3.12,194,605.28,79.4
A007,A,banana,2021-05-27,THU,3.15,198,623.7,75.3
A007,A,banana,2021-05-28,FRI,3.15,196,617.4,74.9
A007,A,banana,2021-05-29,SAT,3.15,213,670.95,65.5
A007,A,banana,2021-05-30,SUN,3.15,213,670.95,78.2
A007,A,banana,2021-05-31,MON,3.15,193,607.95,74.8
A007,A,banana,2021-06-01,TUE,3.15,196,617.4,62.7
A007,A,banana,2021-06-02,WED,3.15,195,614.25,63.1
A007,A,banana,2021-06-03,THU,3.14,196,615.44,74.6
A007,A,banana,2021-06-04,FRI,3.14,198,621.72,86.2
A007,A,banana,2021-06-05,SAT,3.14,213,668.82,69.4
A007,A,banana,2021-06-06,SUN,3.14,210,659.4,76.6
A007,A,banana,2021-06-07,MON,3.14,192,602.88,76.9
A007,A,banana,2021-06-08,TUE,3.14,197,618.58,68.2
A007,A,banana,2021-06-09,WED,3.14,196,615.44,68.3
A007,A,banana,2021-06-10,THU,3.16,196,619.36,79.6
A007,A,banana,2021-06-11,FRI,3.16,194,613.04,76.8
A007,A,banana,2021-06-12,SAT,3.16,210,663.6,69.2
A007,A,banana,2021-06-13,SUN,3.16,213,673.08,65.4
A007,A,banana,2021-06-14,MON,3.16,192,606.72,66.9
A007,A,banana,2021-06-15,TUE,3.16,196,619.36,63.2
A007,A,banana,2021-06-16,WED,3.16,193,609.88,69.7
A007,A,banana,2021-06-17,THU,3.15,193,607.95,89.3
A007,A,banana,2021-06-18,FRI,3.15,194,611.1,95.7
A007,A,banana,2021-06-19,SAT,3.15,210,661.5,91.6
A007,A,banana,2021-06-20,SUN,3.15,212,667.8,92.9
A007,A,banana,2021-06-21,MON,3.15,194,611.1,85.6
A007,A,banana,2021-06-22,TUE,3.15,192,604.8,73.7
A007,A,banana,2021-06-23,WED,3.15,190,598.5,68.9
A007,A,banana,2021-06-24,THU,3.16,195,616.2,85.9
A007,A,banana,2021-06-25,FRI,3.16,196,619.36,81.6
A007,A,banana,2021-06-26,SAT,3.16,210,663.6,81.8
A007,A,banana,2021-06-27,SUN,3.16,211,666.76,89.3
A007,A,banana,2021-06-28,MON,3.16,197,622.52,96.9
A007,A,banana,2021-06-29,TUE,3.16,193,609.88,86.8
A007,A,banana,2021-06-30,WED,3.16,197,622.52,82.1
A007,A,banana,2021-07-01,THU,3.16,196,619.36,75.1
A007,A,banana,2021-07-02,FRI,3.16,190,600.4,77.7
A007,A,banana,2021-07-03,SAT,3.16,213,673.08,83.3
A007,A,banana,2021-07-04,SUN,3.16,210,663.6,87
A007,A,banana,2021-07-05,MON,3.16,197,622.52,77.6
A007,A,banana,2021-07-06,TUE,3.16,192,606.72,83.8
A007,A,banana,2021-07-07,WED,3.16,193,609.88,80.4
A007,A,banana,2021-07-08,THU,3.16,195,616.2,80.7
A007,A,banana,2021-07-09,FRI,3.16,190,600.4,82.4
A007,A,banana,2021-07-10,SAT,3.16,213,673.08,82.1
A007,A,banana,2021-07-11,SUN,3.16,212,669.92,82.3
A007,A,banana,2021-07-12,MON,3.16,194,613.04,84.2
A007,A,banana,2021-07-13,TUE,3.16,193,609.88,82
A007,A,banana,2021-07-14,WED,3.16,196,619.36,75
A007,A,banana,2021-07-15,THU,3.16,196,619.36,79.4
A007,A,banana,2021-07-16,FRI,3.16,193,609.88,71.6
A007,A,banana,2021-07-17,SAT,3.16,212,669.92,66.3
A007,A,banana,2021-07-18,SUN,3.16,213,673.08,66.4
A007,A,banana,2021-07-19,MON,3.16,194,613.04,72.2
A007,A,banana,2021-07-20,TUE,3.16,197,622.52,73.4
A007,A,banana,2021-07-21,WED,3.16,193,609.88,77.3
A007,A,banana,2021-07-22,THU,3.17,195,618.15,69.6
A007,A,banana,2021-07-23,FRI,3.17,196,621.32,78.7
A007,A,banana,2021-07-24,SAT,3.17,210,665.7,82
A007,A,banana,2021-07-25,SUN,3.17,211,668.87,89.1
A007,A,banana,2021-07-26,MON,3.17,190,602.3,75.5
A007,A,banana,2021-07-27,TUE,3.17,190,602.3,80.9
A007,A,banana,2021-07-28,WED,3.17,192,608.64,80.7
A007,A,banana,2021-07-29,THU,3.18,194,616.92,67.8
A007,A,banana,2021-07-30,FRI,3.18,191,607.38,89
A007,A,banana,2021-07-31,SAT,3.18,210,667.8,83
A007,A,banana,2021-08-01,SUN,3.18,210,667.8,87.9
A007,A,banana,2021-08-02,MON,3.18,194,616.92,77.6
A007,A,banana,2021-08-03,TUE,3.18,192,610.56,77.1
A007,A,banana,2021-08-04,WED,3.18,192,610.56,69.7
A007,A,banana,2021-08-05,THU,3.18,194,616.92,83.5
A007,A,banana,2021-08-06,FRI,3.18,195,620.1,80.8
A007,A,banana,2021-08-07,SAT,3.18,210,667.8,82.6
A007,A,banana,2021-08-08,SUN,3.18,210,667.8,80.3
A007,A,banana,2021-08-09,MON,3.18,194,616.92,82
A007,A,banana,2021-08-10,TUE,3.18,192,610.56,77.3
A007,A,banana,2021-08-11,WED,3.18,198,629.64,72.8
A007,A,banana,2021-08-12,THU,3.19,197,628.43,81.6
A007,A,banana,2021-08-13,FRI,3.19,195,622.05,77.6
A007,A,banana,2021-08-14,SAT,3.19,211,673.09,75.3
A007,A,banana,2021-08-15,SUN,3.19,211,673.09,77.9
A007,A,banana,2021-08-16,MON,3.19,190,606.1,76.8
A007,A,banana,2021-08-17,TUE,3.19,196,625.24,81.3
A007,A,banana,2021-08-18,WED,3.19,193,615.67,76.1
A007,A,banana,2021-08-19,THU,3.21,191,613.11,76.5
A007,A,banana,2021-08-20,FRI,3.21,191,613.11,80.6
A007,A,banana,2021-08-21,SAT,3.21,210,674.1,89
A007,A,banana,2021-08-22,SUN,3.21,211,677.31,88.9
A007,A,banana,2021-08-23,MON,3.21,196,629.16,78.6
A007,A,banana,2021-08-24,TUE,3.21,194,622.74,77.1
A007,A,banana,2021-08-25,WED,3.21,198,635.58,80.1
A007,A,banana,2021-08-26,THU,3.24,194,628.56,73.1
A007,A,banana,2021-08-27,FRI,3.24,195,631.8,77.4
A007,A,banana,2021-08-28,SAT,3.24,212,686.88,78.7
A007,A,banana,2021-08-29,SUN,3.24,211,683.64,78.4
A007,A,banana,2021-08-30,MON,3.24,191,618.84,82.2
A007,A,banana,2021-08-31,TUE,3.24,190,615.6,83
A007,A,banana,2021-09-01,WED,3.24,192,622.08,80.1
A007,A,banana,2021-09-02,THU,3.27,195,637.65,78.9
A007,A,banana,2021-09-03,FRI,3.27,192,627.84,74.4
A007,A,banana,2021-09-04,SAT,3.27,212,693.24,83.1
A007,A,banana,2021-09-05,SUN,3.27,210,686.7,76.9
A007,A,banana,2021-09-06,MON,3.27,192,627.84,75.5
A007,A,banana,2021-09-07,TUE,3.27,191,624.57,66.7
A007,A,banana,2021-09-08,WED,3.27,195,637.65,63
A007,A,banana,2021-09-09,THU,3.28,191,626.48,85.9
A007,A,banana,2021-09-10,FRI,3.28,196,642.88,87.5
A007,A,banana,2021-09-11,SAT,3.28,210,688.8,76.1
A007,A,banana,2021-09-12,SUN,3.28,213,698.64,75.5
A007,A,banana,2021-09-13,MON,3.28,192,629.76,77.8
A007,A,banana,2021-09-14,TUE,3.28,194,636.32,94.1
A007,A,banana,2021-09-15,WED,3.28,190,623.2,84.2
A007,A,banana,2021-09-16,THU,3.3,195,643.5,83.4
A007,A,banana,2021-09-17,FRI,3.3,195,643.5,83.2
A007,A,banana,2021-09-18,SAT,3.3,212,699.6,78.4
A007,A,banana,2021-09-19,SUN,3.3,211,696.3,88.7
A007,A,banana,2021-09-20,MON,3.3,191,630.3,82
A007,A,banana,2021-09-21,TUE,3.3,195,643.5,80
A007,A,banana,2021-09-22,WED,3.3,194,640.2,81.8
A007,A,banana,2021-09-23,THU,3.31,190,628.9,77.4
A007,A,banana,2021-09-24,FRI,3.31,190,628.9,80.8
A007,A,banana,2021-09-25,SAT,3.31,212,701.72,91.7
A007,A,banana,2021-09-26,SUN,3.31,213,705.03,83.3
A007,A,banana,2021-09-27,MON,3.31,196,648.76,76.7
A007,A,banana,2021-09-28,TUE,3.31,197,652.07,85.1
A007,A,banana,2021-09-29,WED,3.31,192,635.52,76.5
A007,A,banana,2021-09-30,THU,3.33,192,639.36,88.3
A007,A,cherry,2021-04-01,THU,4.06,348,1412.88,81.7
A007,A,cherry,2021-04-02,FRI,4.06,357,1449.42,70.6
A007,A,cherry,2021-04-03,SAT,4.06,386,1567.16,72.7
A007,A,cherry,2021-04-04,SUN,4.06,387,1571.22,70
A007,A,cherry,2021-04-05,MON,4.06,358,1453.48,50
A007,A,cherry,2021-04-06,TUE,4.06,358,1453.48,62.1
A007,A,cherry,2021-04-07,WED,4.06,351,1425.06,63.6
A007,A,cherry,2021-04-08,THU,4.09,351,1435.59,67.9
A007,A,cherry,2021-04-09,FRI,4.09,361,1476.49,81.3
A007,A,cherry,2021-04-10,SAT,4.09,386,1578.74,81.7
A007,A,cherry,2021-04-11,SUN,4.09,387,1582.83,75.8
A007,A,cherry,2021-04-12,MON,4.09,354,1447.86,64.1
A007,A,cherry,2021-04-13,TUE,4.09,350,1431.5,54.2
A007,A,cherry,2021-04-14,WED,4.09,349,1427.41,59.8
A007,A,cherry,2021-04-15,THU,4.12,354,1458.48,70.3
A007,A,cherry,2021-04-16,FRI,4.12,354,1458.48,70.8
A007,A,cherry,2021-04-17,SAT,4.12,389,1602.68,57.3
A007,A,cherry,2021-04-18,SUN,4.12,386,1590.32,55.7
A007,A,cherry,2021-04-19,MON,4.12,355,1462.6,66.6
A007,A,cherry,2021-04-20,TUE,4.12,349,1437.88,68.4
A007,A,cherry,2021-04-21,WED,4.12,355,1462.6,73.7
A007,A,cherry,2021-04-22,THU,4.13,356,1470.28,62.8
A007,A,cherry,2021-04-23,FRI,4.13,354,1462.02,60.2
A007,A,cherry,2021-04-24,SAT,4.13,387,1598.31,58.6
A007,A,cherry,2021-04-25,SUN,4.13,387,1598.31,70.3
A007,A,cherry,2021-04-26,MON,4.13,347,1433.11,60.3
A007,A,cherry,2021-04-27,TUE,4.13,351,1449.63,68.9
A007,A,cherry,2021-04-28,WED,4.13,355,1466.15,66.9
A007,A,cherry,2021-04-29,THU,4.12,359,1479.08,68.4
A007,A,cherry,2021-04-30,FRI,4.12,355,1462.6,65.9
A007,A,cherry,2021-05-01,SAT,4.12,388,1598.56,69.4
A007,A,cherry,2021-05-02,SUN,4.12,387,1594.44,63.4
A007,A,cherry,2021-05-03,MON,4.12,349,1437.88,76.6
A007,A,cherry,2021-05-04,TUE,4.12,357,1470.84,72
A007,A,cherry,2021-05-05,WED,4.12,353,1454.36,77
A007,A,cherry,2021-05-06,THU,4.14,357,1477.98,71.7
A007,A,cherry,2021-05-07,FRI,4.14,353,1461.42,61.3
A007,A,cherry,2021-05-08,SAT,4.14,382,1581.48,83.4
A007,A,cherry,2021-05-09,SUN,4.14,386,1598.04,76
A007,A,cherry,2021-05-10,MON,4.14,349,1444.86,73.5
A007,A,cherry,2021-05-11,TUE,4.14,352,1457.28,72.5
A007,A,cherry,2021-05-12,WED,4.14,359,1486.26,70
A007,A,cherry,2021-05-13,THU,4.16,356,1480.96,87.9
A007,A,cherry,2021-05-14,FRI,4.16,358,1489.28,84.6
A007,A,cherry,2021-05-15,SAT,4.16,389,1618.24,90.2
A007,A,cherry,2021-05-16,SUN,4.16,386,1605.76,84
A007,A,cherry,2021-05-17,MON,4.16,356,1480.96,82.9
A007,A,cherry,2021-05-18,TUE,4.16,351,1460.16,78.9
A007,A,cherry,2021-05-19,WED,4.16,348,1447.68,74.8
A007,A,cherry,2021-05-20,THU,4.18,350,1463,81.9
A007,A,cherry,2021-05-21,FRI,4.18,357,1492.26,81.8
A007,A,cherry,2021-05-22,SAT,4.18,389,1626.02,83.3
A007,A,cherry,2021-05-23,SUN,4.18,388,1621.84,80.2
A007,A,cherry,2021-05-24,MON,4.18,348,1454.64,84.4
A007,A,cherry,2021-05-25,TUE,4.18,350,1463,75.7
A007,A,cherry,2021-05-26,WED,4.18,347,1450.46,79.4
A007,A,cherry,2021-05-27,THU,4.17,352,1467.84,75.3
A007,A,cherry,2021-05-28,FRI,4.17,360,1501.2,74.9
A007,A,cherry,2021-05-29,SAT,4.17,384,1601.28,65.5
A007,A,cherry,2021-05-30,SUN,4.17,384,1601.28,78.2
A007,A,cherry,2021-05-31,MON,4.17,352,1467.84,74.8
A007,A,cherry,2021-06-01,TUE,4.17,357,1488.69,62.7
A007,A,cherry,2021-06-02,WED,4.17,356,1484.52,63.1
A007,A,cherry,2021-06-03,THU,4.17,351,1463.67,74.6
A007,A,cherry,2021-06-04,FRI,4.17,357,1488.69,86.2
A007,A,cherry,2021-06-05,SAT,4.17,386,1609.62,69.4
A007,A,cherry,2021-06-06,SUN,4.17,383,1597.11,76.6
A007,A,cherry,2021-06-07,MON,4.17,355,1480.35,76.9
A007,A,cherry,2021-06-08,TUE,4.17,348,1451.16,68.2
A007,A,cherry,2021-06-09,WED,4.17,357,1488.69,68.3
A007,A,cherry,2021-06-10,THU,4.19,349,1462.31,79.6
A007,A,cherry,2021-06-11,FRI,4.19,347,1453.93,76.8
A007,A,cherry,2021-06-12,SAT,4.19,387,1621.53,69.2
A007,A,cherry,2021-06-13,SUN,4.19,385,1613.15,65.4
A007,A,cherry,2021-06-14,MON,4.19,355,1487.45,66.9
A007,A,cherry,2021-06-15,TUE,4.19,352,1474.88,63.2
A007,A,cherry,2021-06-16,WED,4.19,357,1495.83,69.7
A007,A,cherry,2021-06-17,THU,4.21,353,1486.13,89.3
A007,A,cherry,2021-06-18,FRI,4.21,355,1494.55,95.7
A007,A,cherry,2021-06-19,SAT,4.21,386,1625.06,91.6
A007,A,cherry,2021-06-20,SUN,4.21,387,1629.27,92.9
A007,A,cherry,2021-06-21,MON,4.21,353,1486.13,85.6
A007,A,cherry,2021-06-22,TUE,4.21,349,1469.29,73.7
A007,A,cherry,2021-06-23,WED,4.21,350,1473.5,68.9
A007,A,cherry,2021-06-24,THU,4.2,350,1470,85.9
A007,A,cherry,2021-06-25,FRI,4.2,350,1470,81.6
A007,A,cherry,2021-06-26,SAT,4.2,385,1617,81.8
A007,A,cherry,2021-06-27,SUN,4.2,389,1633.8,89.3
A007,A,cherry,2021-06-28,MON,4.2,356,1495.2,96.9
A007,A,cherry,2021-06-29,TUE,4.2,353,1482.6,86.8
A007,A,cherry,2021-06-30,WED,4.2,352,1478.4,82.1
A007,A,cherry,2021-07-01,THU,4.21,348,1465.08,75.1
A007,A,cherry,2021-07-02,FRI,4.21,352,1481.92,77.7
A007,A,cherry,2021-07-03,SAT,4.21,385,1620.85,83.3
A007,A,cherry,2021-07-04,SUN,4.21,388,1633.48,87
A007,A,cherry,2021-07-05,MON,4.21,350,1473.5,77.6
A007,A,cherry,2021-07-06,TUE,4.21,357,1502.97,83.8
A007,A,cherry,2021-07-07,WED,4.21,354,1490.34,80.4
A007,A,cherry,2021-07-08,THU,4.23,354,1497.42,80.7
A007,A,cherry,2021-07-09,FRI,4.23,353,1493.19,82.4
A007,A,cherry,2021-07-10,SAT,4.23,387,1637.01,82.1
A007,A,cherry,2021-07-11,SUN,4.23,383,1620.09,82.3
A007,A,cherry,2021-07-12,MON,4.23,354,1497.42,84.2
A007,A,cherry,2021-07-13,TUE,4.23,351,1484.73,82
A007,A,cherry,2021-07-14,WED,4.23,350,1480.5,75
A007,A,cherry,2021-07-15,THU,4.23,356,1505.88,79.4
A007,A,cherry,2021-07-16,FRI,4.23,357,1510.11,71.6
A007,A,cherry,2021-07-17,SAT,4.23,387,1637.01,66.3
A007,A,cherry,2021-07-18,SUN,4.23,389,1645.47,66.4
A007,A,cherry,2021-07-19,MON,4.23,358,1514.34,72.2
A007,A,cherry,2021-07-20,TUE,4.23,354,1497.42,73.4
A007,A,cherry,2021-07-21,WED,4.23,356,1505.88,77.3
A007,A,cherry,2021-07-22,THU,4.23,349,1476.27,69.6
A007,A,cherry,2021-07-23,FRI,4.23,356,1505.88,78.7
A007,A,cherry,2021-07-24,SAT,4.23,383,1620.09,82
A007,A,cherry,2021-07-25,SUN,4.23,388,1641.24,89.1
A007,A,cherry,2021-07-26,MON,4.23,349,1476.27,75.5
A007,A,cherry,2021-07-27,TUE,4.23,347,1467.81,80.9
A007,A,cherry,2021-07-28,WED,4.23,357,1510.11,80.7
A007,A,cherry,2021-07-29,THU,4.23,350,1480.5,67.8
A007,A,cherry,2021-07-30,FRI,4.23,356,1505.88,89
A007,A,cherry,2021-07-31,SAT,4.23,385,1628.55,83
A007,A,cherry,2021-08-01,SUN,4.23,387,1637.01,87.9
A007,A,cherry,2021-08-02,MON,4.23,358,1514.34,77.6
A007,A,cherry,2021-08-03,TUE,4.23,356,1505.88,77.1
A007,A,cherry,2021-08-04,WED,4.23,354,1497.42,69.7
A007,A,cherry,2021-08-05,THU,4.22,355,1498.1,83.5
A007,A,cherry,2021-08-06,FRI,4.22,359,1514.98,80.8
A007,A,cherry,2021-08-07,SAT,4.22,385,1624.7,82.6
A007,A,cherry,2021-08-08,SUN,4.22,384,1620.48,80.3
A007,A,cherry,2021-08-09,MON,4.22,348,1468.56,82
A007,A,cherry,2021-08-10,TUE,4.22,349,1472.78,77.3
A007,A,cherry,2021-08-11,WED,4.22,351,1481.22,72.8
A007,A,cherry,2021-08-12,THU,4.23,355,1501.65,81.6
A007,A,cherry,2021-08-13,FRI,4.23,351,1484.73,77.6
A007,A,cherry,2021-08-14,SAT,4.23,384,1624.32,75.3
A007,A,cherry,2021-08-15,SUN,4.23,386,1632.78,77.9
A007,A,cherry,2021-08-16,MON,4.23,356,1505.88,76.8
A007,A,cherry,2021-08-17,TUE,4.23,361,1527.03,81.3
A007,A,cherry,2021-08-18,WED,4.23,349,1476.27,76.1
A007,A,cherry,2021-08-19,THU,4.24,349,1479.76,76.5
A007,A,cherry,2021-08-20,FRI,4.24,360,1526.4,80.6
A007,A,cherry,2021-08-21,SAT,4.24,386,1636.64,89
A007,A,cherry,2021-08-22,SUN,4.24,383,1623.92,88.9
A007,A,cherry,2021-08-23,MON,4.24,356,1509.44,78.6
A007,A,cherry,2021-08-24,TUE,4.24,349,1479.76,77.1
A007,A,cherry,2021-08-25,WED,4.24,357,1513.68,80.1
A007,A,cherry,2021-08-26,THU,4.25,349,1483.25,73.1
A007,A,cherry,2021-08-27,FRI,4.25,352,1496,77.4
A007,A,cherry,2021-08-28,SAT,4.25,386,1640.5,78.7
A007,A,cherry,2021-08-29,SUN,4.25,385,1636.25,78.4
A007,A,cherry,2021-08-30,MON,4.25,354,1504.5,82.2
A007,A,cherry,2021-08-31,TUE,4.25,348,1479,83
A007,A,cherry,2021-09-01,WED,4.25,356,1513,80.1
A007,A,cherry,2021-09-02,THU,4.27,356,1520.12,78.9
A007,A,cherry,2021-09-03,FRI,4.27,357,1524.39,74.4
A007,A,cherry,2021-09-04,SAT,4.27,383,1635.41,83.1
A007,A,cherry,2021-09-05,SUN,4.27,387,1652.49,76.9
A007,A,cherry,2021-09-06,MON,4.27,352,1503.04,75.5
A007,A,cherry,2021-09-07,TUE,4.27,349,1490.23,66.7
A007,A,cherry,2021-09-08,WED,4.27,358,1528.66,63
A007,A,cherry,2021-09-09,THU,4.27,351,1498.77,85.9
A007,A,cherry,2021-09-10,FRI,4.27,351,1498.77,87.5
A007,A,cherry,2021-09-11,SAT,4.27,385,1643.95,76.1
A007,A,cherry,2021-09-12,SUN,4.27,385,1643.95,75.5
A007,A,cherry,2021-09-13,MON,4.27,354,1511.58,77.8
A007,A,cherry,2021-09-14,TUE,4.27,350,1494.5,94.1
A007,A,cherry,2021-09-15,WED,4.27,358,1528.66,84.2
A007,A,cherry,2021-09-16,THU,4.28,350,1498,83.4
A007,A,cherry,2021-09-17,FRI,4.28,356,1523.68,83.2
A007,A,cherry,2021-09-18,SAT,4.28,388,1660.64,78.4
A007,A,cherry,2021-09-19,SUN,4.28,385,1647.8,88.7
A007,A,cherry,2021-09-20,MON,4.28,353,1510.84,82
A007,A,cherry,2021-09-21,TUE,4.28,359,1536.52,80
A007,A,cherry,2021-09-22,WED,4.28,360,1540.8,81.8
A007,A,cherry,2021-09-23,THU,4.3,351,1509.3,77.4
A007,A,cherry,2021-09-24,FRI,4.3,347,1492.1,80.8
A007,A,cherry,2021-09-25,SAT,4.3,388,1668.4,91.7
A007,A,cherry,2021-09-26,SUN,4.3,382,1642.6,83.3
A007,A,cherry,2021-09-27,MON,4.3,352,1513.6,76.7
A007,A,cherry,2021-09-28,TUE,4.3,354,1522.2,85.1
A007,A,cherry,2021-09-29,WED,4.3,347,1492.1,76.5
A007,A,cherry,2021-09-30,THU,4.31,352,1517.12,88.3
A008,A,banana,2021-04-01,THU,2.3,432,993.6,81.7
A008,A,banana,2021-04-02,FRI,2.3,429,986.7,70.6
A008,A,banana,2021-04-03,SAT,2.3,475,1092.5,72.7
A008,A,banana,2021-04-04,SUN,2.3,476,1094.8,70
A008,A,banana,2021-04-05,MON,2.3,442,1016.6,50
A008,A,banana,2021-04-06,TUE,2.3,438,1007.4,62.1
A008,A,banana,2021-04-07,WED,2.3,439,1009.7,63.6
A008,A,banana,2021-04-08,THU,2.31,428,988.68,67.9
A008,A,banana,2021-04-09,FRI,2.31,434,1002.54,81.3
A008,A,banana,2021-04-10,SAT,2.31,475,1097.25,81.7
A008,A,banana,2021-04-11,SUN,2.31,473,1092.63,75.8
A008,A,banana,2021-04-12,MON,2.31,439,1014.09,64.1
A008,A,banana,2021-04-13,TUE,2.31,426,984.06,54.2
A008,A,banana,2021-04-14,WED,2.31,440,1016.4,59.8
A008,A,banana,2021-04-15,THU,2.32,433,1004.56,70.3
A008,A,banana,2021-04-16,FRI,2.32,427,990.64,70.8
A008,A,banana,2021-04-17,SAT,2.32,470,1090.4,57.3
A008,A,banana,2021-04-18,SUN,2.32,470,1090.4,55.7
A008,A,banana,2021-04-19,MON,2.32,435,1009.2,66.6
A008,A,banana,2021-04-20,TUE,2.32,439,1018.48,68.4
A008,A,banana,2021-04-21,WED,2.32,429,995.28,73.7
A008,A,banana,2021-04-22,THU,2.33,428,997.24,62.8
A008,A,banana,2021-04-23,FRI,2.33,433,1008.89,60.2
A008,A,banana,2021-04-24,SAT,2.33,475,1106.75,58.6
A008,A,banana,2021-04-25,SUN,2.33,471,1097.43,70.3
A008,A,banana,2021-04-26,MON,2.33,431,1004.23,60.3
A008,A,banana,2021-04-27,TUE,2.33,438,1020.54,68.9
A008,A,banana,2021-04-28,WED,2.33,429,999.57,66.9
A008,A,banana,2021-04-29,THU,2.34,437,1022.58,68.4
A008,A,banana,2021-04-30,FRI,2.34,426,996.84,65.9
A008,A,banana,2021-05-01,SAT,2.34,474,1109.16,69.4
A008,A,banana,2021-05-02,SUN,2.34,475,1111.5,63.4
A008,A,banana,2021-05-03,MON,2.34,432,1010.88,76.6
A008,A,banana,2021-05-04,TUE,2.34,435,1017.9,72
A008,A,banana,2021-05-05,WED,2.34,435,1017.9,77
A008,A,banana,2021-05-06,THU,2.35,429,1008.15,71.7
A008,A,banana,2021-05-07,FRI,2.35,427,1003.45,61.3
A008,A,banana,2021-05-08,SAT,2.35,470,1104.5,83.4
A008,A,banana,2021-05-09,SUN,2.35,473,1111.55,76
A008,A,banana,2021-05-10,MON,2.35,429,1008.15,73.5
A008,A,banana,2021-05-11,TUE,2.35,434,1019.9,72.5
A008,A,banana,2021-05-12,WED,2.35,437,1026.95,70
A008,A,banana,2021-05-13,THU,2.37,433,1026.21,87.9
A008,A,banana,2021-05-14,FRI,2.37,430,1019.1,84.6
A008,A,banana,2021-05-15,SAT,2.37,476,1128.12,90.2
A008,A,banana,2021-05-16,SUN,2.37,476,1128.12,84
A008,A,banana,2021-05-17,MON,2.37,439,1040.43,82.9
A008,A,banana,2021-05-18,TUE,2.37,425,1007.25,78.9
A008,A,banana,2021-05-19,WED,2.37,433,1026.21,74.8
A008,A,banana,2021-05-20,THU,2.37,442,1047.54,81.9
A008,A,banana,2021-05-21,FRI,2.37,439,1040.43,81.8
A008,A,banana,2021-05-22,SAT,2.37,477,1130.49,83.3
A008,A,banana,2021-05-23,SUN,2.37,477,1130.49,80.2
A008,A,banana,2021-05-24,MON,2.37,438,1038.06,84.4
A008,A,banana,2021-05-25,TUE,2.37,439,1040.43,75.7
A008,A,banana,2021-05-26,WED,2.37,435,1030.95,79.4
A008,A,banana,2021-05-27,THU,2.39,432,1032.48,75.3
A008,A,banana,2021-05-28,FRI,2.39,436,1042.04,74.9
A008,A,banana,2021-05-29,SAT,2.39,471,1125.69,65.5
A008,A,banana,2021-05-30,SUN,2.39,473,1130.47,78.2
A008,A,banana,2021-05-31,MON,2.39,428,1022.92,74.8
A008,A,banana,2021-06-01,TUE,2.39,426,1018.14,62.7
A008,A,banana,2021-06-02,WED,2.39,431,1030.09,63.1
A008,A,banana,2021-06-03,THU,2.41,436,1050.76,74.6
A008,A,banana,2021-06-04,FRI,2.41,431,1038.71,86.2
A008,A,banana,2021-06-05,SAT,2.41,476,1147.16,69.4
A008,A,banana,2021-06-06,SUN,2.41,473,1139.93,76.6
A008,A,banana,2021-06-07,MON,2.41,430,1036.3,76.9
A008,A,banana,2021-06-08,TUE,2.41,441,1062.81,68.2
A008,A,banana,2021-06-09,WED,2.41,436,1050.76,68.3
A008,A,banana,2021-06-10,THU,2.41,428,1031.48,79.6
A008,A,banana,2021-06-11,FRI,2.41,434,1045.94,76.8
A008,A,banana,2021-06-12,SAT,2.41,477,1149.57,69.2
A008,A,banana,2021-06-13,SUN,2.41,471,1135.11,65.4
A008,A,banana,2021-06-14,MON,2.41,427,1029.07,66.9
A008,A,banana,2021-06-15,TUE,2.41,433,1043.53,63.2
A008,A,banana,2021-06-16,WED,2.41,435,1048.35,69.7
A008,A,banana,2021-06-17,THU,2.43,442,1074.06,89.3
A008,A,banana,2021-06-18,FRI,2.43,439,1066.77,95.7
A008,A,banana,2021-06-19,SAT,2.43,477,1159.11,91.6
A008,A,banana,2021-06-20,SUN,2.43,474,1151.82,92.9
A008,A,banana,2021-06-21,MON,2.43,442,1074.06,85.6
A008,A,banana,2021-06-22,TUE,2.43,441,1071.63,73.7
A008,A,banana,2021-06-23,WED,2.43,436,1059.48,68.9
A008,A,banana,2021-06-24,THU,2.42,440,1064.8,85.9
A008,A,banana,2021-06-25,FRI,2.42,432,1045.44,81.6
A008,A,banana,2021-06-26,SAT,2.42,473,1144.66,81.8
A008,A,banana,2021-06-27,SUN,2.42,477,1154.34,89.3
A008,A,banana,2021-06-28,MON,2.42,432,1045.44,96.9
A008,A,banana,2021-06-29,TUE,2.42,428,1035.76,86.8
A008,A,banana,2021-06-30,WED,2.42,428,1035.76,82.1
A008,A,banana,2021-07-01,THU,2.41,437,1053.17,75.1
A008,A,banana,2021-07-02,FRI,2.41,434,1045.94,77.7
A008,A,banana,2021-07-03,SAT,2.41,477,1149.57,83.3
A008,A,banana,2021-07-04,SUN,2.41,471,1135.11,87
A008,A,banana,2021-07-05,MON,2.41,439,1057.99,77.6
A008,A,banana,2021-07-06,TUE,2.41,430,1036.3,83.8
A008,A,banana,2021-07-07,WED,2.41,439,1057.99,80.4
A008,A,banana,2021-07-08,THU,2.44,431,1051.64,80.7
A008,A,banana,2021-07-09,FRI,2.44,439,1071.16,82.4
A008,A,banana,2021-07-10,SAT,2.44,472,1151.68,82.1
A008,A,banana,2021-07-11,SUN,2.44,477,1163.88,82.3
A008,A,banana,2021-07-12,MON,2.44,440,1073.6,84.2
A008,A,banana,2021-07-13,TUE,2.44,430,1049.2,82
A008,A,banana,2021-07-14,WED,2.44,440,1073.6,75
A008,A,banana,2021-07-15,THU,2.46,436,1072.56,79.4
A008,A,banana,2021-07-16,FRI,2.46,440,1082.4,71.6
A008,A,banana,2021-07-17,SAT,2.46,477,1173.42,66.3
A008,A,banana,2021-07-18,SUN,2.46,469,1153.74,66.4
A008,A,banana,2021-07-19,MON,2.46,432,1062.72,72.2
A008,A,banana,2021-07-20,TUE,2.46,440,1082.4,73.4
A008,A,banana,2021-07-21,WED,2.46,431,1060.26,77.3
A008,A,banana,2021-07-22,THU,2.48,430,1066.4,69.6
A008,A,banana,2021-07-23,FRI,2.48,437,1083.76,78.7
A008,A,banana,2021-07-24,SAT,2.48,471,1168.08,82
A008,A,banana,2021-07-25,SUN,2.48,477,1182.96,89.1
A008,A,banana,2021-07-26,MON,2.48,432,1071.36,75.5
A008,A,banana,2021-07-27,TUE,2.48,442,1096.16,80.9
A008,A,banana,2021-07-28,WED,2.48,432,1071.36,80.7
A008,A,banana,2021-07-29,THU,2.5,437,1092.5,67.8
A008,A,banana,2021-07-30,FRI,2.5,426,1065,89
A008,A,banana,2021-07-31,SAT,2.5,476,1190,83
A008,A,banana,2021-08-01,SUN,2.5,477,1192.5,87.9
A008,A,banana,2021-08-02,MON,2.5,428,1070,77.6
A008,A,banana,2021-08-03,TUE,2.5,437,1092.5,77.1
A008,A,banana,2021-08-04,WED,2.5,428,1070,69.7
A008,A,banana,2021-08-05,THU,2.52,427,1076.04,83.5
A008,A,banana,2021-08-06,FRI,2.52,435,1096.2,80.8
A008,A,banana,2021-08-07,SAT,2.52,472,1189.44,82.6
A008,A,banana,2021-08-08,SUN,2.52,470,1184.4,80.3
A008,A,banana,2021-08-09,MON,2.52,429,1081.08,82
A008,A,banana,2021-08-10,TUE,2.52,434,1093.68,77.3
A008,A,banana,2021-08-11,WED,2.52,427,1076.04,72.8
A008,A,banana,2021-08-12,THU,2.54,437,1109.98,81.6
A008,A,banana,2021-08-13,FRI,2.54,428,1087.12,77.6
A008,A,banana,2021-08-14,SAT,2.54,470,1193.8,75.3
A008,A,banana,2021-08-15,SUN,2.54,476,1209.04,77.9
A008,A,banana,2021-08-16,MON,2.54,429,1089.66,76.8
A008,A,banana,2021-08-17,TUE,2.54,438,1112.52,81.3
A008,A,banana,2021-08-18,WED,2.54,428,1087.12,76.1
A008,A,banana,2021-08-19,THU,2.56,438,1121.28,76.5
A008,A,banana,2021-08-20,FRI,2.56,436,1116.16,80.6
A008,A,banana,2021-08-21,SAT,2.56,476,1218.56,89
A008,A,banana,2021-08-22,SUN,2.56,477,1221.12,88.9
A008,A,banana,2021-08-23,MON,2.56,438,1121.28,78.6
A008,A,banana,2021-08-24,TUE,2.56,440,1126.4,77.1
A008,A,banana,2021-08-25,WED,2.56,436,1116.16,80.1
A008,A,banana,2021-08-26,THU,2.56,431,1103.36,73.1
A008,A,banana,2021-08-27,FRI,2.56,426,1090.56,77.4
A008,A,banana,2021-08-28,SAT,2.56,470,1203.2,78.7
A008,A,banana,2021-08-29,SUN,2.56,475,1216,78.4
A008,A,banana,2021-08-30,MON,2.56,442,1131.52,82.2
A008,A,banana,2021-08-31,TUE,2.56,428,1095.68,83
A008,A,banana,2021-09-01,WED,2.56,429,1098.24,80.1
A008,A,banana,2021-09-02,THU,2.56,426,1090.56,78.9
A008,A,banana,2021-09-03,FRI,2.56,433,1108.48,74.4
A008,A,banana,2021-09-04,SAT,2.56,469,1200.64,83.1
A008,A,banana,2021-09-05,SUN,2.56,470,1203.2,76.9
A008,A,banana,2021-09-06,MON,2.56,437,1118.72,75.5
A008,A,banana,2021-09-07,TUE,2.56,437,1118.72,66.7
A008,A,banana,2021-09-08,WED,2.56,434,1111.04,63
A008,A,banana,2021-09-09,THU,2.56,434,1111.04,85.9
A008,A,banana,2021-09-10,FRI,2.56,432,1105.92,87.5
A008,A,banana,2021-09-11,SAT,2.56,474,1213.44,76.1
A008,A,banana,2021-09-12,SUN,2.56,473,1210.88,75.5
A008,A,banana,2021-09-13,MON,2.56,438,1121.28,77.8
A008,A,banana,2021-09-14,TUE,2.56,434,1111.04,94.1
A008,A,banana,2021-09-15,WED,2.56,432,1105.92,84.2
A008,A,banana,2021-09-16,THU,2.57,431,1107.67,83.4
A008,A,banana,2021-09-17,FRI,2.57,429,1102.53,83.2
A008,A,banana,2021-09-18,SAT,2.57,477,1225.89,78.4
A008,A,banana,2021-09-19,SUN,2.57,474,1218.18,88.7
A008,A,banana,2021-09-20,MON,2.57,438,1125.66,82
A008,A,banana,2021-09-21,TUE,2.57,438,1125.66,80
A008,A,banana,2021-09-22,WED,2.57,431,1107.67,81.8
A008,A,banana,2021-09-23,THU,2.57,437,1123.09,77.4
A008,A,banana,2021-09-24,FRI,2.57,426,1094.82,80.8
A008,A,banana,2021-09-25,SAT,2.57,473,1215.61,91.7
A008,A,banana,2021-09-26,SUN,2.57,470,1207.9,83.3
A008,A,banana,2021-09-27,MON,2.57,426,1094.82,76.7
A008,A,banana,2021-09-28,TUE,2.57,429,1102.53,85.1
A008,A,banana,2021-09-29,WED,2.57,439,1128.23,76.5
A008,A,banana,2021-09-30,THU,2.56,428,1095.68,88.3
A008,A,cherry,2021-04-01,THU,5.84,264,1541.76,81.7
A008,A,cherry,2021-04-02,FRI,5.84,273,1594.32,70.6
A008,A,cherry,2021-04-03,SAT,5.84,293,1711.12,72.7
A008,A,cherry,2021-04-04,SUN,5.84,291,1699.44,70
A008,A,cherry,2021-04-05,MON,5.84,273,1594.32,50
A008,A,cherry,2021-04-06,TUE,5.84,270,1576.8,62.1
A008,A,cherry,2021-04-07,WED,5.84,273,1594.32,63.6
A008,A,cherry,2021-04-08,THU,5.87,268,1573.16,67.9
A008,A,cherry,2021-04-09,FRI,5.87,264,1549.68,81.3
A008,A,cherry,2021-04-10,SAT,5.87,295,1731.65,81.7
A008,A,cherry,2021-04-11,SUN,5.87,294,1725.78,75.8
A008,A,cherry,2021-04-12,MON,5.87,264,1549.68,64.1
A008,A,cherry,2021-04-13,TUE,5.87,266,1561.42,54.2
A008,A,cherry,2021-04-14,WED,5.87,266,1561.42,59.8
A008,A,cherry,2021-04-15,THU,5.86,264,1547.04,70.3
A008,A,cherry,2021-04-16,FRI,5.86,270,1582.2,70.8
A008,A,cherry,2021-04-17,SAT,5.86,291,1705.26,57.3
A008,A,cherry,2021-04-18,SUN,5.86,294,1722.84,55.7
A008,A,cherry,2021-04-19,MON,5.86,273,1599.78,66.6
A008,A,cherry,2021-04-20,TUE,5.86,271,1588.06,68.4
A008,A,cherry,2021-04-21,WED,5.86,269,1576.34,73.7
A008,A,cherry,2021-04-22,THU,5.88,268,1575.84,62.8
A008,A,cherry,2021-04-23,FRI,5.88,274,1611.12,60.2
A008,A,cherry,2021-04-24,SAT,5.88,296,1740.48,58.6
A008,A,cherry,2021-04-25,SUN,5.88,293,1722.84,70.3
A008,A,cherry,2021-04-26,MON,5.88,268,1575.84,60.3
A008,A,cherry,2021-04-27,TUE,5.88,264,1552.32,68.9
A008,A,cherry,2021-04-28,WED,5.88,267,1569.96,66.9
A008,A,cherry,2021-04-29,THU,5.88,264,1552.32,68.4
A008,A,cherry,2021-04-30,FRI,5.88,269,1581.72,65.9
A008,A,cherry,2021-05-01,SAT,5.88,292,1716.96,69.4
A008,A,cherry,2021-05-02,SUN,5.88,292,1716.96,63.4
A008,A,cherry,2021-05-03,MON,5.88,274,1611.12,76.6
A008,A,cherry,2021-05-04,TUE,5.88,274,1611.12,72
A008,A,cherry,2021-05-05,WED,5.88,265,1558.2,77
A008,A,cherry,2021-05-06,THU,5.88,265,1558.2,71.7
A008,A,cherry,2021-05-07,FRI,5.88,264,1552.32,61.3
A008,A,cherry,2021-05-08,SAT,5.88,294,1728.72,83.4
A008,A,cherry,2021-05-09,SUN,5.88,294,1728.72,76
A008,A,cherry,2021-05-10,MON,5.88,267,1569.96,73.5
A008,A,cherry,2021-05-11,TUE,5.88,271,1593.48,72.5
A008,A,cherry,2021-05-12,WED,5.88,273,1605.24,70
A008,A,cherry,2021-05-13,THU,5.91,272,1607.52,87.9
A008,A,cherry,2021-05-14,FRI,5.91,264,1560.24,84.6
A008,A,cherry,2021-05-15,SAT,5.91,291,1719.81,90.2
A008,A,cherry,2021-05-16,SUN,5.91,293,1731.63,84
A008,A,cherry,2021-05-17,MON,5.91,268,1583.88,82.9
A008,A,cherry,2021-05-18,TUE,5.91,270,1595.7,78.9
A008,A,cherry,2021-05-19,WED,5.91,264,1560.24,74.8
A008,A,cherry,2021-05-20,THU,5.93,271,1607.03,81.9
A008,A,cherry,2021-05-21,FRI,5.93,267,1583.31,81.8
A008,A,cherry,2021-05-22,SAT,5.93,292,1731.56,83.3
A008,A,cherry,2021-05-23,SUN,5.93,293,1737.49,80.2
A008,A,cherry,2021-05-24,MON,5.93,264,1565.52,84.4
A008,A,cherry,2021-05-25,TUE,5.93,266,1577.38,75.7
A008,A,cherry,2021-05-26,WED,5.93,271,1607.03,79.4
A008,A,cherry,2021-05-27,THU,5.95,268,1594.6,75.3
A008,A,cherry,2021-05-28,FRI,5.95,273,1624.35,74.9
A008,A,cherry,2021-05-29,SAT,5.95,293,1743.35,65.5
A008,A,cherry,2021-05-30,SUN,5.95,294,1749.3,78.2
A008,A,cherry,2021-05-31,MON,5.95,267,1588.65,74.8
A008,A,cherry,2021-06-01,TUE,5.95,271,1612.45,62.7
A008,A,cherry,2021-06-02,WED,5.95,271,1612.45,63.1
A008,A,cherry,2021-06-03,THU,5.95,266,1582.7,74.6
A008,A,cherry,2021-06-04,FRI,5.95,271,1612.45,86.2
A008,A,cherry,2021-06-05,SAT,5.95,293,1743.35,69.4
A008,A,cherry,2021-06-06,SUN,5.95,294,1749.3,76.6
A008,A,cherry,2021-06-07,MON,5.95,264,1570.8,76.9
A008,A,cherry,2021-06-08,TUE,5.95,273,1624.35,68.2
A008,A,cherry,2021-06-09,WED,5.95,271,1612.45,68.3
A008,A,cherry,2021-06-10,THU,5.94,274,1627.56,79.6
A008,A,cherry,2021-06-11,FRI,5.94,273,1621.62,76.8
A008,A,cherry,2021-06-12,SAT,5.94,291,1728.54,69.2
A008,A,cherry,2021-06-13,SUN,5.94,293,1740.42,65.4
A008,A,cherry,2021-06-14,MON,5.94,268,1591.92,66.9
A008,A,cherry,2021-06-15,TUE,5.94,266,1580.04,63.2
A008,A,cherry,2021-06-16,WED,5.94,267,1585.98,69.7
A008,A,cherry,2021-06-17,THU,5.95,266,1582.7,89.3
A008,A,cherry,2021-06-18,FRI,5.95,266,1582.7,95.7
A008,A,cherry,2021-06-19,SAT,5.95,292,1737.4,91.6
A008,A,cherry,2021-06-20,SUN,5.95,294,1749.3,92.9
A008,A,cherry,2021-06-21,MON,5.95,270,1606.5,85.6
A008,A,cherry,2021-06-22,TUE,5.95,274,1630.3,73.7
A008,A,cherry,2021-06-23,WED,5.95,273,1624.35,68.9
A008,A,cherry,2021-06-24,THU,5.97,274,1635.78,85.9
A008,A,cherry,2021-06-25,FRI,5.97,273,1629.81,81.6
A008,A,cherry,2021-06-26,SAT,5.97,295,1761.15,81.8
A008,A,cherry,2021-06-27,SUN,5.97,296,1767.12,89.3
A008,A,cherry,2021-06-28,MON,5.97,274,1635.78,96.9
A008,A,cherry,2021-06-29,TUE,5.97,264,1576.08,86.8
A008,A,cherry,2021-06-30,WED,5.97,269,1605.93,82.1
A008,A,cherry,2021-07-01,THU,5.96,264,1573.44,75.1
A008,A,cherry,2021-07-02,FRI,5.96,271,1615.16,77.7
A008,A,cherry,2021-07-03,SAT,5.96,294,1752.24,83.3
A008,A,cherry,2021-07-04,SUN,5.96,295,1758.2,87
A008,A,cherry,2021-07-05,MON,5.96,267,1591.32,77.6
A008,A,cherry,2021-07-06,TUE,5.96,269,1603.24,83.8
A008,A,cherry,2021-07-07,WED,5.96,266,1585.36,80.4
A008,A,cherry,2021-07-08,THU,5.96,267,1591.32,80.7
A008,A,cherry,2021-07-09,FRI,5.96,268,1597.28,82.4
A008,A,cherry,2021-07-10,SAT,5.96,295,1758.2,82.1
A008,A,cherry,2021-07-11,SUN,5.96,291,1734.36,82.3
A008,A,cherry,2021-07-12,MON,5.96,265,1579.4,84.2
A008,A,cherry,2021-07-13,TUE,5.96,268,1597.28,82
A008,A,cherry,2021-07-14,WED,5.96,274,1633.04,75
A008,A,cherry,2021-07-15,THU,5.96,273,1627.08,79.4
A008,A,cherry,2021-07-16,FRI,5.96,271,1615.16,71.6
A008,A,cherry,2021-07-17,SAT,5.96,292,1740.32,66.3
A008,A,cherry,2021-07-18,SUN,5.96,294,1752.24,66.4
A008,A,cherry,2021-07-19,MON,5.96,265,1579.4,72.2
A008,A,cherry,2021-07-20,TUE,5.96,264,1573.44,73.4
A008,A,cherry,2021-07-21,WED,5.96,269,1603.24,77.3
A008,A,cherry,2021-07-22,THU,5.95,270,1606.5,69.6
A008,A,cherry,2021-07-23,FRI,5.95,264,1570.8,78.7
A008,A,cherry,2021-07-24,SAT,5.95,292,1737.4,82
A008,A,cherry,2021-07-25,SUN,5.95,291,1731.45,89.1
A008,A,cherry,2021-07-26,MON,5.95,267,1588.65,75.5
A008,A,cherry,2021-07-27,TUE,5.95,272,1618.4,80.9
A008,A,cherry,2021-07-28,WED,5.95,274,1630.3,80.7
A008,A,cherry,2021-07-29,THU,5.94,274,1627.56,67.8
A008,A,cherry,2021-07-30,FRI,5.94,266,1580.04,89
A008,A,cherry,2021-07-31,SAT,5.94,295,1752.3,83
A008,A,cherry,2021-08-01,SUN,5.94,291,1728.54,87.9
A008,A,cherry,2021-08-02,MON,5.94,266,1580.04,77.6
A008,A,cherry,2021-08-03,TUE,5.94,265,1574.1,77.1
A008,A,cherry,2021-08-04,WED,5.94,267,1585.98,69.7
A008,A,cherry,2021-08-05,THU,5.95,268,1594.6,83.5
A008,A,cherry,2021-08-06,FRI,5.95,265,1576.75,80.8
A008,A,cherry,2021-08-07,SAT,5.95,292,1737.4,82.6
A008,A,cherry,2021-08-08,SUN,5.95,291,1731.45,80.3
A008,A,cherry,2021-08-09,MON,5.95,267,1588.65,82
A008,A,cherry,2021-08-10,TUE,5.95,270,1606.5,77.3
A008,A,cherry,2021-08-11,WED,5.95,266,1582.7,72.8
A008,A,cherry,2021-08-12,THU,5.98,266,1590.68,81.6
A008,A,cherry,2021-08-13,FRI,5.98,264,1578.72,77.6
A008,A,cherry,2021-08-14,SAT,5.98,293,1752.14,75.3
A008,A,cherry,2021-08-15,SUN,5.98,292,1746.16,77.9
A008,A,cherry,2021-08-16,MON,5.98,266,1590.68,76.8
A008,A,cherry,2021-08-17,TUE,5.98,269,1608.62,81.3
A008,A,cherry,2021-08-18,WED,5.98,269,1608.62,76.1
A008,A,cherry,2021-08-19,THU,5.98,272,1626.56,76.5
A008,A,cherry,2021-08-20,FRI,5.98,273,1632.54,80.6
A008,A,cherry,2021-08-21,SAT,5.98,291,1740.18,89
A008,A,cherry,2021-08-22,SUN,5.98,295,1764.1,88.9
A008,A,cherry,2021-08-23,MON,5.98,274,1638.52,78.6
A008,A,cherry,2021-08-24,TUE,5.98,271,1620.58,77.1
A008,A,cherry,2021-08-25,WED,5.98,274,1638.52,80.1
A008,A,cherry,2021-08-26,THU,6,267,1602,73.1
A008,A,cherry,2021-08-27,FRI,6,266,1596,77.4
A008,A,cherry,2021-08-28,SAT,6,292,1752,78.7
A008,A,cherry,2021-08-29,SUN,6,291,1746,78.4
A008,A,cherry,2021-08-30,MON,6,271,1626,82.2
A008,A,cherry,2021-08-31,TUE,6,273,1638,83
A008,A,cherry,2021-09-01,WED,6,270,1620,80.1
A008,A,cherry,2021-09-02,THU,6.01,265,1592.65,78.9
A008,A,cherry,2021-09-03,FRI,6.01,274,1646.74,74.4
A008,A,cherry,2021-09-04,SAT,6.01,295,1772.95,83.1
A008,A,cherry,2021-09-05,SUN,6.01,292,1754.92,76.9
A008,A,cherry,2021-09-06,MON,6.01,264,1586.64,75.5
A008,A,cherry,2021-09-07,TUE,6.01,274,1646.74,66.7
A008,A,cherry,2021-09-08,WED,6.01,272,1634.72,63
A008,A,cherry,2021-09-09,THU,6.01,274,1646.74,85.9
A008,A,cherry,2021-09-10,FRI,6.01,274,1646.74,87.5
A008,A,cherry,2021-09-11,SAT,6.01,293,1760.93,76.1
A008,A,cherry,2021-09-12,SUN,6.01,294,1766.94,75.5
A008,A,cherry,2021-09-13,MON,6.01,264,1586.64,77.8
A008,A,cherry,2021-09-14,TUE,6.01,273,1640.73,94.1
A008,A,cherry,2021-09-15,WED,6.01,273,1640.73,84.2
A008,A,cherry,2021-09-16,THU,6.02,273,1643.46,83.4
A008,A,cherry,2021-09-17,FRI,6.02,269,1619.38,83.2
A008,A,cherry,2021-09-18,SAT,6.02,291,1751.82,78.4
A008,A,cherry,2021-09-19,SUN,6.02,291,1751.82,88.7
A008,A,cherry,2021-09-20,MON,6.02,270,1625.4,82
A008,A,cherry,2021-09-21,TUE,6.02,269,1619.38,80
A008,A,cherry,2021-09-22,WED,6.02,272,1637.44,81.8
A008,A,cherry,2021-09-23,THU,6.04,270,1630.8,77.4
A008,A,cherry,2021-09-24,FRI,6.04,268,1618.72,80.8
A008,A,cherry,2021-09-25,SAT,6.04,291,1757.64,91.7
A008,A,cherry,2021-09-26,SUN,6.04,294,1775.76,83.3
A008,A,cherry,2021-09-27,MON,6.04,267,1612.68,76.7
A008,A,cherry,2021-09-28,TUE,6.04,269,1624.76,85.1
A008,A,cherry,2021-09-29,WED,6.04,268,1618.72,76.5
A008,A,cherry,2021-09-30,THU,6.05,274,1657.7,88.3
A009,A,apple,2021-04-01,THU,1.03,445,458.35,81.7
A009,A,apple,2021-04-02,FRI,1.03,440,453.2,70.6
A009,A,apple,2021-04-03,SAT,1.03,490,504.7,72.7
A009,A,apple,2021-04-04,SUN,1.03,487,501.61,70
A009,A,apple,2021-04-05,MON,1.03,448,461.44,50
A009,A,apple,2021-04-06,TUE,1.03,440,453.2,62.1
A009,A,apple,2021-04-07,WED,1.03,446,459.38,63.6
A009,A,apple,2021-04-08,THU,1.05,454,476.7,67.9
A009,A,apple,2021-04-09,FRI,1.05,451,473.55,81.3
A009,A,apple,2021-04-10,SAT,1.05,489,513.45,81.7
A009,A,apple,2021-04-11,SUN,1.05,491,515.55,75.8
A009,A,apple,2021-04-12,MON,1.05,443,465.15,64.1
A009,A,apple,2021-04-13,TUE,1.05,448,470.4,54.2
A009,A,apple,2021-04-14,WED,1.05,449,471.45,59.8
A009,A,apple,2021-04-15,THU,1.06,449,475.94,70.3
A009,A,apple,2021-04-16,FRI,1.06,444,470.64,70.8
A009,A,apple,2021-04-17,SAT,1.06,489,518.34,57.3
A009,A,apple,2021-04-18,SUN,1.06,484,513.04,55.7
A009,A,apple,2021-04-19,MON,1.06,450,477,66.6
A009,A,apple,2021-04-20,TUE,1.06,448,474.88,68.4
A009,A,apple,2021-04-21,WED,1.06,441,467.46,73.7
A009,A,apple,2021-04-22,THU,1.08,447,482.76,62.8
A009,A,apple,2021-04-23,FRI,1.08,442,477.36,60.2
A009,A,apple,2021-04-24,SAT,1.08,485,523.8,58.6
A009,A,apple,2021-04-25,SUN,1.08,489,528.12,70.3
A009,A,apple,2021-04-26,MON,1.08,449,484.92,60.3
A009,A,apple,2021-04-27,TUE,1.08,446,481.68,68.9
A009,A,apple,2021-04-28,WED,1.08,449,484.92,66.9
A009,A,apple,2021-04-29,THU,1.09,456,497.04,68.4
A009,A,apple,2021-04-30,FRI,1.09,445,485.05,65.9
A009,A,apple,2021-05-01,SAT,1.09,491,535.19,69.4
A009,A,apple,2021-05-02,SUN,1.09,492,536.28,63.4
A009,A,apple,2021-05-03,MON,1.09,449,489.41,76.6
A009,A,apple,2021-05-04,TUE,1.09,451,491.59,72
A009,A,apple,2021-05-05,WED,1.09,447,487.23,77
A009,A,apple,2021-05-06,THU,1.11,447,496.17,71.7
A009,A,apple,2021-05-07,FRI,1.11,443,491.73,61.3
A009,A,apple,2021-05-08,SAT,1.11,492,546.12,83.4
A009,A,apple,2021-05-09,SUN,1.11,493,547.23,76
A009,A,apple,2021-05-10,MON,1.11,446,495.06,73.5
A009,A,apple,2021-05-11,TUE,1.11,442,490.62,72.5
A009,A,apple,2021-05-12,WED,1.11,446,495.06,70
A009,A,apple,2021-05-13,THU,1.12,446,499.52,87.9
A009,A,apple,2021-05-14,FRI,1.12,455,509.6,84.6
A009,A,apple,2021-05-15,SAT,1.12,489,547.68,90.2
A009,A,apple,2021-05-16,SUN,1.12,485,543.2,84
A009,A,apple,2021-05-17,MON,1.12,452,506.24,82.9
A009,A,apple,2021-05-18,TUE,1.12,446,499.52,78.9
A009,A,apple,2021-05-19,WED,1.12,450,504,74.8
A009,A,apple,2021-05-20,THU,1.11,449,498.39,81.9
A009,A,apple,2021-05-21,FRI,1.11,450,499.5,81.8
A009,A,apple,2021-05-22,SAT,1.11,492,546.12,83.3
A009,A,apple,2021-05-23,SUN,1.11,488,541.68,80.2
A009,A,apple,2021-05-24,MON,1.11,449,498.39,84.4
A009,A,apple,2021-05-25,TUE,1.11,439,487.29,75.7
A009,A,apple,2021-05-26,WED,1.11,449,498.39,79.4
A009,A,apple,2021-05-27,THU,1.13,445,502.85,75.3
A009,A,apple,2021-05-28,FRI,1.13,456,515.28,74.9
A009,A,apple,2021-05-29,SAT,1.13,493,557.09,65.5
A009,A,apple,2021-05-30,SUN,1.13,485,548.05,78.2
A009,A,apple,2021-05-31,MON,1.13,450,508.5,74.8
A009,A,apple,2021-06-01,TUE,1.13,441,498.33,62.7
A009,A,apple,2021-06-02,WED,1.13,454,513.02,63.1
A009,A,apple,2021-06-03,THU,1.15,449,516.35,74.6
A009,A,apple,2021-06-04,FRI,1.15,440,506,86.2
A009,A,apple,2021-06-05,SAT,1.15,490,563.5,69.4
A009,A,apple,2021-06-06,SUN,1.15,486,558.9,76.6
A009,A,apple,2021-06-07,MON,1.15,448,515.2,76.9
A009,A,apple,2021-06-08,TUE,1.15,447,514.05,68.2
A009,A,apple,2021-06-09,WED,1.15,450,517.5,68.3
A009,A,apple,2021-06-10,THU,1.16,444,515.04,79.6
A009,A,apple,2021-06-11,FRI,1.16,450,522,76.8
A009,A,apple,2021-06-12,SAT,1.16,489,567.24,69.2
A009,A,apple,2021-06-13,SUN,1.16,489,567.24,65.4
A009,A,apple,2021-06-14,MON,1.16,454,526.64,66.9
A009,A,apple,2021-06-15,TUE,1.16,443,513.88,63.2
A009,A,apple,2021-06-16,WED,1.16,454,526.64,69.7
A009,A,apple,2021-06-17,THU,1.16,440,510.4,89.3
A009,A,apple,2021-06-18,FRI,1.16,447,518.52,95.7
A009,A,apple,2021-06-19,SAT,1.16,487,564.92,91.6
A009,A,apple,2021-06-20,SUN,1.16,490,568.4,92.9
A009,A,apple,2021-06-21,MON,1.16,444,515.04,85.6
A009,A,apple,2021-06-22,TUE,1.16,449,520.84,73.7
A009,A,apple,2021-06-23,WED,1.16,446,517.36,68.9
A009,A,apple,2021-06-24,THU,1.19,453,539.07,85.9
A009,A,apple,2021-06-25,FRI,1.19,453,539.07,81.6
A009,A,apple,2021-06-26,SAT,1.19,484,575.96,81.8
A009,A,apple,2021-06-27,SUN,1.19,487,579.53,89.3
A009,A,apple,2021-06-28,MON,1.19,441,524.79,96.9
A009,A,apple,2021-06-29,TUE,1.19,440,523.6,86.8
A009,A,apple,2021-06-30,WED,1.19,447,531.93,82.1
A009,A,apple,2021-07-01,THU,1.19,448,533.12,75.1
A009,A,apple,2021-07-02,FRI,1.19,447,531.93,77.7
A009,A,apple,2021-07-03,SAT,1.19,489,581.91,83.3
A009,A,apple,2021-07-04,SUN,1.19,492,585.48,87
A009,A,apple,2021-07-05,MON,1.19,442,525.98,77.6
A009,A,apple,2021-07-06,TUE,1.19,442,525.98,83.8
A009,A,apple,2021-07-07,WED,1.19,450,535.5,80.4
A009,A,apple,2021-07-08,THU,1.21,448,542.08,80.7
A009,A,apple,2021-07-09,FRI,1.21,456,551.76,82.4
A009,A,apple,2021-07-10,SAT,1.21,488,590.48,82.1
A009,A,apple,2021-07-11,SUN,1.21,492,595.32,82.3
A009,A,apple,2021-07-12,MON,1.21,441,533.61,84.2
A009,A,apple,2021-07-13,TUE,1.21,453,548.13,82
A009,A,apple,2021-07-14,WED,1.21,444,537.24,75
A009,A,apple,2021-07-15,THU,1.22,445,542.9,79.4
A009,A,apple,2021-07-16,FRI,1.22,453,552.66,71.6
A009,A,apple,2021-07-17,SAT,1.22,488,595.36,66.3
A009,A,apple,2021-07-18,SUN,1.22,485,591.7,66.4
A009,A,apple,2021-07-19,MON,1.22,439,535.58,72.2
A009,A,apple,2021-07-20,TUE,1.22,448,546.56,73.4
A009,A,apple,2021-07-21,WED,1.22,448,546.56,77.3
A009,A,apple,2021-07-22,THU,1.21,450,544.5,69.6
A009,A,apple,2021-07-23,FRI,1.21,447,540.87,78.7
A009,A,apple,2021-07-24,SAT,1.21,493,596.53,82
A009,A,apple,2021-07-25,SUN,1.21,486,588.06,89.1
A009,A,apple,2021-07-26,MON,1.21,447,540.87,75.5
A009,A,apple,2021-07-27,TUE,1.21,440,532.4,80.9
A009,A,apple,2021-07-28,WED,1.21,443,536.03,80.7
A009,A,apple,2021-07-29,THU,1.23,447,549.81,67.8
A009,A,apple,2021-07-30,FRI,1.23,441,542.43,89
A009,A,apple,2021-07-31,SAT,1.23,485,596.55,83
A009,A,apple,2021-08-01,SUN,1.23,492,605.16,87.9
A009,A,apple,2021-08-02,MON,1.23,445,547.35,77.6
A009,A,apple,2021-08-03,TUE,1.23,445,547.35,77.1
A009,A,apple,2021-08-04,WED,1.23,448,551.04,69.7
A009,A,apple,2021-08-05,THU,1.26,445,560.7,83.5
A009,A,apple,2021-08-06,FRI,1.26,455,573.3,80.8
A009,A,apple,2021-08-07,SAT,1.26,488,614.88,82.6
A009,A,apple,2021-08-08,SUN,1.26,486,612.36,80.3
A009,A,apple,2021-08-09,MON,1.26,451,568.26,82
A009,A,apple,2021-08-10,TUE,1.26,442,556.92,77.3
A009,A,apple,2021-08-11,WED,1.26,452,569.52,72.8
A009,A,apple,2021-08-12,THU,1.25,440,550,81.6
A009,A,apple,2021-08-13,FRI,1.25,445,556.25,77.6
A009,A,apple,2021-08-14,SAT,1.25,491,613.75,75.3
A009,A,apple,2021-08-15,SUN,1.25,486,607.5,77.9
A009,A,apple,2021-08-16,MON,1.25,446,557.5,76.8
A009,A,apple,2021-08-17,TUE,1.25,449,561.25,81.3
A009,A,apple,2021-08-18,WED,1.25,454,567.5,76.1
A009,A,apple,2021-08-19,THU,1.27,446,566.42,76.5
A009,A,apple,2021-08-20,FRI,1.27,452,574.04,80.6
A009,A,apple,2021-08-21,SAT,1.27,487,618.49,89
A009,A,apple,2021-08-22,SUN,1.27,484,614.68,88.9
A009,A,apple,2021-08-23,MON,1.27,450,571.5,78.6
A009,A,apple,2021-08-24,TUE,1.27,456,579.12,77.1
A009,A,apple,2021-08-25,WED,1.27,441,560.07,80.1
A009,A,apple,2021-08-26,THU,1.3,450,585,73.1
A009,A,apple,2021-08-27,FRI,1.3,455,591.5,77.4
A009,A,apple,2021-08-28,SAT,1.3,491,638.3,78.7
A009,A,apple,2021-08-29,SUN,1.3,489,635.7,78.4
A009,A,apple,2021-08-30,MON,1.3,454,590.2,82.2
A009,A,apple,2021-08-31,TUE,1.3,455,591.5,83
A009,A,apple,2021-09-01,WED,1.3,442,574.6,80.1
A009,A,apple,2021-09-02,THU,1.31,442,579.02,78.9
A009,A,apple,2021-09-03,FRI,1.31,455,596.05,74.4
A009,A,apple,2021-09-04,SAT,1.31,489,640.59,83.1
A009,A,apple,2021-09-05,SUN,1.31,488,639.28,76.9
A009,A,apple,2021-09-06,MON,1.31,442,579.02,75.5
A009,A,apple,2021-09-07,TUE,1.31,443,580.33,66.7
A009,A,apple,2021-09-08,WED,1.31,454,594.74,63
A009,A,apple,2021-09-09,THU,1.31,454,594.74,85.9
A009,A,apple,2021-09-10,FRI,1.31,450,589.5,87.5
A009,A,apple,2021-09-11,SAT,1.31,486,636.66,76.1
A009,A,apple,2021-09-12,SUN,1.31,485,635.35,75.5
A009,A,apple,2021-09-13,MON,1.31,456,597.36,77.8
A009,A,apple,2021-09-14,TUE,1.31,446,584.26,94.1
A009,A,apple,2021-09-15,WED,1.31,449,588.19,84.2
A009,A,apple,2021-09-16,THU,1.33,454,603.82,83.4
A009,A,apple,2021-09-17,FRI,1.33,453,602.49,83.2
A009,A,apple,2021-09-18,SAT,1.33,489,650.37,78.4
A009,A,apple,2021-09-19,SUN,1.33,485,645.05,88.7
A009,A,apple,2021-09-20,MON,1.33,440,585.2,82
A009,A,apple,2021-09-21,TUE,1.33,440,585.2,80
A009,A,apple,2021-09-22,WED,1.33,457,607.81,81.8
A009,A,apple,2021-09-23,THU,1.32,451,595.32,77.4
A009,A,apple,2021-09-24,FRI,1.32,443,584.76,80.8
A009,A,apple,2021-09-25,SAT,1.32,487,642.84,91.7
A009,A,apple,2021-09-26,SUN,1.32,484,638.88,83.3
A009,A,apple,2021-09-27,MON,1.32,447,590.04,76.7
A009,A,apple,2021-09-28,TUE,1.32,447,590.04,85.1
A009,A,apple,2021-09-29,WED,1.32,445,587.4,76.5
A009,A,apple,2021-09-30,THU,1.35,443,598.05,88.3
A009,A,banana,2021-04-01,THU,2.74,414,1134.36,81.7
A009,A,banana,2021-04-02,FRI,2.74,415,1137.1,70.6
A009,A,banana,2021-04-03,SAT,2.74,460,1260.4,72.7
A009,A,banana,2021-04-04,SUN,2.74,454,1243.96,70
A009,A,banana,2021-04-05,MON,2.74,425,1164.5,50
A009,A,banana,2021-04-06,TUE,2.74,418,1145.32,62.1
A009,A,banana,2021-04-07,WED,2.74,425,1164.5,63.6
A009,A,banana,2021-04-08,THU,2.75,420,1155,67.9
A009,A,banana,2021-04-09,FRI,2.75,419,1152.25,81.3
A009,A,banana,2021-04-10,SAT,2.75,458,1259.5,81.7
A009,A,banana,2021-04-11,SUN,2.75,457,1256.75,75.8
A009,A,banana,2021-04-12,MON,2.75,425,1168.75,64.1
A009,A,banana,2021-04-13,TUE,2.75,422,1160.5,54.2
A009,A,banana,2021-04-14,WED,2.75,418,1149.5,59.8
A009,A,banana,2021-04-15,THU,2.75,423,1163.25,70.3
A009,A,banana,2021-04-16,FRI,2.75,419,1152.25,70.8
A009,A,banana,2021-04-17,SAT,2.75,460,1265,57.3
A009,A,banana,2021-04-18,SUN,2.75,457,1256.75,55.7
A009,A,banana,2021-04-19,MON,2.75,426,1171.5,66.6
A009,A,banana,2021-04-20,TUE,2.75,419,1152.25,68.4
A009,A,banana,2021-04-21,WED,2.75,419,1152.25,73.7
A009,A,banana,2021-04-22,THU,2.77,411,1138.47,62.8
A009,A,banana,2021-04-23,FRI,2.77,417,1155.09,60.2
A009,A,banana,2021-04-24,SAT,2.77,453,1254.81,58.6
A009,A,banana,2021-04-25,SUN,2.77,455,1260.35,70.3
A009,A,banana,2021-04-26,MON,2.77,421,1166.17,60.3
A009,A,banana,2021-04-27,TUE,2.77,421,1166.17,68.9
A009,A,banana,2021-04-28,WED,2.77,418,1157.86,66.9
A009,A,banana,2021-04-29,THU,2.77,424,1174.48,68.4
A009,A,banana,2021-04-30,FRI,2.77,419,1160.63,65.9
A009,A,banana,2021-05-01,SAT,2.77,453,1254.81,69.4
A009,A,banana,2021-05-02,SUN,2.77,453,1254.81,63.4
A009,A,banana,2021-05-03,MON,2.77,417,1155.09,76.6
A009,A,banana,2021-05-04,TUE,2.77,419,1160.63,72
A009,A,banana,2021-05-05,WED,2.77,414,1146.78,77
A009,A,banana,2021-05-06,THU,2.8,423,1184.4,71.7
A009,A,banana,2021-05-07,FRI,2.8,420,1176,61.3
A009,A,banana,2021-05-08,SAT,2.8,460,1288,83.4
A009,A,banana,2021-05-09,SUN,2.8,453,1268.4,76
A009,A,banana,2021-05-10,MON,2.8,427,1195.6,73.5
A009,A,banana,2021-05-11,TUE,2.8,416,1164.8,72.5
A009,A,banana,2021-05-12,WED,2.8,425,1190,70
A009,A,banana,2021-05-13,THU,2.81,426,1197.06,87.9
A009,A,banana,2021-05-14,FRI,2.81,416,1168.96,84.6
A009,A,banana,2021-05-15,SAT,2.81,461,1295.41,90.2
A009,A,banana,2021-05-16,SUN,2.81,454,1275.74,84
A009,A,banana,2021-05-17,MON,2.81,423,1188.63,82.9
A009,A,banana,2021-05-18,TUE,2.81,421,1183.01,78.9
A009,A,banana,2021-05-19,WED,2.81,427,1199.87,74.8
A009,A,banana,2021-05-20,THU,2.82,419,1181.58,81.9
A009,A,banana,2021-05-21,FRI,2.82,416,1173.12,81.8
A009,A,banana,2021-05-22,SAT,2.82,455,1283.1,83.3
A009,A,banana,2021-05-23,SUN,2.82,454,1280.28,80.2
A009,A,banana,2021-05-24,MON,2.82,425,1198.5,84.4
A009,A,banana,2021-05-25,TUE,2.82,412,1161.84,75.7
A009,A,banana,2021-05-26,WED,2.82,412,1161.84,79.4
A009,A,banana,2021-05-27,THU,2.83,426,1205.58,75.3
A009,A,banana,2021-05-28,FRI,2.83,422,1194.26,74.9
A009,A,banana,2021-05-29,SAT,2.83,459,1298.97,65.5
A009,A,banana,2021-05-30,SUN,2.83,457,1293.31,78.2
A009,A,banana,2021-05-31,MON,2.83,420,1188.6,74.8
A009,A,banana,2021-06-01,TUE,2.83,425,1202.75,62.7
A009,A,banana,2021-06-02,WED,2.83,427,1208.41,63.1
A009,A,banana,2021-06-03,THU,2.85,415,1182.75,74.6
A009,A,banana,2021-06-04,FRI,2.85,426,1214.1,86.2
A009,A,banana,2021-06-05,SAT,2.85,453,1291.05,69.4
A009,A,banana,2021-06-06,SUN,2.85,458,1305.3,76.6
A009,A,banana,2021-06-07,MON,2.85,418,1191.3,76.9
A009,A,banana,2021-06-08,TUE,2.85,426,1214.1,68.2
A009,A,banana,2021-06-09,WED,2.85,419,1194.15,68.3
A009,A,banana,2021-06-10,THU,2.87,427,1225.49,79.6
A009,A,banana,2021-06-11,FRI,2.87,420,1205.4,76.8
A009,A,banana,2021-06-12,SAT,2.87,456,1308.72,69.2
A009,A,banana,2021-06-13,SUN,2.87,459,1317.33,65.4
A009,A,banana,2021-06-14,MON,2.87,427,1225.49,66.9
A009,A,banana,2021-06-15,TUE,2.87,421,1208.27,63.2
A009,A,banana,2021-06-16,WED,2.87,419,1202.53,69.7
A009,A,banana,2021-06-17,THU,2.89,422,1219.58,89.3
A009,A,banana,2021-06-18,FRI,2.89,412,1190.68,95.7
A009,A,banana,2021-06-19,SAT,2.89,457,1320.73,91.6
A009,A,banana,2021-06-20,SUN,2.89,458,1323.62,92.9
A009,A,banana,2021-06-21,MON,2.89,425,1228.25,85.6
A009,A,banana,2021-06-22,TUE,2.89,413,1193.57,73.7
A009,A,banana,2021-06-23,WED,2.89,415,1199.35,68.9
A009,A,banana,2021-06-24,THU,2.91,411,1196.01,85.9
A009,A,banana,2021-06-25,FRI,2.91,417,1213.47,81.6
A009,A,banana,2021-06-26,SAT,2.91,457,1329.87,81.8
A009,A,banana,2021-06-27,SUN,2.91,454,1321.14,89.3
A009,A,banana,2021-06-28,MON,2.91,417,1213.47,96.9
A009,A,banana,2021-06-29,TUE,2.91,415,1207.65,86.8
A009,A,banana,2021-06-30,WED,2.91,427,1242.57,82.1
A009,A,banana,2021-07-01,THU,2.9,426,1235.4,75.1
A009,A,banana,2021-07-02,FRI,2.9,423,1226.7,77.7
A009,A,banana,2021-07-03,SAT,2.9,458,1328.2,83.3
A009,A,banana,2021-07-04,SUN,2.9,459,1331.1,87
A009,A,banana,2021-07-05,MON,2.9,415,1203.5,77.6
A009,A,banana,2021-07-06,TUE,2.9,425,1232.5,83.8
A009,A,banana,2021-07-07,WED,2.9,413,1197.7,80.4
A009,A,banana,2021-07-08,THU,2.91,426,1239.66,80.7
A009,A,banana,2021-07-09,FRI,2.91,413,1201.83,82.4
A009,A,banana,2021-07-10,SAT,2.91,455,1324.05,82.1
A009,A,banana,2021-07-11,SUN,2.91,459,1335.69,82.3
A009,A,banana,2021-07-12,MON,2.91,420,1222.2,84.2
A009,A,banana,2021-07-13,TUE,2.91,412,1198.92,82
A009,A,banana,2021-07-14,WED,2.91,426,1239.66,75
A009,A,banana,2021-07-15,THU,2.91,413,1201.83,79.4
A009,A,banana,2021-07-16,FRI,2.91,417,1213.47,71.6
A009,A,banana,2021-07-17,SAT,2.91,457,1329.87,66.3
A009,A,banana,2021-07-18,SUN,2.91,457,1329.87,66.4
A009,A,banana,2021-07-19,MON,2.91,413,1201.83,72.2
A009,A,banana,2021-07-20,TUE,2.91,424,1233.84,73.4
A009,A,banana,2021-07-21,WED,2.91,411,1196.01,77.3
A009,A,banana,2021-07-22,THU,2.92,423,1235.16,69.6
A009,A,banana,2021-07-23,FRI,2.92,420,1226.4,78.7
A009,A,banana,2021-07-24,SAT,2.92,458,1337.36,82
A009,A,banana,2021-07-25,SUN,2.92,459,1340.28,89.1
A009,A,banana,2021-07-26,MON,2.92,415,1211.8,75.5
A009,A,banana,2021-07-27,TUE,2.92,415,1211.8,80.9
A009,A,banana,2021-07-28,WED,2.92,416,1214.72,80.7
A009,A,banana,2021-07-29,THU,2.95,412,1215.4,67.8
A009,A,banana,2021-07-30,FRI,2.95,420,1239,89
A009,A,banana,2021-07-31,SAT,2.95,453,1336.35,83
A009,A,banana,2021-08-01,SUN,2.95,459,1354.05,87.9
A009,A,banana,2021-08-02,MON,2.95,425,1253.75,77.6
A009,A,banana,2021-08-03,TUE,2.95,423,1247.85,77.1
A009,A,banana,2021-08-04,WED,2.95,411,1212.45,69.7
A009,A,banana,2021-08-05,THU,2.94,423,1243.62,83.5
A009,A,banana,2021-08-06,FRI,2.94,421,1237.74,80.8
A009,A,banana,2021-08-07,SAT,2.94,458,1346.52,82.6
A009,A,banana,2021-08-08,SUN,2.94,461,1355.34,80.3
A009,A,banana,2021-08-09,MON,2.94,423,1243.62,82
A009,A,banana,2021-08-10,TUE,2.94,415,1220.1,77.3
A009,A,banana,2021-08-11,WED,2.94,425,1249.5,72.8
A009,A,banana,2021-08-12,THU,2.97,411,1220.67,81.6
A009,A,banana,2021-08-13,FRI,2.97,421,1250.37,77.6
A009,A,banana,2021-08-14,SAT,2.97,455,1351.35,75.3
A009,A,banana,2021-08-15,SUN,2.97,458,1360.26,77.9
A009,A,banana,2021-08-16,MON,2.97,426,1265.22,76.8
A009,A,banana,2021-08-17,TUE,2.97,423,1256.31,81.3
A009,A,banana,2021-08-18,WED,2.97,416,1235.52,76.1
A009,A,banana,2021-08-19,THU,2.96,417,1234.32,76.5
A009,A,banana,2021-08-20,FRI,2.96,412,1219.52,80.6
A009,A,banana,2021-08-21,SAT,2.96,454,1343.84,89
A009,A,banana,2021-08-22,SUN,2.96,456,1349.76,88.9
A009,A,banana,2021-08-23,MON,2.96,425,1258,78.6
A009,A,banana,2021-08-24,TUE,2.96,427,1263.92,77.1
A009,A,banana,2021-08-25,WED,2.96,418,1237.28,80.1
A009,A,banana,2021-08-26,THU,2.98,414,1233.72,73.1
A009,A,banana,2021-08-27,FRI,2.98,426,1269.48,77.4
A009,A,banana,2021-08-28,SAT,2.98,456,1358.88,78.7
A009,A,banana,2021-08-29,SUN,2.98,456,1358.88,78.4
A009,A,banana,2021-08-30,MON,2.98,425,1266.5,82.2
A009,A,banana,2021-08-31,TUE,2.98,419,1248.62,83
A009,A,banana,2021-09-01,WED,2.98,426,1269.48,80.1
A009,A,banana,2021-09-02,THU,2.99,414,1237.86,78.9
A009,A,banana,2021-09-03,FRI,2.99,419,1252.81,74.4
A009,A,banana,2021-09-04,SAT,2.99,460,1375.4,83.1
A009,A,banana,2021-09-05,SUN,2.99,453,1354.47,76.9
A009,A,banana,2021-09-06,MON,2.99,420,1255.8,75.5
A009,A,banana,2021-09-07,TUE,2.99,421,1258.79,66.7
A009,A,banana,2021-09-08,WED,2.99,425,1270.75,63
A009,A,banana,2021-09-09,THU,2.99,421,1258.79,85.9
A009,A,banana,2021-09-10,FRI,2.99,423,1264.77,87.5
A009,A,banana,2021-09-11,SAT,2.99,460,1375.4,76.1
A009,A,banana,2021-09-12,SUN,2.99,460,1375.4,75.5
A009,A,banana,2021-09-13,MON,2.99,426,1273.74,77.8
A009,A,banana,2021-09-14,TUE,2.99,420,1255.8,94.1
A009,A,banana,2021-09-15,WED,2.99,423,1264.77,84.2
A009,A,banana,2021-09-16,THU,2.99,424,1267.76,83.4
A009,A,banana,2021-09-17,FRI,2.99,421,1258.79,83.2
A009,A,banana,2021-09-18,SAT,2.99,454,1357.46,78.4
A009,A,banana,2021-09-19,SUN,2.99,455,1360.45,88.7
A009,A,banana,2021-09-20,MON,2.99,416,1243.84,82
A009,A,banana,2021-09-21,TUE,2.99,411,1228.89,80
A009,A,banana,2021-09-22,WED,2.99,424,1267.76,81.8
A009,A,banana,2021-09-23,THU,3,413,1239,77.4
A009,A,banana,2021-09-24,FRI,3,418,1254,80.8
A009,A,banana,2021-09-25,SAT,3,460,1380,91.7
A009,A,banana,2021-09-26,SUN,3,455,1365,83.3
A009,A,banana,2021-09-27,MON,3,417,1251,76.7
A009,A,banana,2021-09-28,TUE,3,422,1266,85.1
A009,A,banana,2021-09-29,WED,3,427,1281,76.5
A009,A,banana,2021-09-30,THU,3.01,418,1258.18,88.3
A009,A,cherry,2021-04-01,THU,6.26,520,3255.2,81.7
A009,A,cherry,2021-04-02,FRI,6.26,540,3380.4,70.6
A009,A,cherry,2021-04-03,SAT,6.26,574,3593.24,72.7
A009,A,cherry,2021-04-04,SUN,6.26,574,3593.24,70
A009,A,cherry,2021-04-05,MON,6.26,526,3292.76,50
A009,A,cherry,2021-04-06,TUE,6.26,519,3248.94,62.1
A009,A,cherry,2021-04-07,WED,6.26,526,3292.76,63.6
A009,A,cherry,2021-04-08,THU,6.25,534,3337.5,67.9
A009,A,cherry,2021-04-09,FRI,6.25,526,3287.5,81.3
A009,A,cherry,2021-04-10,SAT,6.25,578,3612.5,81.7
A009,A,cherry,2021-04-11,SUN,6.25,574,3587.5,75.8
A009,A,cherry,2021-04-12,MON,6.25,524,3275,64.1
A009,A,cherry,2021-04-13,TUE,6.25,533,3331.25,54.2
A009,A,cherry,2021-04-14,WED,6.25,528,3300,59.8
A009,A,cherry,2021-04-15,THU,6.25,536,3350,70.3
A009,A,cherry,2021-04-16,FRI,6.25,524,3275,70.8
A009,A,cherry,2021-04-17,SAT,6.25,573,3581.25,57.3
A009,A,cherry,2021-04-18,SUN,6.25,577,3606.25,55.7
A009,A,cherry,2021-04-19,MON,6.25,528,3300,66.6
A009,A,cherry,2021-04-20,TUE,6.25,537,3356.25,68.4
A009,A,cherry,2021-04-21,WED,6.25,530,3312.5,73.7
A009,A,cherry,2021-04-22,THU,6.26,521,3261.46,62.8
A009,A,cherry,2021-04-23,FRI,6.26,532,3330.32,60.2
A009,A,cherry,2021-04-24,SAT,6.26,583,3649.58,58.6
A009,A,cherry,2021-04-25,SUN,6.26,576,3605.76,70.3
A009,A,cherry,2021-04-26,MON,6.26,535,3349.1,60.3
A009,A,cherry,2021-04-27,TUE,6.26,534,3342.84,68.9
A009,A,cherry,2021-04-28,WED,6.26,535,3349.1,66.9
A009,A,cherry,2021-04-29,THU,6.27,540,3385.8,68.4
A009,A,cherry,2021-04-30,FRI,6.27,527,3304.29,65.9
A009,A,cherry,2021-05-01,SAT,6.27,573,3592.71,69.4
A009,A,cherry,2021-05-02,SUN,6.27,577,3617.79,63.4
A009,A,cherry,2021-05-03,MON,6.27,537,3366.99,76.6
A009,A,cherry,2021-05-04,TUE,6.27,532,3335.64,72
A009,A,cherry,2021-05-05,WED,6.27,533,3341.91,77
A009,A,cherry,2021-05-06,THU,6.29,529,3327.41,71.7
A009,A,cherry,2021-05-07,FRI,6.29,532,3346.28,61.3
A009,A,cherry,2021-05-08,SAT,6.29,578,3635.62,83.4
A009,A,cherry,2021-05-09,SUN,6.29,575,3616.75,76
A009,A,cherry,2021-05-10,MON,6.29,532,3346.28,73.5
A009,A,cherry,2021-05-11,TUE,6.29,522,3283.38,72.5
A009,A,cherry,2021-05-12,WED,6.29,520,3270.8,70
A009,A,cherry,2021-05-13,THU,6.28,540,3391.2,87.9
A009,A,cherry,2021-05-14,FRI,6.28,532,3340.96,84.6
A009,A,cherry,2021-05-15,SAT,6.28,579,3636.12,90.2
A009,A,cherry,2021-05-16,SUN,6.28,576,3617.28,84
A009,A,cherry,2021-05-17,MON,6.28,534,3353.52,82.9
A009,A,cherry,2021-05-18,TUE,6.28,525,3297,78.9
A009,A,cherry,2021-05-19,WED,6.28,520,3265.6,74.8
A009,A,cherry,2021-05-20,THU,6.27,540,3385.8,81.9
A009,A,cherry,2021-05-21,FRI,6.27,527,3304.29,81.8
A009,A,cherry,2021-05-22,SAT,6.27,573,3592.71,83.3
A009,A,cherry,2021-05-23,SUN,6.27,577,3617.79,80.2
A009,A,cherry,2021-05-24,MON,6.27,530,3323.1,84.4
A009,A,cherry,2021-05-25,TUE,6.27,534,3348.18,75.7
A009,A,cherry,2021-05-26,WED,6.27,526,3298.02,79.4
A009,A,cherry,2021-05-27,THU,6.29,540,3396.6,75.3
A009,A,cherry,2021-05-28,FRI,6.29,530,3333.7,74.9
A009,A,cherry,2021-05-29,SAT,6.29,580,3648.2,65.5
A009,A,cherry,2021-05-30,SUN,6.29,578,3635.62,78.2
A009,A,cherry,2021-05-31,MON,6.29,536,3371.44,74.8
A009,A,cherry,2021-06-01,TUE,6.29,534,3358.86,62.7
A009,A,cherry,2021-06-02,WED,6.29,536,3371.44,63.1
A009,A,cherry,2021-06-03,THU,6.29,530,3333.7,74.6
A009,A,cherry,2021-06-04,FRI,6.29,541,3402.89,86.2
A009,A,cherry,2021-06-05,SAT,6.29,573,3604.17,69.4
A009,A,cherry,2021-06-06,SUN,6.29,577,3629.33,76.6
A009,A,cherry,2021-06-07,MON,6.29,526,3308.54,76.9
A009,A,cherry,2021-06-08,TUE,6.29,525,3302.25,68.2
A009,A,cherry,2021-06-09,WED,6.29,537,3377.73,68.3
A009,A,cherry,2021-06-10,THU,6.31,535,3375.85,79.6
A009,A,cherry,2021-06-11,FRI,6.31,528,3331.68,76.8
A009,A,cherry,2021-06-12,SAT,6.31,577,3640.87,69.2
A009,A,cherry,2021-06-13,SUN,6.31,573,3615.63,65.4
A009,A,cherry,2021-06-14,MON,6.31,530,3344.3,66.9
A009,A,cherry,2021-06-15,TUE,6.31,539,3401.09,63.2
A009,A,cherry,2021-06-16,WED,6.31,529,3337.99,69.7
A009,A,cherry,2021-06-17,THU,6.33,537,3399.21,89.3
A009,A,cherry,2021-06-18,FRI,6.33,531,3361.23,95.7
A009,A,cherry,2021-06-19,SAT,6.33,576,3646.08,91.6
A009,A,cherry,2021-06-20,SUN,6.33,575,3639.75,92.9
A009,A,cherry,2021-06-21,MON,6.33,526,3329.58,85.6
A009,A,cherry,2021-06-22,TUE,6.33,526,3329.58,73.7
A009,A,cherry,2021-06-23,WED,6.33,527,3335.91,68.9
A009,A,cherry,2021-06-24,THU,6.33,522,3304.26,85.9
A009,A,cherry,2021-06-25,FRI,6.33,525,3323.25,81.6
A009,A,cherry,2021-06-26,SAT,6.33,575,3639.75,81.8
A009,A,cherry,2021-06-27,SUN,6.33,579,3665.07,89.3
A009,A,cherry,2021-06-28,MON,6.33,532,3367.56,96.9
A009,A,cherry,2021-06-29,TUE,6.33,524,3316.92,86.8
A009,A,cherry,2021-06-30,WED,6.33,526,3329.58,82.1
A009,A,cherry,2021-07-01,THU,6.34,538,3410.92,75.1
A009,A,cherry,2021-07-02,FRI,6.34,537,3404.58,77.7
A009,A,cherry,2021-07-03,SAT,6.34,582,3689.88,83.3
A009,A,cherry,2021-07-04,SUN,6.34,580,3677.2,87
A009,A,cherry,2021-07-05,MON,6.34,526,3334.84,77.6
A009,A,cherry,2021-07-06,TUE,6.34,520,3296.8,83.8
A009,A,cherry,2021-07-07,WED,6.34,538,3410.92,80.4
A009,A,cherry,2021-07-08,THU,6.35,520,3302,80.7
A009,A,cherry,2021-07-09,FRI,6.35,523,3321.05,82.4
A009,A,cherry,2021-07-10,SAT,6.35,575,3651.25,82.1
A009,A,cherry,2021-07-11,SUN,6.35,577,3663.95,82.3
A009,A,cherry,2021-07-12,MON,6.35,534,3390.9,84.2
A009,A,cherry,2021-07-13,TUE,6.35,532,3378.2,82
A009,A,cherry,2021-07-14,WED,6.35,539,3422.65,75
A009,A,cherry,2021-07-15,THU,6.34,528,3347.52,79.4
A009,A,cherry,2021-07-16,FRI,6.34,536,3398.24,71.6
A009,A,cherry,2021-07-17,SAT,6.34,583,3696.22,66.3
A009,A,cherry,2021-07-18,SUN,6.34,575,3645.5,66.4
A009,A,cherry,2021-07-19,MON,6.34,525,3328.5,72.2
A009,A,cherry,2021-07-20,TUE,6.34,527,3341.18,73.4
A009,A,cherry,2021-07-21,WED,6.34,533,3379.22,77.3
A009,A,cherry,2021-07-22,THU,6.35,525,3333.75,69.6
A009,A,cherry,2021-07-23,FRI,6.35,531,3371.85,78.7
A009,A,cherry,2021-07-24,SAT,6.35,579,3676.65,82
A009,A,cherry,2021-07-25,SUN,6.35,576,3657.6,89.1
A009,A,cherry,2021-07-26,MON,6.35,539,3422.65,75.5
A009,A,cherry,2021-07-27,TUE,6.35,539,3422.65,80.9
A009,A,cherry,2021-07-28,WED,6.35,527,3346.45,80.7
A009,A,cherry,2021-07-29,THU,6.35,521,3308.35,67.8
A009,A,cherry,2021-07-30,FRI,6.35,540,3429,89
A009,A,cherry,2021-07-31,SAT,6.35,582,3695.7,83
A009,A,cherry,2021-08-01,SUN,6.35,581,3689.35,87.9
A009,A,cherry,2021-08-02,MON,6.35,540,3429,77.6
A009,A,cherry,2021-08-03,TUE,6.35,522,3314.7,77.1
A009,A,cherry,2021-08-04,WED,6.35,521,3308.35,69.7
A009,A,cherry,2021-08-05,THU,6.36,527,3351.72,83.5
A009,A,cherry,2021-08-06,FRI,6.36,528,3358.08,80.8
A009,A,cherry,2021-08-07,SAT,6.36,573,3644.28,82.6
A009,A,cherry,2021-08-08,SUN,6.36,579,3682.44,80.3
A009,A,cherry,2021-08-09,MON,6.36,533,3389.88,82
A009,A,cherry,2021-08-10,TUE,6.36,529,3364.44,77.3
A009,A,cherry,2021-08-11,WED,6.36,534,3396.24,72.8
A009,A,cherry,2021-08-12,THU,6.37,530,3376.1,81.6
A009,A,cherry,2021-08-13,FRI,6.37,532,3388.84,77.6
A009,A,cherry,2021-08-14,SAT,6.37,583,3713.71,75.3
A009,A,cherry,2021-08-15,SUN,6.37,575,3662.75,77.9
A009,A,cherry,2021-08-16,MON,6.37,533,3395.21,76.8
A009,A,cherry,2021-08-17,TUE,6.37,539,3433.43,81.3
A009,A,cherry,2021-08-18,WED,6.37,525,3344.25,76.1
A009,A,cherry,2021-08-19,THU,6.38,526,3355.88,76.5
A009,A,cherry,2021-08-20,FRI,6.38,521,3323.98,80.6
A009,A,cherry,2021-08-21,SAT,6.38,577,3681.26,89
A009,A,cherry,2021-08-22,SUN,6.38,575,3668.5,88.9
A009,A,cherry,2021-08-23,MON,6.38,530,3381.4,78.6
A009,A,cherry,2021-08-24,TUE,6.38,533,3400.54,77.1
A009,A,cherry,2021-08-25,WED,6.38,529,3375.02,80.1
A009,A,cherry,2021-08-26,THU,6.4,531,3398.4,73.1
A009,A,cherry,2021-08-27,FRI,6.4,534,3417.6,77.4
A009,A,cherry,2021-08-28,SAT,6.4,578,3699.2,78.7
A009,A,cherry,2021-08-29,SUN,6.4,577,3692.8,78.4
A009,A,cherry,2021-08-30,MON,6.4,525,3360,82.2
A009,A,cherry,2021-08-31,TUE,6.4,532,3404.8,83
A009,A,cherry,2021-09-01,WED,6.4,520,3328,80.1
A009,A,cherry,2021-09-02,THU,6.41,527,3378.07,78.9
A009,A,cherry,2021-09-03,FRI,6.41,531,3403.71,74.4
A009,A,cherry,2021-09-04,SAT,6.41,579,3711.39,83.1
A009,A,cherry,2021-09-05,SUN,6.41,578,3704.98,76.9
A009,A,cherry,2021-09-06,MON,6.41,533,3416.53,75.5
A009,A,cherry,2021-09-07,TUE,6.41,522,3346.02,66.7
A009,A,cherry,2021-09-08,WED,6.41,538,3448.58,63
A009,A,cherry,2021-09-09,THU,6.4,525,3360,85.9
A009,A,cherry,2021-09-10,FRI,6.4,521,3334.4,87.5
A009,A,cherry,2021-09-11,SAT,6.4,575,3680,76.1
A009,A,cherry,2021-09-12,SUN,6.4,580,3712,75.5
A009,A,cherry,2021-09-13,MON,6.4,532,3404.8,77.8
A009,A,cherry,2021-09-14,TUE,6.4,522,3340.8,94.1
A009,A,cherry,2021-09-15,WED,6.4,531,3398.4,84.2
A009,A,cherry,2021-09-16,THU,6.41,533,3416.53,83.4
A009,A,cherry,2021-09-17,FRI,6.41,529,3390.89,83.2
A009,A,cherry,2021-09-18,SAT,6.41,578,3704.98,78.4
A009,A,cherry,2021-09-19,SUN,6.41,575,3685.75,88.7
A009,A,cherry,2021-09-20,MON,6.41,525,3365.25,82
A009,A,cherry,2021-09-21,TUE,6.41,531,3403.71,80
A009,A,cherry,2021-09-22,WED,6.41,528,3384.48,81.8
A009,A,cherry,2021-09-23,THU,6.4,523,3347.2,77.4
A009,A,cherry,2021-09-24,FRI,6.4,521,3334.4,80.8
A009,A,cherry,2021-09-25,SAT,6.4,573,3667.2,91.7
A009,A,cherry,2021-09-26,SUN,6.4,576,3686.4,83.3
A009,A,cherry,2021-09-27,MON,6.4,537,3436.8,76.7
A009,A,cherry,2021-09-28,TUE,6.4,523,3347.2,85.1
A009,A,cherry,2021-09-29,WED,6.4,535,3424,76.5
A009,A,cherry,2021-09-30,THU,6.42,536,3441.12,88.3
A010,A,apple,2021-04-01,THU,1.04,305,317.2,81.7
A010,A,apple,2021-04-02,FRI,1.04,305,317.2,70.6
A010,A,apple,2021-04-03,SAT,1.04,327,340.08,72.7
A010,A,apple,2021-04-04,SUN,1.04,330,343.2,70
A010,A,apple,2021-04-05,MON,1.04,304,316.16,50
A010,A,apple,2021-04-06,TUE,1.04,305,317.2,62.1
A010,A,apple,2021-04-07,WED,1.04,305,317.2,63.6
A010,A,apple,2021-04-08,THU,1.05,299,313.95,67.9
A010,A,apple,2021-04-09,FRI,1.05,297,311.85,81.3
A010,A,apple,2021-04-10,SAT,1.05,328,344.4,81.7
A010,A,apple,2021-04-11,SUN,1.05,330,346.5,75.8
A010,A,apple,2021-04-12,MON,1.05,307,322.35,64.1
A010,A,apple,2021-04-13,TUE,1.05,298,312.9,54.2
A010,A,apple,2021-04-14,WED,1.05,306,321.3,59.8
A010,A,apple,2021-04-15,THU,1.06,298,315.88,70.3
A010,A,apple,2021-04-16,FRI,1.06,297,314.82,70.8
A010,A,apple,2021-04-17,SAT,1.06,332,351.92,57.3
A010,A,apple,2021-04-18,SUN,1.06,327,346.62,55.7
A010,A,apple,2021-04-19,MON,1.06,301,319.06,66.6
A010,A,apple,2021-04-20,TUE,1.06,307,325.42,68.4
A010,A,apple,2021-04-21,WED,1.06,299,316.94,73.7
A010,A,apple,2021-04-22,THU,1.08,308,332.64,62.8
A010,A,apple,2021-04-23,FRI,1.08,306,330.48,60.2
A010,A,apple,2021-04-24,SAT,1.08,332,358.56,58.6
A010,A,apple,2021-04-25,SUN,1.08,328,354.24,70.3
A010,A,apple,2021-04-26,MON,1.08,305,329.4,60.3
A010,A,apple,2021-04-27,TUE,1.08,297,320.76,68.9
A010,A,apple,2021-04-28,WED,1.08,298,321.84,66.9
A010,A,apple,2021-04-29,THU,1.08,296,319.68,68.4
A010,A,apple,2021-04-30,FRI,1.08,298,321.84,65.9
A010,A,apple,2021-05-01,SAT,1.08,332,358.56,69.4
A010,A,apple,2021-05-02,SUN,1.08,332,358.56,63.4
A010,A,apple,2021-05-03,MON,1.08,307,331.56,76.6
A010,A,apple,2021-05-04,TUE,1.08,297,320.76,72
A010,A,apple,2021-05-05,WED,1.08,303,327.24,77
A010,A,apple,2021-05-06,THU,1.08,306,330.48,71.7
A010,A,apple,2021-05-07,FRI,1.08,305,329.4,61.3
A010,A,apple,2021-05-08,SAT,1.08,327,353.16,83.4
A010,A,apple,2021-05-09,SUN,1.08,326,352.08,76
A010,A,apple,2021-05-10,MON,1.08,296,319.68,73.5
A010,A,apple,2021-05-11,TUE,1.08,298,321.84,72.5
A010,A,apple,2021-05-12,WED,1.08,299,322.92,70
A010,A,apple,2021-05-13,THU,1.08,303,327.24,87.9
A010,A,apple,2021-05-14,FRI,1.08,296,319.68,84.6
A010,A,apple,2021-05-15,SAT,1.08,331,357.48,90.2
A010,A,apple,2021-05-16,SUN,1.08,329,355.32,84
A010,A,apple,2021-05-17,MON,1.08,308,332.64,82.9
A010,A,apple,2021-05-18,TUE,1.08,306,330.48,78.9
A010,A,apple,2021-05-19,WED,1.08,298,321.84,74.8
A010,A,apple,2021-05-20,THU,1.09,297,323.73,81.9
A010,A,apple,2021-05-21,FRI,1.09,302,329.18,81.8
A010,A,apple,2021-05-22,SAT,1.09,331,360.79,83.3
A010,A,apple,2021-05-23,SUN,1.09,328,357.52,80.2
A010,A,apple,2021-05-24,MON,1.09,304,331.36,84.4
A010,A,apple,2021-05-25,TUE,1.09,299,325.91,75.7
A010,A,apple,2021-05-26,WED,1.09,304,331.36,79.4
A010,A,apple,2021-05-27,THU,1.11,306,339.66,75.3
A010,A,apple,2021-05-28,FRI,1.11,297,329.67,74.9
A010,A,apple,2021-05-29,SAT,1.11,330,366.3,65.5
A010,A,apple,2021-05-30,SUN,1.11,327,362.97,78.2
A010,A,apple,2021-05-31,MON,1.11,297,329.67,74.8
A010,A,apple,2021-06-01,TUE,1.11,296,328.56,62.7
A010,A,apple,2021-06-02,WED,1.11,305,338.55,63.1
A010,A,apple,2021-06-03,THU,1.14,299,340.86,74.6
A010,A,apple,2021-06-04,FRI,1.14,304,346.56,86.2
A010,A,apple,2021-06-05,SAT,1.14,326,371.64,69.4
A010,A,apple,2021-06-06,SUN,1.14,328,373.92,76.6
A010,A,apple,2021-06-07,MON,1.14,301,343.14,76.9
A010,A,apple,2021-06-08,TUE,1.14,298,339.72,68.2
A010,A,apple,2021-06-09,WED,1.14,303,345.42,68.3
A010,A,apple,2021-06-10,THU,1.16,304,352.64,79.6
A010,A,apple,2021-06-11,FRI,1.16,306,354.96,76.8
A010,A,apple,2021-06-12,SAT,1.16,331,383.96,69.2
A010,A,apple,2021-06-13,SUN,1.16,330,382.8,65.4
A010,A,apple,2021-06-14,MON,1.16,297,344.52,66.9
A010,A,apple,2021-06-15,TUE,1.16,304,352.64,63.2
A010,A,apple,2021-06-16,WED,1.16,307,356.12,69.7
A010,A,apple,2021-06-17,THU,1.17,300,351,89.3
A010,A,apple,2021-06-18,FRI,1.17,308,360.36,95.7
A010,A,apple,2021-06-19,SAT,1.17,327,382.59,91.6
A010,A,apple,2021-06-20,SUN,1.17,331,387.27,92.9
A010,A,apple,2021-06-21,MON,1.17,298,348.66,85.6
A010,A,apple,2021-06-22,TUE,1.17,299,349.83,73.7
A010,A,apple,2021-06-23,WED,1.17,305,356.85,68.9
A010,A,apple,2021-06-24,THU,1.2,300,360,85.9
A010,A,apple,2021-06-25,FRI,1.2,298,357.6,81.6
A010,A,apple,2021-06-26,SAT,1.2,330,396,81.8
A010,A,apple,2021-06-27,SUN,1.2,330,396,89.3
A010,A,apple,2021-06-28,MON,1.2,302,362.4,96.9
A010,A,apple,2021-06-29,TUE,1.2,305,366,86.8
A010,A,apple,2021-06-30,WED,1.2,305,366,82.1
A010,A,apple,2021-07-01,THU,1.2,306,367.2,75.1
A010,A,apple,2021-07-02,FRI,1.2,302,362.4,77.7
A010,A,apple,2021-07-03,SAT,1.2,329,394.8,83.3
A010,A,apple,2021-07-04,SUN,1.2,331,397.2,87
A010,A,apple,2021-07-05,MON,1.2,298,357.6,77.6
A010,A,apple,2021-07-06,TUE,1.2,303,363.6,83.8
A010,A,apple,2021-07-07,WED,1.2,300,360,80.4
A010,A,apple,2021-07-08,THU,1.2,304,364.8,80.7
A010,A,apple,2021-07-09,FRI,1.2,301,361.2,82.4
A010,A,apple,2021-07-10,SAT,1.2,328,393.6,82.1
A010,A,apple,2021-07-11,SUN,1.2,331,397.2,82.3
A010,A,apple,2021-07-12,MON,1.2,300,360,84.2
A010,A,apple,2021-07-13,TUE,1.2,297,356.4,82
A010,A,apple,2021-07-14,WED,1.2,308,369.6,75
A010,A,apple,2021-07-15,THU,1.21,306,370.26,79.4
A010,A,apple,2021-07-16,FRI,1.21,305,369.05,71.6
A010,A,apple,2021-07-17,SAT,1.21,327,395.67,66.3
A010,A,apple,2021-07-18,SUN,1.21,331,400.51,66.4
A010,A,apple,2021-07-19,MON,1.21,300,363,72.2
A010,A,apple,2021-07-20,TUE,1.21,303,366.63,73.4
A010,A,apple,2021-07-21,WED,1.21,305,369.05,77.3
A010,A,apple,2021-07-22,THU,1.2,300,360,69.6
A010,A,apple,2021-07-23,FRI,1.2,300,360,78.7
A010,A,apple,2021-07-24,SAT,1.2,332,398.4,82
A010,A,apple,2021-07-25,SUN,1.2,329,394.8,89.1
A010,A,apple,2021-07-26,MON,1.2,301,361.2,75.5
A010,A,apple,2021-07-27,TUE,1.2,298,357.6,80.9
A010,A,apple,2021-07-28,WED,1.2,306,367.2,80.7
A010,A,apple,2021-07-29,THU,1.22,305,372.1,67.8
A010,A,apple,2021-07-30,FRI,1.22,299,364.78,89
A010,A,apple,2021-07-31,SAT,1.22,329,401.38,83
A010,A,apple,2021-08-01,SUN,1.22,330,402.6,87.9
A010,A,apple,2021-08-02,MON,1.22,304,370.88,77.6
A010,A,apple,2021-08-03,TUE,1.22,304,370.88,77.1
A010,A,apple,2021-08-04,WED,1.22,301,367.22,69.7
A010,A,apple,2021-08-05,THU,1.22,306,373.32,83.5
A010,A,apple,2021-08-06,FRI,1.22,307,374.54,80.8
A010,A,apple,2021-08-07,SAT,1.22,331,403.82,82.6
A010,A,apple,2021-08-08,SUN,1.22,330,402.6,80.3
A010,A,apple,2021-08-09,MON,1.22,301,367.22,82
A010,A,apple,2021-08-10,TUE,1.22,306,373.32,77.3
A010,A,apple,2021-08-11,WED,1.22,303,369.66,72.8
A010,A,apple,2021-08-12,THU,1.24,296,367.04,81.6
A010,A,apple,2021-08-13,FRI,1.24,305,378.2,77.6
A010,A,apple,2021-08-14,SAT,1.24,329,407.96,75.3
A010,A,apple,2021-08-15,SUN,1.24,331,410.44,77.9
A010,A,apple,2021-08-16,MON,1.24,304,376.96,76.8
A010,A,apple,2021-08-17,TUE,1.24,300,372,81.3
A010,A,apple,2021-08-18,WED,1.24,299,370.76,76.1
A010,A,apple,2021-08-19,THU,1.25,297,371.25,76.5
A010,A,apple,2021-08-20,FRI,1.25,296,370,80.6
A010,A,apple,2021-08-21,SAT,1.25,329,411.25,89
A010,A,apple,2021-08-22,SUN,1.25,331,413.75,88.9
A010,A,apple,2021-08-23,MON,1.25,302,377.5,78.6
A010,A,apple,2021-08-24,TUE,1.25,302,377.5,77.1
A010,A,apple,2021-08-25,WED,1.25,304,380,80.1
A010,A,apple,2021-08-26,THU,1.28,298,381.44,73.1
A010,A,apple,2021-08-27,FRI,1.28,307,392.96,77.4
A010,A,apple,2021-08-28,SAT,1.28,328,419.84,78.7
A010,A,apple,2021-08-29,SUN,1.28,328,419.84,78.4
A010,A,apple,2021-08-30,MON,1.28,307,392.96,82.2
A010,A,apple,2021-08-31,TUE,1.28,302,386.56,83
A010,A,apple,2021-09-01,WED,1.28,308,394.24,80.1
A010,A,apple,2021-09-02,THU,1.28,303,387.84,78.9
A010,A,apple,2021-09-03,FRI,1.28,297,380.16,74.4
A010,A,apple,2021-09-04,SAT,1.28,327,418.56,83.1
A010,A,apple,2021-09-05,SUN,1.28,332,424.96,76.9
A010,A,apple,2021-09-06,MON,1.28,303,387.84,75.5
A010,A,apple,2021-09-07,TUE,1.28,300,384,66.7
A010,A,apple,2021-09-08,WED,1.28,303,387.84,63
A010,A,apple,2021-09-09,THU,1.31,297,389.07,85.9
A010,A,apple,2021-09-10,FRI,1.31,304,398.24,87.5
A010,A,apple,2021-09-11,SAT,1.31,330,432.3,76.1
A010,A,apple,2021-09-12,SUN,1.31,327,428.37,75.5
A010,A,apple,2021-09-13,MON,1.31,304,398.24,77.8
A010,A,apple,2021-09-14,TUE,1.31,304,398.24,94.1
A010,A,apple,2021-09-15,WED,1.31,305,399.55,84.2
A010,A,apple,2021-09-16,THU,1.3,298,387.4,83.4
A010,A,apple,2021-09-17,FRI,1.3,301,391.3,83.2
A010,A,apple,2021-09-18,SAT,1.3,329,427.7,78.4
A010,A,apple,2021-09-19,SUN,1.3,329,427.7,88.7
A010,A,apple,2021-09-20,MON,1.3,300,390,82
A010,A,apple,2021-09-21,TUE,1.3,298,387.4,80
A010,A,apple,2021-09-22,WED,1.3,297,386.1,81.8
A010,A,apple,2021-09-23,THU,1.32,301,397.32,77.4
A010,A,apple,2021-09-24,FRI,1.32,307,405.24,80.8
A010,A,apple,2021-09-25,SAT,1.32,329,434.28,91.7
A010,A,apple,2021-09-26,SUN,1.32,332,438.24,83.3
A010,A,apple,2021-09-27,MON,1.32,296,390.72,76.7
A010,A,apple,2021-09-28,TUE,1.32,308,406.56,85.1
A010,A,apple,2021-09-29,WED,1.32,300,396,76.5
A010,A,apple,2021-09-30,THU,1.31,307,402.17,88.3
A010,A,banana,2021-04-01,THU,2.66,475,1263.5,81.7
A010,A,banana,2021-04-02,FRI,2.66,476,1266.16,70.6
A010,A,banana,2021-04-03,SAT,2.66,523,1391.18,72.7
A010,A,banana,2021-04-04,SUN,2.66,517,1375.22,70
A010,A,banana,2021-04-05,MON,2.66,480,1276.8,50
A010,A,banana,2021-04-06,TUE,2.66,475,1263.5,62.1
A010,A,banana,2021-04-07,WED,2.66,468,1244.88,63.6
A010,A,banana,2021-04-08,THU,2.67,478,1276.26,67.9
A010,A,banana,2021-04-09,FRI,2.67,469,1252.23,81.3
A010,A,banana,2021-04-10,SAT,2.67,520,1388.4,81.7
A010,A,banana,2021-04-11,SUN,2.67,523,1396.41,75.8
A010,A,banana,2021-04-12,MON,2.67,484,1292.28,64.1
A010,A,banana,2021-04-13,TUE,2.67,484,1292.28,54.2
A010,A,banana,2021-04-14,WED,2.67,470,1254.9,59.8
A010,A,banana,2021-04-15,THU,2.68,478,1281.04,70.3
A010,A,banana,2021-04-16,FRI,2.68,476,1275.68,70.8
A010,A,banana,2021-04-17,SAT,2.68,514,1377.52,57.3
A010,A,banana,2021-04-18,SUN,2.68,515,1380.2,55.7
A010,A,banana,2021-04-19,MON,2.68,481,1289.08,66.6
A010,A,banana,2021-04-20,TUE,2.68,485,1299.8,68.4
A010,A,banana,2021-04-21,WED,2.68,477,1278.36,73.7
A010,A,banana,2021-04-22,THU,2.71,469,1270.99,62.8
A010,A,banana,2021-04-23,FRI,2.71,477,1292.67,60.2
A010,A,banana,2021-04-24,SAT,2.71,515,1395.65,58.6
A010,A,banana,2021-04-25,SUN,2.71,522,1414.62,70.3
A010,A,banana,2021-04-26,MON,2.71,474,1284.54,60.3
A010,A,banana,2021-04-27,TUE,2.71,468,1268.28,68.9
A010,A,banana,2021-04-28,WED,2.71,479,1298.09,66.9
A010,A,banana,2021-04-29,THU,2.72,476,1294.72,68.4
A010,A,banana,2021-04-30,FRI,2.72,476,1294.72,65.9
A010,A,banana,2021-05-01,SAT,2.72,521,1417.12,69.4
A010,A,banana,2021-05-02,SUN,2.72,520,1414.4,63.4
A010,A,banana,2021-05-03,MON,2.72,476,1294.72,76.6
A010,A,banana,2021-05-04,TUE,2.72,480,1305.6,72
A010,A,banana,2021-05-05,WED,2.72,481,1308.32,77
A010,A,banana,2021-05-06,THU,2.74,482,1320.68,71.7
A010,A,banana,2021-05-07,FRI,2.74,479,1312.46,61.3
A010,A,banana,2021-05-08,SAT,2.74,517,1416.58,83.4
A010,A,banana,2021-05-09,SUN,2.74,523,1433.02,76
A010,A,banana,2021-05-10,MON,2.74,470,1287.8,73.5
A010,A,banana,2021-05-11,TUE,2.74,467,1279.58,72.5
A010,A,banana,2021-05-12,WED,2.74,475,1301.5,70
A010,A,banana,2021-05-13,THU,2.75,478,1314.5,87.9
A010,A,banana,2021-05-14,FRI,2.75,485,1333.75,84.6
A010,A,banana,2021-05-15,SAT,2.75,518,1424.5,90.2
A010,A,banana,2021-05-16,SUN,2.75,518,1424.5,84
A010,A,banana,2021-05-17,MON,2.75,472,1298,82.9
A010,A,banana,2021-05-18,TUE,2.75,478,1314.5,78.9
A010,A,banana,2021-05-19,WED,2.75,484,1331,74.8
A010,A,banana,2021-05-20,THU,2.75,478,1314.5,81.9
A010,A,banana,2021-05-21,FRI,2.75,484,1331,81.8
A010,A,banana,2021-05-22,SAT,2.75,515,1416.25,83.3
A010,A,banana,2021-05-23,SUN,2.75,524,1441,80.2
A010,A,banana,2021-05-24,MON,2.75,482,1325.5,84.4
A010,A,banana,2021-05-25,TUE,2.75,480,1320,75.7
A010,A,banana,2021-05-26,WED,2.75,469,1289.75,79.4
A010,A,banana,2021-05-27,THU,2.77,482,1335.14,75.3
A010,A,banana,2021-05-28,FRI,2.77,480,1329.6,74.9
A010,A,banana,2021-05-29,SAT,2.77,518,1434.86,65.5
A010,A,banana,2021-05-30,SUN,2.77,517,1432.09,78.2
A010,A,banana,2021-05-31,MON,2.77,472,1307.44,74.8
A010,A,banana,2021-06-01,TUE,2.77,474,1312.98,62.7
A010,A,banana,2021-06-02,WED,2.77,477,1321.29,63.1
A010,A,banana,2021-06-03,THU,2.78,469,1303.82,74.6
A010,A,banana,2021-06-04,FRI,2.78,476,1323.28,86.2
A010,A,banana,2021-06-05,SAT,2.78,523,1453.94,69.4
A010,A,banana,2021-06-06,SUN,2.78,521,1448.38,76.6
A010,A,banana,2021-06-07,MON,2.78,481,1337.18,76.9
A010,A,banana,2021-06-08,TUE,2.78,473,1314.94,68.2
A010,A,banana,2021-06-09,WED,2.78,474,1317.72,68.3
A010,A,banana,2021-06-10,THU,2.78,473,1314.94,79.6
A010,A,banana,2021-06-11,FRI,2.78,473,1314.94,76.8
A010,A,banana,2021-06-12,SAT,2.78,520,1445.6,69.2
A010,A,banana,2021-06-13,SUN,2.78,518,1440.04,65.4
A010,A,banana,2021-06-14,MON,2.78,471,1309.38,66.9
A010,A,banana,2021-06-15,TUE,2.78,478,1328.84,63.2
A010,A,banana,2021-06-16,WED,2.78,481,1337.18,69.7
A010,A,banana,2021-06-17,THU,2.79,474,1322.46,89.3
A010,A,banana,2021-06-18,FRI,2.79,484,1350.36,95.7
A010,A,banana,2021-06-19,SAT,2.79,515,1436.85,91.6
A010,A,banana,2021-06-20,SUN,2.79,522,1456.38,92.9
A010,A,banana,2021-06-21,MON,2.79,480,1339.2,85.6
A010,A,banana,2021-06-22,TUE,2.79,473,1319.67,73.7
A010,A,banana,2021-06-23,WED,2.79,469,1308.51,68.9
A010,A,banana,2021-06-24,THU,2.82,468,1319.76,85.9
A010,A,banana,2021-06-25,FRI,2.82,469,1322.58,81.6
A010,A,banana,2021-06-26,SAT,2.82,520,1466.4,81.8
A010,A,banana,2021-06-27,SUN,2.82,522,1472.04,89.3
A010,A,banana,2021-06-28,MON,2.82,476,1342.32,96.9
A010,A,banana,2021-06-29,TUE,2.82,476,1342.32,86.8
A010,A,banana,2021-06-30,WED,2.82,472,1331.04,82.1
A010,A,banana,2021-07-01,THU,2.82,471,1328.22,75.1
A010,A,banana,2021-07-02,FRI,2.82,470,1325.4,77.7
A010,A,banana,2021-07-03,SAT,2.82,520,1466.4,83.3
A010,A,banana,2021-07-04,SUN,2.82,520,1466.4,87
A010,A,banana,2021-07-05,MON,2.82,479,1350.78,77.6
A010,A,banana,2021-07-06,TUE,2.82,477,1345.14,83.8
A010,A,banana,2021-07-07,WED,2.82,470,1325.4,80.4
A010,A,banana,2021-07-08,THU,2.85,481,1370.85,80.7
A010,A,banana,2021-07-09,FRI,2.85,483,1376.55,82.4
A010,A,banana,2021-07-10,SAT,2.85,519,1479.15,82.1
A010,A,banana,2021-07-11,SUN,2.85,522,1487.7,82.3
A010,A,banana,2021-07-12,MON,2.85,470,1339.5,84.2
A010,A,banana,2021-07-13,TUE,2.85,469,1336.65,82
A010,A,banana,2021-07-14,WED,2.85,471,1342.35,75
A010,A,banana,2021-07-15,THU,2.86,467,1335.62,79.4
A010,A,banana,2021-07-16,FRI,2.86,480,1372.8,71.6
A010,A,banana,2021-07-17,SAT,2.86,518,1481.48,66.3
A010,A,banana,2021-07-18,SUN,2.86,520,1487.2,66.4
A010,A,banana,2021-07-19,MON,2.86,485,1387.1,72.2
A010,A,banana,2021-07-20,TUE,2.86,468,1338.48,73.4
A010,A,banana,2021-07-21,WED,2.86,467,1335.62,77.3
A010,A,banana,2021-07-22,THU,2.89,479,1384.31,69.6
A010,A,banana,2021-07-23,FRI,2.89,485,1401.65,78.7
A010,A,banana,2021-07-24,SAT,2.89,521,1505.69,82
A010,A,banana,2021-07-25,SUN,2.89,519,1499.91,89.1
A010,A,banana,2021-07-26,MON,2.89,476,1375.64,75.5
A010,A,banana,2021-07-27,TUE,2.89,477,1378.53,80.9
A010,A,banana,2021-07-28,WED,2.89,485,1401.65,80.7
A010,A,banana,2021-07-29,THU,2.9,484,1403.6,67.8
A010,A,banana,2021-07-30,FRI,2.9,482,1397.8,89
A010,A,banana,2021-07-31,SAT,2.9,516,1496.4,83
A010,A,banana,2021-08-01,SUN,2.9,515,1493.5,87.9
A010,A,banana,2021-08-02,MON,2.9,472,1368.8,77.6
A010,A,banana,2021-08-03,TUE,2.9,476,1380.4,77.1
A010,A,banana,2021-08-04,WED,2.9,473,1371.7,69.7
A010,A,banana,2021-08-05,THU,2.89,471,1361.19,83.5
A010,A,banana,2021-08-06,FRI,2.89,469,1355.41,80.8
A010,A,banana,2021-08-07,SAT,2.89,517,1494.13,82.6
A010,A,banana,2021-08-08,SUN,2.89,517,1494.13,80.3
A010,A,banana,2021-08-09,MON,2.89,467,1349.63,82
A010,A,banana,2021-08-10,TUE,2.89,479,1384.31,77.3
A010,A,banana,2021-08-11,WED,2.89,471,1361.19,72.8
A010,A,banana,2021-08-12,THU,2.9,469,1360.1,81.6
A010,A,banana,2021-08-13,FRI,2.9,473,1371.7,77.6
A010,A,banana,2021-08-14,SAT,2.9,522,1513.8,75.3
A010,A,banana,2021-08-15,SUN,2.9,522,1513.8,77.9
A010,A,banana,2021-08-16,MON,2.9,470,1363,76.8
A010,A,banana,2021-08-17,TUE,2.9,475,1377.5,81.3
A010,A,banana,2021-08-18,WED,2.9,472,1368.8,76.1
A010,A,banana,2021-08-19,THU,2.91,469,1364.79,76.5
A010,A,banana,2021-08-20,FRI,2.91,476,1385.16,80.6
A010,A,banana,2021-08-21,SAT,2.91,519,1510.29,89
A010,A,banana,2021-08-22,SUN,2.91,522,1519.02,88.9
A010,A,banana,2021-08-23,MON,2.91,482,1402.62,78.6
A010,A,banana,2021-08-24,TUE,2.91,479,1393.89,77.1
A010,A,banana,2021-08-25,WED,2.91,467,1358.97,80.1
A010,A,banana,2021-08-26,THU,2.91,479,1393.89,73.1
A010,A,banana,2021-08-27,FRI,2.91,469,1364.79,77.4
A010,A,banana,2021-08-28,SAT,2.91,515,1498.65,78.7
A010,A,banana,2021-08-29,SUN,2.91,522,1519.02,78.4
A010,A,banana,2021-08-30,MON,2.91,480,1396.8,82.2
A010,A,banana,2021-08-31,TUE,2.91,468,1361.88,83
A010,A,banana,2021-09-01,WED,2.91,475,1382.25,80.1
A010,A,banana,2021-09-02,THU,2.93,485,1421.05,78.9
A010,A,banana,2021-09-03,FRI,2.93,474,1388.82,74.4
A010,A,banana,2021-09-04,SAT,2.93,522,1529.46,83.1
A010,A,banana,2021-09-05,SUN,2.93,520,1523.6,76.9
A010,A,banana,2021-09-06,MON,2.93,474,1388.82,75.5
A010,A,banana,2021-09-07,TUE,2.93,485,1421.05,66.7
A010,A,banana,2021-09-08,WED,2.93,485,1421.05,63
A010,A,banana,2021-09-09,THU,2.95,476,1404.2,85.9
A010,A,banana,2021-09-10,FRI,2.95,473,1395.35,87.5
A010,A,banana,2021-09-11,SAT,2.95,515,1519.25,76.1
A010,A,banana,2021-09-12,SUN,2.95,517,1525.15,75.5
A010,A,banana,2021-09-13,MON,2.95,477,1407.15,77.8
A010,A,banana,2021-09-14,TUE,2.95,469,1383.55,94.1
A010,A,banana,2021-09-15,WED,2.95,479,1413.05,84.2
A010,A,banana,2021-09-16,THU,2.98,467,1391.66,83.4
A010,A,banana,2021-09-17,FRI,2.98,471,1403.58,83.2
A010,A,banana,2021-09-18,SAT,2.98,523,1558.54,78.4
A010,A,banana,2021-09-19,SUN,2.98,515,1534.7,88.7
A010,A,banana,2021-09-20,MON,2.98,477,1421.46,82
A010,A,banana,2021-09-21,TUE,2.98,471,1403.58,80
A010,A,banana,2021-09-22,WED,2.98,483,1439.34,81.8
A010,A,banana,2021-09-23,THU,2.98,477,1421.46,77.4
A010,A,banana,2021-09-24,FRI,2.98,469,1397.62,80.8
A010,A,banana,2021-09-25,SAT,2.98,516,1537.68,91.7
A010,A,banana,2021-09-26,SUN,2.98,516,1537.68,83.3
A010,A,banana,2021-09-27,MON,2.98,484,1442.32,76.7
A010,A,banana,2021-09-28,TUE,2.98,475,1415.5,85.1
A010,A,banana,2021-09-29,WED,2.98,473,1409.54,76.5
A010,A,banana,2021-09-30,THU,3,482,1446,88.3
A010,A,cherry,2021-04-01,THU,5.04,422,2126.88,81.7
A010,A,cherry,2021-04-02,FRI,5.04,427,2152.08,70.6
A010,A,cherry,2021-04-03,SAT,5.04,465,2343.6,72.7
A010,A,cherry,2021-04-04,SUN,5.04,467,2353.68,70
A010,A,cherry,2021-04-05,MON,5.04,432,2177.28,50
A010,A,cherry,2021-04-06,TUE,5.04,437,2202.48,62.1
A010,A,cherry,2021-04-07,WED,5.04,436,2197.44,63.6
A010,A,cherry,2021-04-08,THU,5.04,437,2202.48,67.9
A010,A,cherry,2021-04-09,FRI,5.04,429,2162.16,81.3
A010,A,cherry,2021-04-10,SAT,5.04,466,2348.64,81.7
A010,A,cherry,2021-04-11,SUN,5.04,472,2378.88,75.8
A010,A,cherry,2021-04-12,MON,5.04,433,2182.32,64.1
A010,A,cherry,2021-04-13,TUE,5.04,435,2192.4,54.2
A010,A,cherry,2021-04-14,WED,5.04,438,2207.52,59.8
A010,A,cherry,2021-04-15,THU,5.05,425,2146.25,70.3
A010,A,cherry,2021-04-16,FRI,5.05,427,2156.35,70.8
A010,A,cherry,2021-04-17,SAT,5.05,471,2378.55,57.3
A010,A,cherry,2021-04-18,SUN,5.05,470,2373.5,55.7
A010,A,cherry,2021-04-19,MON,5.05,433,2186.65,66.6
A010,A,cherry,2021-04-20,TUE,5.05,438,2211.9,68.4
A010,A,cherry,2021-04-21,WED,5.05,426,2151.3,73.7
A010,A,cherry,2021-04-22,THU,5.07,423,2144.61,62.8
A010,A,cherry,2021-04-23,FRI,5.07,434,2200.38,60.2
A010,A,cherry,2021-04-24,SAT,5.07,467,2367.69,58.6
A010,A,cherry,2021-04-25,SUN,5.07,470,2382.9,70.3
A010,A,cherry,2021-04-26,MON,5.07,432,2190.24,60.3
A010,A,cherry,2021-04-27,TUE,5.07,425,2154.75,68.9
A010,A,cherry,2021-04-28,WED,5.07,423,2144.61,66.9
A010,A,cherry,2021-04-29,THU,5.09,434,2209.06,68.4
A010,A,cherry,2021-04-30,FRI,5.09,423,2153.07,65.9
A010,A,cherry,2021-05-01,SAT,5.09,470,2392.3,69.4
A010,A,cherry,2021-05-02,SUN,5.09,469,2387.21,63.4
A010,A,cherry,2021-05-03,MON,5.09,422,2147.98,76.6
A010,A,cherry,2021-05-04,TUE,5.09,421,2142.89,72
A010,A,cherry,2021-05-05,WED,5.09,434,2209.06,77
A010,A,cherry,2021-05-06,THU,5.11,433,2212.63,71.7
A010,A,cherry,2021-05-07,FRI,5.11,428,2187.08,61.3
A010,A,cherry,2021-05-08,SAT,5.11,472,2411.92,83.4
A010,A,cherry,2021-05-09,SUN,5.11,467,2386.37,76
A010,A,cherry,2021-05-10,MON,5.11,430,2197.3,73.5
A010,A,cherry,2021-05-11,TUE,5.11,432,2207.52,72.5
A010,A,cherry,2021-05-12,WED,5.11,426,2176.86,70
A010,A,cherry,2021-05-13,THU,5.12,438,2242.56,87.9
A010,A,cherry,2021-05-14,FRI,5.12,427,2186.24,84.6
A010,A,cherry,2021-05-15,SAT,5.12,472,2416.64,90.2
A010,A,cherry,2021-05-16,SUN,5.12,472,2416.64,84
A010,A,cherry,2021-05-17,MON,5.12,434,2222.08,82.9
A010,A,cherry,2021-05-18,TUE,5.12,423,2165.76,78.9
A010,A,cherry,2021-05-19,WED,5.12,432,2211.84,74.8
A010,A,cherry,2021-05-20,THU,5.13,430,2205.9,81.9
A010,A,cherry,2021-05-21,FRI,5.13,425,2180.25,81.8
A010,A,cherry,2021-05-22,SAT,5.13,470,2411.1,83.3
A010,A,cherry,2021-05-23,SUN,5.13,469,2405.97,80.2
A010,A,cherry,2021-05-24,MON,5.13,427,2190.51,84.4
A010,A,cherry,2021-05-25,TUE,5.13,434,2226.42,75.7
A010,A,cherry,2021-05-26,WED,5.13,435,2231.55,79.4
A010,A,cherry,2021-05-27,THU,5.14,433,2225.62,75.3
A010,A,cherry,2021-05-28,FRI,5.14,428,2199.92,74.9
A010,A,cherry,2021-05-29,SAT,5.14,468,2405.52,65.5
A010,A,cherry,2021-05-30,SUN,5.14,472,2426.08,78.2
A010,A,cherry,2021-05-31,MON,5.14,432,2220.48,74.8
A010,A,cherry,2021-06-01,TUE,5.14,438,2251.32,62.7
A010,A,cherry,2021-06-02,WED,5.14,423,2174.22,63.1
A010,A,cherry,2021-06-03,THU,5.16,428,2208.48,74.6
A010,A,cherry,2021-06-04,FRI,5.16,426,2198.16,86.2
A010,A,cherry,2021-06-05,SAT,5.16,467,2409.72,69.4
A010,A,cherry,2021-06-06,SUN,5.16,466,2404.56,76.6
A010,A,cherry,2021-06-07,MON,5.16,425,2193,76.9
A010,A,cherry,2021-06-08,TUE,5.16,421,2172.36,68.2
A010,A,cherry,2021-06-09,WED,5.16,433,2234.28,68.3
A010,A,cherry,2021-06-10,THU,5.19,433,2247.27,79.6
A010,A,cherry,2021-06-11,FRI,5.19,424,2200.56,76.8
A010,A,cherry,2021-06-12,SAT,5.19,466,2418.54,69.2
A010,A,cherry,2021-06-13,SUN,5.19,467,2423.73,65.4
A010,A,cherry,2021-06-14,MON,5.19,435,2257.65,66.9
A010,A,cherry,2021-06-15,TUE,5.19,436,2262.84,63.2
A010,A,cherry,2021-06-16,WED,5.19,428,2221.32,69.7
A010,A,cherry,2021-06-17,THU,5.19,438,2273.22,89.3
A010,A,cherry,2021-06-18,FRI,5.19,428,2221.32,95.7
A010,A,cherry,2021-06-19,SAT,5.19,468,2428.92,91.6
A010,A,cherry,2021-06-20,SUN,5.19,467,2423.73,92.9
A010,A,cherry,2021-06-21,MON,5.19,433,2247.27,85.6
A010,A,cherry,2021-06-22,TUE,5.19,428,2221.32,73.7
A010,A,cherry,2021-06-23,WED,5.19,437,2268.03,68.9
A010,A,cherry,2021-06-24,THU,5.2,433,2251.6,85.9
A010,A,cherry,2021-06-25,FRI,5.2,424,2204.8,81.6
A010,A,cherry,2021-06-26,SAT,5.2,471,2449.2,81.8
A010,A,cherry,2021-06-27,SUN,5.2,471,2449.2,89.3
A010,A,cherry,2021-06-28,MON,5.2,432,2246.4,96.9
A010,A,cherry,2021-06-29,TUE,5.2,424,2204.8,86.8
A010,A,cherry,2021-06-30,WED,5.2,431,2241.2,82.1
A010,A,cherry,2021-07-01,THU,5.2,432,2246.4,75.1
A010,A,cherry,2021-07-02,FRI,5.2,423,2199.6,77.7
A010,A,cherry,2021-07-03,SAT,5.2,468,2433.6,83.3
A010,A,cherry,2021-07-04,SUN,5.2,466,2423.2,87
A010,A,cherry,2021-07-05,MON,5.2,430,2236,77.6
A010,A,cherry,2021-07-06,TUE,5.2,431,2241.2,83.8
A010,A,cherry,2021-07-07,WED,5.2,436,2267.2,80.4
A010,A,cherry,2021-07-08,THU,5.21,437,2276.77,80.7
A010,A,cherry,2021-07-09,FRI,5.21,429,2235.09,82.4
A010,A,cherry,2021-07-10,SAT,5.21,472,2459.12,82.1
A010,A,cherry,2021-07-11,SUN,5.21,466,2427.86,82.3
A010,A,cherry,2021-07-12,MON,5.21,428,2229.88,84.2
A010,A,cherry,2021-07-13,TUE,5.21,422,2198.62,82
A010,A,cherry,2021-07-14,WED,5.21,429,2235.09,75
A010,A,cherry,2021-07-15,THU,5.23,427,2233.21,79.4
A010,A,cherry,2021-07-16,FRI,5.23,432,2259.36,71.6
A010,A,cherry,2021-07-17,SAT,5.23,472,2468.56,66.3
A010,A,cherry,2021-07-18,SUN,5.23,472,2468.56,66.4
A010,A,cherry,2021-07-19,MON,5.23,428,2238.44,72.2
A010,A,cherry,2021-07-20,TUE,5.23,434,2269.82,73.4
A010,A,cherry,2021-07-21,WED,5.23,427,2233.21,77.3
A010,A,cherry,2021-07-22,THU,5.24,437,2289.88,69.6
A010,A,cherry,2021-07-23,FRI,5.24,430,2253.2,78.7
A010,A,cherry,2021-07-24,SAT,5.24,465,2436.6,82
A010,A,cherry,2021-07-25,SUN,5.24,469,2457.56,89.1
A010,A,cherry,2021-07-26,MON,5.24,421,2206.04,75.5
A010,A,cherry,2021-07-27,TUE,5.24,428,2242.72,80.9
A010,A,cherry,2021-07-28,WED,5.24,422,2211.28,80.7
A010,A,cherry,2021-07-29,THU,5.27,434,2287.18,67.8
A010,A,cherry,2021-07-30,FRI,5.27,434,2287.18,89
A010,A,cherry,2021-07-31,SAT,5.27,466,2455.82,83
A010,A,cherry,2021-08-01,SUN,5.27,465,2450.55,87.9
A010,A,cherry,2021-08-02,MON,5.27,437,2302.99,77.6
A010,A,cherry,2021-08-03,TUE,5.27,435,2292.45,77.1
A010,A,cherry,2021-08-04,WED,5.27,431,2271.37,69.7
A010,A,cherry,2021-08-05,THU,5.27,423,2229.21,83.5
A010,A,cherry,2021-08-06,FRI,5.27,434,2287.18,80.8
A010,A,cherry,2021-08-07,SAT,5.27,471,2482.17,82.6
A010,A,cherry,2021-08-08,SUN,5.27,468,2466.36,80.3
A010,A,cherry,2021-08-09,MON,5.27,427,2250.29,82
A010,A,cherry,2021-08-10,TUE,5.27,425,2239.75,77.3
A010,A,cherry,2021-08-11,WED,5.27,429,2260.83,72.8
A010,A,cherry,2021-08-12,THU,5.28,426,2249.28,81.6
A010,A,cherry,2021-08-13,FRI,5.28,434,2291.52,77.6
A010,A,cherry,2021-08-14,SAT,5.28,469,2476.32,75.3
A010,A,cherry,2021-08-15,SUN,5.28,465,2455.2,77.9
A010,A,cherry,2021-08-16,MON,5.28,438,2312.64,76.8
A010,A,cherry,2021-08-17,TUE,5.28,424,2238.72,81.3
A010,A,cherry,2021-08-18,WED,5.28,431,2275.68,76.1
A010,A,cherry,2021-08-19,THU,5.27,438,2308.26,76.5
A010,A,cherry,2021-08-20,FRI,5.27,427,2250.29,80.6
A010,A,cherry,2021-08-21,SAT,5.27,465,2450.55,89
A010,A,cherry,2021-08-22,SUN,5.27,469,2471.63,88.9
A010,A,cherry,2021-08-23,MON,5.27,438,2308.26,78.6
A010,A,cherry,2021-08-24,TUE,5.27,428,2255.56,77.1
A010,A,cherry,2021-08-25,WED,5.27,436,2297.72,80.1
A010,A,cherry,2021-08-26,THU,5.27,425,2239.75,73.1
A010,A,cherry,2021-08-27,FRI,5.27,433,2281.91,77.4
A010,A,cherry,2021-08-28,SAT,5.27,465,2450.55,78.7
A010,A,cherry,2021-08-29,SUN,5.27,469,2471.63,78.4
A010,A,cherry,2021-08-30,MON,5.27,431,2271.37,82.2
A010,A,cherry,2021-08-31,TUE,5.27,435,2292.45,83
A010,A,cherry,2021-09-01,WED,5.27,426,2245.02,80.1
A010,A,cherry,2021-09-02,THU,5.27,438,2308.26,78.9
A010,A,cherry,2021-09-03,FRI,5.27,433,2281.91,74.4
A010,A,cherry,2021-09-04,SAT,5.27,467,2461.09,83.1
A010,A,cherry,2021-09-05,SUN,5.27,469,2471.63,76.9
A010,A,cherry,2021-09-06,MON,5.27,426,2245.02,75.5
A010,A,cherry,2021-09-07,TUE,5.27,423,2229.21,66.7
A010,A,cherry,2021-09-08,WED,5.27,431,2271.37,63
A010,A,cherry,2021-09-09,THU,5.29,436,2306.44,85.9
A010,A,cherry,2021-09-10,FRI,5.29,426,2253.54,87.5
A010,A,cherry,2021-09-11,SAT,5.29,472,2496.88,76.1
A010,A,cherry,2021-09-12,SUN,5.29,470,2486.3,75.5
A010,A,cherry,2021-09-13,MON,5.29,438,2317.02,77.8
A010,A,cherry,2021-09-14,TUE,5.29,433,2290.57,94.1
A010,A,cherry,2021-09-15,WED,5.29,430,2274.7,84.2
A010,A,cherry,2021-09-16,THU,5.3,428,2268.4,83.4
A010,A,cherry,2021-09-17,FRI,5.3,435,2305.5,83.2
A010,A,cherry,2021-09-18,SAT,5.3,473,2506.9,78.4
A010,A,cherry,2021-09-19,SUN,5.3,469,2485.7,88.7
A010,A,cherry,2021-09-20,MON,5.3,432,2289.6,82
A010,A,cherry,2021-09-21,TUE,5.3,438,2321.4,80
A010,A,cherry,2021-09-22,WED,5.3,435,2305.5,81.8
A010,A,cherry,2021-09-23,THU,5.31,436,2315.16,77.4
A010,A,cherry,2021-09-24,FRI,5.31,429,2277.99,80.8
A010,A,cherry,2021-09-25,SAT,5.31,469,2490.39,91.7
A010,A,cherry,2021-09-26,SUN,5.31,473,2511.63,83.3
A010,A,cherry,2021-09-27,MON,5.31,433,2299.23,76.7
A010,A,cherry,2021-09-28,TUE,5.31,438,2325.78,85.1
A010,A,cherry,2021-09-29,WED,5.31,421,2235.51,76.5
A010,A,cherry,2021-09-30,THU,5.32,425,2261,88.3
A011,A,apple,2021-04-01,THU,0.93,401,372.93,81.7
A011,A,apple,2021-04-02,FRI,0.93,397,369.21,70.6
A011,A,apple,2021-04-03,SAT,0.93,443,411.99,72.7
A011,A,apple,2021-04-04,SUN,0.93,441,410.13,70
A011,A,apple,2021-04-05,MON,0.93,400,372,50
A011,A,apple,2021-04-06,TUE,0.93,409,380.37,62.1
A011,A,apple,2021-04-07,WED,0.93,400,372,63.6
A011,A,apple,2021-04-08,THU,0.96,411,394.56,67.9
A011,A,apple,2021-04-09,FRI,0.96,402,385.92,81.3
A011,A,apple,2021-04-10,SAT,0.96,440,422.4,81.7
A011,A,apple,2021-04-11,SUN,0.96,435,417.6,75.8
A011,A,apple,2021-04-12,MON,0.96,407,390.72,64.1
A011,A,apple,2021-04-13,TUE,0.96,399,383.04,54.2
A011,A,apple,2021-04-14,WED,0.96,405,388.8,59.8
A011,A,apple,2021-04-15,THU,0.98,408,399.84,70.3
A011,A,apple,2021-04-16,FRI,0.98,400,392,70.8
A011,A,apple,2021-04-17,SAT,0.98,439,430.22,57.3
A011,A,apple,2021-04-18,SUN,0.98,437,428.26,55.7
A011,A,apple,2021-04-19,MON,0.98,395,387.1,66.6
A011,A,apple,2021-04-20,TUE,0.98,397,389.06,68.4
A011,A,apple,2021-04-21,WED,0.98,406,397.88,73.7
A011,A,apple,2021-04-22,THU,0.97,409,396.73,62.8
A011,A,apple,2021-04-23,FRI,0.97,407,394.79,60.2
A011,A,apple,2021-04-24,SAT,0.97,443,429.71,58.6
A011,A,apple,2021-04-25,SUN,0.97,439,425.83,70.3
A011,A,apple,2021-04-26,MON,0.97,410,397.7,60.3
A011,A,apple,2021-04-27,TUE,0.97,409,396.73,68.9
A011,A,apple,2021-04-28,WED,0.97,399,387.03,66.9
A011,A,apple,2021-04-29,THU,0.96,396,380.16,68.4
A011,A,apple,2021-04-30,FRI,0.96,399,383.04,65.9
A011,A,apple,2021-05-01,SAT,0.96,441,423.36,69.4
A011,A,apple,2021-05-02,SUN,0.96,438,420.48,63.4
A011,A,apple,2021-05-03,MON,0.96,401,384.96,76.6
A011,A,apple,2021-05-04,TUE,0.96,399,383.04,72
A011,A,apple,2021-05-05,WED,0.96,398,382.08,77
A011,A,apple,2021-05-06,THU,0.97,400,388,71.7
A011,A,apple,2021-05-07,FRI,0.97,400,388,61.3
A011,A,apple,2021-05-08,SAT,0.97,442,428.74,83.4
A011,A,apple,2021-05-09,SUN,0.97,443,429.71,76
A011,A,apple,2021-05-10,MON,0.97,396,384.12,73.5
A011,A,apple,2021-05-11,TUE,0.97,406,393.82,72.5
A011,A,apple,2021-05-12,WED,0.97,405,392.85,70
A011,A,apple,2021-05-13,THU,0.97,407,394.79,87.9
A011,A,apple,2021-05-14,FRI,0.97,410,397.7,84.6
A011,A,apple,2021-05-15,SAT,0.97,441,427.77,90.2
A011,A,apple,2021-05-16,SUN,0.97,437,423.89,84
A011,A,apple,2021-05-17,MON,0.97,409,396.73,82.9
A011,A,apple,2021-05-18,TUE,0.97,401,388.97,78.9
A011,A,apple,2021-05-19,WED,0.97,400,388,74.8
A011,A,apple,2021-05-20,THU,0.96,399,383.04,81.9
A011,A,apple,2021-05-21,FRI,0.96,406,389.76,81.8
A011,A,apple,2021-05-22,SAT,0.96,437,419.52,83.3
A011,A,apple,2021-05-23,SUN,0.96,441,423.36,80.2
A011,A,apple,2021-05-24,MON,0.96,402,385.92,84.4
A011,A,apple,2021-05-25,TUE,0.96,401,384.96,75.7
A011,A,apple,2021-05-26,WED,0.96,400,384,79.4
A011,A,apple,2021-05-27,THU,0.97,411,398.67,75.3
A011,A,apple,2021-05-28,FRI,0.97,399,387.03,74.9
A011,A,apple,2021-05-29,SAT,0.97,441,427.77,65.5
A011,A,apple,2021-05-30,SUN,0.97,436,422.92,78.2
A011,A,apple,2021-05-31,MON,0.97,408,395.76,74.8
A011,A,apple,2021-06-01,TUE,0.97,396,384.12,62.7
A011,A,apple,2021-06-02,WED,0.97,410,397.7,63.1
A011,A,apple,2021-06-03,THU,1,403,403,74.6
A011,A,apple,2021-06-04,FRI,1,406,406,86.2
A011,A,apple,2021-06-05,SAT,1,439,439,69.4
A011,A,apple,2021-06-06,SUN,1,443,443,76.6
A011,A,apple,2021-06-07,MON,1,401,401,76.9
A011,A,apple,2021-06-08,TUE,1,396,396,68.2
A011,A,apple,2021-06-09,WED,1,401,401,68.3
A011,A,apple,2021-06-10,THU,1.02,405,413.1,79.6
A011,A,apple,2021-06-11,FRI,1.02,402,410.04,76.8
A011,A,apple,2021-06-12,SAT,1.02,435,443.7,69.2
A011,A,apple,2021-06-13,SUN,1.02,443,451.86,65.4
A011,A,apple,2021-06-14,MON,1.02,409,417.18,66.9
A011,A,apple,2021-06-15,TUE,1.02,408,416.16,63.2
A011,A,apple,2021-06-16,WED,1.02,402,410.04,69.7
A011,A,apple,2021-06-17,THU,1.05,402,422.1,89.3
A011,A,apple,2021-06-18,FRI,1.05,406,426.3,95.7
A011,A,apple,2021-06-19,SAT,1.05,440,462,91.6
A011,A,apple,2021-06-20,SUN,1.05,439,460.95,92.9
A011,A,apple,2021-06-21,MON,1.05,403,423.15,85.6
A011,A,apple,2021-06-22,TUE,1.05,402,422.1,73.7
A011,A,apple,2021-06-23,WED,1.05,404,424.2,68.9
A011,A,apple,2021-06-24,THU,1.06,407,431.42,85.9
A011,A,apple,2021-06-25,FRI,1.06,405,429.3,81.6
A011,A,apple,2021-06-26,SAT,1.06,437,463.22,81.8
A011,A,apple,2021-06-27,SUN,1.06,442,468.52,89.3
A011,A,apple,2021-06-28,MON,1.06,404,428.24,96.9
A011,A,apple,2021-06-29,TUE,1.06,410,434.6,86.8
A011,A,apple,2021-06-30,WED,1.06,410,434.6,82.1
A011,A,apple,2021-07-01,THU,1.07,439,469.73,75.1
A011,A,apple,2021-07-02,FRI,1.07,435,465.45,77.7
A011,A,apple,2021-07-03,SAT,1.07,483,516.81,83.3
A011,A,apple,2021-07-04,SUN,1.07,482,515.74,87
A011,A,apple,2021-07-05,MON,1.07,442,472.94,77.6
A011,A,apple,2021-07-06,TUE,1.07,451,482.57,83.8
A011,A,apple,2021-07-07,WED,1.07,441,471.87,80.4
A011,A,apple,2021-07-08,THU,1.09,438,477.42,80.7
A011,A,apple,2021-07-09,FRI,1.09,447,487.23,82.4
A011,A,apple,2021-07-10,SAT,1.09,487,530.83,82.1
A011,A,apple,2021-07-11,SUN,1.09,479,522.11,82.3
A011,A,apple,2021-07-12,MON,1.09,451,491.59,84.2
A011,A,apple,2021-07-13,TUE,1.09,452,492.68,82
A011,A,apple,2021-07-14,WED,1.09,449,489.41,75
A011,A,apple,2021-07-15,THU,1.09,448,488.32,79.4
A011,A,apple,2021-07-16,FRI,1.09,439,478.51,71.6
A011,A,apple,2021-07-17,SAT,1.09,485,528.65,66.3
A011,A,apple,2021-07-18,SUN,1.09,481,524.29,66.4
A011,A,apple,2021-07-19,MON,1.09,441,480.69,72.2
A011,A,apple,2021-07-20,TUE,1.09,449,489.41,73.4
A011,A,apple,2021-07-21,WED,1.09,443,482.87,77.3
A011,A,apple,2021-07-22,THU,1.11,446,495.06,69.6
A011,A,apple,2021-07-23,FRI,1.11,440,488.4,78.7
A011,A,apple,2021-07-24,SAT,1.11,480,532.8,82
A011,A,apple,2021-07-25,SUN,1.11,481,533.91,89.1
A011,A,apple,2021-07-26,MON,1.11,444,492.84,75.5
A011,A,apple,2021-07-27,TUE,1.11,446,495.06,80.9
A011,A,apple,2021-07-28,WED,1.11,438,486.18,80.7
A011,A,apple,2021-07-29,THU,1.12,441,493.92,67.8
A011,A,apple,2021-07-30,FRI,1.12,436,488.32,89
A011,A,apple,2021-07-31,SAT,1.12,480,537.6,83
A011,A,apple,2021-08-01,SUN,1.12,480,537.6,87.9
A011,A,apple,2021-08-02,MON,1.12,447,500.64,77.6
A011,A,apple,2021-08-03,TUE,1.12,435,487.2,77.1
A011,A,apple,2021-08-04,WED,1.12,451,505.12,69.7
A011,A,apple,2021-08-05,THU,1.14,450,513,83.5
A011,A,apple,2021-08-06,FRI,1.14,448,510.72,80.8
A011,A,apple,2021-08-07,SAT,1.14,482,549.48,82.6
A011,A,apple,2021-08-08,SUN,1.14,483,550.62,80.3
A011,A,apple,2021-08-09,MON,1.14,451,514.14,82
A011,A,apple,2021-08-10,TUE,1.14,448,510.72,77.3
A011,A,apple,2021-08-11,WED,1.14,446,508.44,72.8
A011,A,apple,2021-08-12,THU,1.15,441,507.15,81.6
A011,A,apple,2021-08-13,FRI,1.15,448,515.2,77.6
A011,A,apple,2021-08-14,SAT,1.15,485,557.75,75.3
A011,A,apple,2021-08-15,SUN,1.15,484,556.6,77.9
A011,A,apple,2021-08-16,MON,1.15,444,510.6,76.8
A011,A,apple,2021-08-17,TUE,1.15,449,516.35,81.3
A011,A,apple,2021-08-18,WED,1.15,437,502.55,76.1
A011,A,apple,2021-08-19,THU,1.15,450,517.5,76.5
A011,A,apple,2021-08-20,FRI,1.15,441,507.15,80.6
A011,A,apple,2021-08-21,SAT,1.15,479,550.85,89
A011,A,apple,2021-08-22,SUN,1.15,485,557.75,88.9
A011,A,apple,2021-08-23,MON,1.15,440,506,78.6
A011,A,apple,2021-08-24,TUE,1.15,440,506,77.1
A011,A,apple,2021-08-25,WED,1.15,440,506,80.1
A011,A,apple,2021-08-26,THU,1.14,446,508.44,73.1
A011,A,apple,2021-08-27,FRI,1.14,438,499.32,77.4
A011,A,apple,2021-08-28,SAT,1.14,487,555.18,78.7
A011,A,apple,2021-08-29,SUN,1.14,486,554.04,78.4
A011,A,apple,2021-08-30,MON,1.14,438,499.32,82.2
A011,A,apple,2021-08-31,TUE,1.14,440,501.6,83
A011,A,apple,2021-09-01,WED,1.14,447,509.58,80.1
A011,A,apple,2021-09-02,THU,1.13,448,506.24,78.9
A011,A,apple,2021-09-03,FRI,1.13,451,509.63,74.4
A011,A,apple,2021-09-04,SAT,1.13,481,543.53,83.1
A011,A,apple,2021-09-05,SUN,1.13,484,546.92,76.9
A011,A,apple,2021-09-06,MON,1.13,439,496.07,75.5
A011,A,apple,2021-09-07,TUE,1.13,452,510.76,66.7
A011,A,apple,2021-09-08,WED,1.13,447,505.11,63
A011,A,apple,2021-09-09,THU,1.13,449,507.37,85.9
A011,A,apple,2021-09-10,FRI,1.13,450,508.5,87.5
A011,A,apple,2021-09-11,SAT,1.13,483,545.79,76.1
A011,A,apple,2021-09-12,SUN,1.13,481,543.53,75.5
A011,A,apple,2021-09-13,MON,1.13,451,509.63,77.8
A011,A,apple,2021-09-14,TUE,1.13,451,509.63,94.1
A011,A,apple,2021-09-15,WED,1.13,450,508.5,84.2
A011,A,apple,2021-09-16,THU,1.15,436,501.4,83.4
A011,A,apple,2021-09-17,FRI,1.15,441,507.15,83.2
A011,A,apple,2021-09-18,SAT,1.15,482,554.3,78.4
A011,A,apple,2021-09-19,SUN,1.15,481,553.15,88.7
A011,A,apple,2021-09-20,MON,1.15,446,512.9,82
A011,A,apple,2021-09-21,TUE,1.15,451,518.65,80
A011,A,apple,2021-09-22,WED,1.15,444,510.6,81.8
A011,A,apple,2021-09-23,THU,1.15,449,516.35,77.4
A011,A,apple,2021-09-24,FRI,1.15,452,519.8,80.8
A011,A,apple,2021-09-25,SAT,1.15,480,552,91.7
A011,A,apple,2021-09-26,SUN,1.15,485,557.75,83.3
A011,A,apple,2021-09-27,MON,1.15,439,504.85,76.7
A011,A,apple,2021-09-28,TUE,1.15,437,502.55,85.1
A011,A,apple,2021-09-29,WED,1.15,447,514.05,76.5
A011,A,apple,2021-09-30,THU,1.18,440,519.2,88.3
A011,A,cherry,2021-04-01,THU,7.02,506,3552.12,81.7
A011,A,cherry,2021-04-02,FRI,7.02,508,3566.16,70.6
A011,A,cherry,2021-04-03,SAT,7.02,547,3839.94,72.7
A011,A,cherry,2021-04-04,SUN,7.02,540,3790.8,70
A011,A,cherry,2021-04-05,MON,7.02,507,3559.14,50
A011,A,cherry,2021-04-06,TUE,7.02,508,3566.16,62.1
A011,A,cherry,2021-04-07,WED,7.02,493,3460.86,63.6
A011,A,cherry,2021-04-08,THU,7.03,491,3451.73,67.9
A011,A,cherry,2021-04-09,FRI,7.03,495,3479.85,81.3
A011,A,cherry,2021-04-10,SAT,7.03,544,3824.32,81.7
A011,A,cherry,2021-04-11,SUN,7.03,546,3838.38,75.8
A011,A,cherry,2021-04-12,MON,7.03,505,3550.15,64.1
A011,A,cherry,2021-04-13,TUE,7.03,507,3564.21,54.2
A011,A,cherry,2021-04-14,WED,7.03,492,3458.76,59.8
A011,A,cherry,2021-04-15,THU,7.03,496,3486.88,70.3
A011,A,cherry,2021-04-16,FRI,7.03,496,3486.88,70.8
A011,A,cherry,2021-04-17,SAT,7.03,546,3838.38,57.3
A011,A,cherry,2021-04-18,SUN,7.03,545,3831.35,55.7
A011,A,cherry,2021-04-19,MON,7.03,499,3507.97,66.6
A011,A,cherry,2021-04-20,TUE,7.03,496,3486.88,68.4
A011,A,cherry,2021-04-21,WED,7.03,495,3479.85,73.7
A011,A,cherry,2021-04-22,THU,7.05,493,3475.65,62.8
A011,A,cherry,2021-04-23,FRI,7.05,495,3489.75,60.2
A011,A,cherry,2021-04-24,SAT,7.05,547,3856.35,58.6
A011,A,cherry,2021-04-25,SUN,7.05,542,3821.1,70.3
A011,A,cherry,2021-04-26,MON,7.05,493,3475.65,60.3
A011,A,cherry,2021-04-27,TUE,7.05,493,3475.65,68.9
A011,A,cherry,2021-04-28,WED,7.05,495,3489.75,66.9
A011,A,cherry,2021-04-29,THU,7.07,508,3591.56,68.4
A011,A,cherry,2021-04-30,FRI,7.07,495,3499.65,65.9
A011,A,cherry,2021-05-01,SAT,7.07,547,3867.29,69.4
A011,A,cherry,2021-05-02,SUN,7.07,542,3831.94,63.4
A011,A,cherry,2021-05-03,MON,7.07,509,3598.63,76.6
A011,A,cherry,2021-05-04,TUE,7.07,504,3563.28,72
A011,A,cherry,2021-05-05,WED,7.07,507,3584.49,77
A011,A,cherry,2021-05-06,THU,7.08,495,3504.6,71.7
A011,A,cherry,2021-05-07,FRI,7.08,501,3547.08,61.3
A011,A,cherry,2021-05-08,SAT,7.08,544,3851.52,83.4
A011,A,cherry,2021-05-09,SUN,7.08,548,3879.84,76
A011,A,cherry,2021-05-10,MON,7.08,490,3469.2,73.5
A011,A,cherry,2021-05-11,TUE,7.08,490,3469.2,72.5
A011,A,cherry,2021-05-12,WED,7.08,502,3554.16,70
A011,A,cherry,2021-05-13,THU,7.1,505,3585.5,87.9
A011,A,cherry,2021-05-14,FRI,7.1,507,3599.7,84.6
A011,A,cherry,2021-05-15,SAT,7.1,544,3862.4,90.2
A011,A,cherry,2021-05-16,SUN,7.1,545,3869.5,84
A011,A,cherry,2021-05-17,MON,7.1,506,3592.6,82.9
A011,A,cherry,2021-05-18,TUE,7.1,499,3542.9,78.9
A011,A,cherry,2021-05-19,WED,7.1,502,3564.2,74.8
A011,A,cherry,2021-05-20,THU,7.11,495,3519.45,81.9
A011,A,cherry,2021-05-21,FRI,7.11,499,3547.89,81.8
A011,A,cherry,2021-05-22,SAT,7.11,545,3874.95,83.3
A011,A,cherry,2021-05-23,SUN,7.11,547,3889.17,80.2
A011,A,cherry,2021-05-24,MON,7.11,502,3569.22,84.4
A011,A,cherry,2021-05-25,TUE,7.11,492,3498.12,75.7
A011,A,cherry,2021-05-26,WED,7.11,493,3505.23,79.4
A011,A,cherry,2021-05-27,THU,7.13,506,3607.78,75.3
A011,A,cherry,2021-05-28,FRI,7.13,502,3579.26,74.9
A011,A,cherry,2021-05-29,SAT,7.13,541,3857.33,65.5
A011,A,cherry,2021-05-30,SUN,7.13,541,3857.33,78.2
A011,A,cherry,2021-05-31,MON,7.13,504,3593.52,74.8
A011,A,cherry,2021-06-01,TUE,7.13,493,3515.09,62.7
A011,A,cherry,2021-06-02,WED,7.13,493,3515.09,63.1
A011,A,cherry,2021-06-03,THU,7.16,494,3537.04,74.6
A011,A,cherry,2021-06-04,FRI,7.16,498,3565.68,86.2
A011,A,cherry,2021-06-05,SAT,7.16,543,3887.88,69.4
A011,A,cherry,2021-06-06,SUN,7.16,546,3909.36,76.6
A011,A,cherry,2021-06-07,MON,7.16,506,3622.96,76.9
A011,A,cherry,2021-06-08,TUE,7.16,494,3537.04,68.2
A011,A,cherry,2021-06-09,WED,7.16,496,3551.36,68.3
A011,A,cherry,2021-06-10,THU,7.16,498,3565.68,79.6
A011,A,cherry,2021-06-11,FRI,7.16,495,3544.2,76.8
A011,A,cherry,2021-06-12,SAT,7.16,539,3859.24,69.2
A011,A,cherry,2021-06-13,SUN,7.16,544,3895.04,65.4
A011,A,cherry,2021-06-14,MON,7.16,504,3608.64,66.9
A011,A,cherry,2021-06-15,TUE,7.16,491,3515.56,63.2
A011,A,cherry,2021-06-16,WED,7.16,506,3622.96,69.7
A011,A,cherry,2021-06-17,THU,7.19,496,3566.24,89.3
A011,A,cherry,2021-06-18,FRI,7.19,508,3652.52,95.7
A011,A,cherry,2021-06-19,SAT,7.19,547,3932.93,91.6
A011,A,cherry,2021-06-20,SUN,7.19,546,3925.74,92.9
A011,A,cherry,2021-06-21,MON,7.19,496,3566.24,85.6
A011,A,cherry,2021-06-22,TUE,7.19,499,3587.81,73.7
A011,A,cherry,2021-06-23,WED,7.19,505,3630.95,68.9
A011,A,cherry,2021-06-24,THU,7.2,503,3621.6,85.9
A011,A,cherry,2021-06-25,FRI,7.2,498,3585.6,81.6
A011,A,cherry,2021-06-26,SAT,7.2,539,3880.8,81.8
A011,A,cherry,2021-06-27,SUN,7.2,548,3945.6,89.3
A011,A,cherry,2021-06-28,MON,7.2,497,3578.4,96.9
A011,A,cherry,2021-06-29,TUE,7.2,491,3535.2,86.8
A011,A,cherry,2021-06-30,WED,7.2,490,3528,82.1
A011,A,cherry,2021-07-01,THU,7.22,542,3913.24,75.1
A011,A,cherry,2021-07-02,FRI,7.22,539,3891.58,77.7
A011,A,cherry,2021-07-03,SAT,7.22,594,4288.68,83.3
A011,A,cherry,2021-07-04,SUN,7.22,594,4288.68,87
A011,A,cherry,2021-07-05,MON,7.22,539,3891.58,77.6
A011,A,cherry,2021-07-06,TUE,7.22,542,3913.24,83.8
A011,A,cherry,2021-07-07,WED,7.22,540,3898.8,80.4
A011,A,cherry,2021-07-08,THU,7.24,553,4003.72,80.7
A011,A,cherry,2021-07-09,FRI,7.24,556,4025.44,82.4
A011,A,cherry,2021-07-10,SAT,7.24,597,4322.28,82.1
A011,A,cherry,2021-07-11,SUN,7.24,601,4351.24,82.3
A011,A,cherry,2021-07-12,MON,7.24,553,4003.72,84.2
A011,A,cherry,2021-07-13,TUE,7.24,558,4039.92,82
A011,A,cherry,2021-07-14,WED,7.24,550,3982,75
A011,A,cherry,2021-07-15,THU,7.25,540,3915,79.4
A011,A,cherry,2021-07-16,FRI,7.25,545,3951.25,71.6
A011,A,cherry,2021-07-17,SAT,7.25,603,4371.75,66.3
A011,A,cherry,2021-07-18,SUN,7.25,602,4364.5,66.4
A011,A,cherry,2021-07-19,MON,7.25,556,4031,72.2
A011,A,cherry,2021-07-20,TUE,7.25,559,4052.75,73.4
A011,A,cherry,2021-07-21,WED,7.25,559,4052.75,77.3
A011,A,cherry,2021-07-22,THU,7.25,553,4009.25,69.6
A011,A,cherry,2021-07-23,FRI,7.25,553,4009.25,78.7
A011,A,cherry,2021-07-24,SAT,7.25,593,4299.25,82
A011,A,cherry,2021-07-25,SUN,7.25,603,4371.75,89.1
A011,A,cherry,2021-07-26,MON,7.25,542,3929.5,75.5
A011,A,cherry,2021-07-27,TUE,7.25,546,3958.5,80.9
A011,A,cherry,2021-07-28,WED,7.25,542,3929.5,80.7
A011,A,cherry,2021-07-29,THU,7.25,542,3929.5,67.8
A011,A,cherry,2021-07-30,FRI,7.25,553,4009.25,89
A011,A,cherry,2021-07-31,SAT,7.25,594,4306.5,83
A011,A,cherry,2021-08-01,SUN,7.25,601,4357.25,87.9
A011,A,cherry,2021-08-02,MON,7.25,551,3994.75,77.6
A011,A,cherry,2021-08-03,TUE,7.25,558,4045.5,77.1
A011,A,cherry,2021-08-04,WED,7.25,553,4009.25,69.7
A011,A,cherry,2021-08-05,THU,7.25,539,3907.75,83.5
A011,A,cherry,2021-08-06,FRI,7.25,551,3994.75,80.8
A011,A,cherry,2021-08-07,SAT,7.25,597,4328.25,82.6
A011,A,cherry,2021-08-08,SUN,7.25,595,4313.75,80.3
A011,A,cherry,2021-08-09,MON,7.25,540,3915,82
A011,A,cherry,2021-08-10,TUE,7.25,541,3922.25,77.3
A011,A,cherry,2021-08-11,WED,7.25,550,3987.5,72.8
A011,A,cherry,2021-08-12,THU,7.27,550,3998.5,81.6
A011,A,cherry,2021-08-13,FRI,7.27,559,4063.93,77.6
A011,A,cherry,2021-08-14,SAT,7.27,596,4332.92,75.3
A011,A,cherry,2021-08-15,SUN,7.27,597,4340.19,77.9
A011,A,cherry,2021-08-16,MON,7.27,553,4020.31,76.8
A011,A,cherry,2021-08-17,TUE,7.27,552,4013.04,81.3
A011,A,cherry,2021-08-18,WED,7.27,542,3940.34,76.1
A011,A,cherry,2021-08-19,THU,7.28,552,4018.56,76.5
A011,A,cherry,2021-08-20,FRI,7.28,542,3945.76,80.6
A011,A,cherry,2021-08-21,SAT,7.28,598,4353.44,89
A011,A,cherry,2021-08-22,SUN,7.28,600,4368,88.9
A011,A,cherry,2021-08-23,MON,7.28,550,4004,78.6
A011,A,cherry,2021-08-24,TUE,7.28,552,4018.56,77.1
A011,A,cherry,2021-08-25,WED,7.28,547,3982.16,80.1
A011,A,cherry,2021-08-26,THU,7.31,558,4078.98,73.1
A011,A,cherry,2021-08-27,FRI,7.31,538,3932.78,77.4
A011,A,cherry,2021-08-28,SAT,7.31,595,4349.45,78.7
A011,A,cherry,2021-08-29,SUN,7.31,602,4400.62,78.4
A011,A,cherry,2021-08-30,MON,7.31,545,3983.95,82.2
A011,A,cherry,2021-08-31,TUE,7.31,557,4071.67,83
A011,A,cherry,2021-09-01,WED,7.31,556,4064.36,80.1
A011,A,cherry,2021-09-02,THU,7.31,547,3998.57,78.9
A011,A,cherry,2021-09-03,FRI,7.31,556,4064.36,74.4
A011,A,cherry,2021-09-04,SAT,7.31,601,4393.31,83.1
A011,A,cherry,2021-09-05,SUN,7.31,598,4371.38,76.9
A011,A,cherry,2021-09-06,MON,7.31,538,3932.78,75.5
A011,A,cherry,2021-09-07,TUE,7.31,559,4086.29,66.7
A011,A,cherry,2021-09-08,WED,7.31,559,4086.29,63
A011,A,cherry,2021-09-09,THU,7.3,545,3978.5,85.9
A011,A,cherry,2021-09-10,FRI,7.3,556,4058.8,87.5
A011,A,cherry,2021-09-11,SAT,7.3,593,4328.9,76.1
A011,A,cherry,2021-09-12,SUN,7.3,597,4358.1,75.5
A011,A,cherry,2021-09-13,MON,7.3,553,4036.9,77.8
A011,A,cherry,2021-09-14,TUE,7.3,551,4022.3,94.1
A011,A,cherry,2021-09-15,WED,7.3,551,4022.3,84.2
A011,A,cherry,2021-09-16,THU,7.31,539,3940.09,83.4
A011,A,cherry,2021-09-17,FRI,7.31,538,3932.78,83.2
A011,A,cherry,2021-09-18,SAT,7.31,595,4349.45,78.4
A011,A,cherry,2021-09-19,SUN,7.31,596,4356.76,88.7
A011,A,cherry,2021-09-20,MON,7.31,553,4042.43,82
A011,A,cherry,2021-09-21,TUE,7.31,551,4027.81,80
A011,A,cherry,2021-09-22,WED,7.31,549,4013.19,81.8
A011,A,cherry,2021-09-23,THU,7.34,541,3970.94,77.4
A011,A,cherry,2021-09-24,FRI,7.34,545,4000.3,80.8
A011,A,cherry,2021-09-25,SAT,7.34,593,4352.62,91.7
A011,A,cherry,2021-09-26,SUN,7.34,593,4352.62,83.3
A011,A,cherry,2021-09-27,MON,7.34,547,4014.98,76.7
A011,A,cherry,2021-09-28,TUE,7.34,552,4051.68,85.1
A011,A,cherry,2021-09-29,WED,7.34,558,4095.72,76.5
A011,A,cherry,2021-09-30,THU,7.36,557,4099.52,88.3
A012,A,apple,2021-04-01,THU,1.11,245,271.95,81.7
A012,A,apple,2021-04-02,FRI,1.11,249,276.39,70.6
A012,A,apple,2021-04-03,SAT,1.11,272,301.92,72.7
A012,A,apple,2021-04-04,SUN,1.11,268,297.48,70
A012,A,apple,2021-04-05,MON,1.11,245,271.95,50
A012,A,apple,2021-04-06,TUE,1.11,250,277.5,62.1
A012,A,apple,2021-04-07,WED,1.11,245,271.95,63.6
A012,A,apple,2021-04-08,THU,1.14,251,286.14,67.9
A012,A,apple,2021-04-09,FRI,1.14,247,281.58,81.3
A012,A,apple,2021-04-10,SAT,1.14,270,307.8,81.7
A012,A,apple,2021-04-11,SUN,1.14,269,306.66,75.8
A012,A,apple,2021-04-12,MON,1.14,245,279.3,64.1
A012,A,apple,2021-04-13,TUE,1.14,247,281.58,54.2
A012,A,apple,2021-04-14,WED,1.14,250,285,59.8
A012,A,apple,2021-04-15,THU,1.15,249,286.35,70.3
A012,A,apple,2021-04-16,FRI,1.15,248,285.2,70.8
A012,A,apple,2021-04-17,SAT,1.15,267,307.05,57.3
A012,A,apple,2021-04-18,SUN,1.15,271,311.65,55.7
A012,A,apple,2021-04-19,MON,1.15,252,289.8,66.6
A012,A,apple,2021-04-20,TUE,1.15,245,281.75,68.4
A012,A,apple,2021-04-21,WED,1.15,247,284.05,73.7
A012,A,apple,2021-04-22,THU,1.17,247,288.99,62.8
A012,A,apple,2021-04-23,FRI,1.17,242,283.14,60.2
A012,A,apple,2021-04-24,SAT,1.17,268,313.56,58.6
A012,A,apple,2021-04-25,SUN,1.17,271,317.07,70.3
A012,A,apple,2021-04-26,MON,1.17,245,286.65,60.3
A012,A,apple,2021-04-27,TUE,1.17,251,293.67,68.9
A012,A,apple,2021-04-28,WED,1.17,248,290.16,66.9
A012,A,apple,2021-04-29,THU,1.19,245,291.55,68.4
A012,A,apple,2021-04-30,FRI,1.19,246,292.74,65.9
A012,A,apple,2021-05-01,SAT,1.19,271,322.49,69.4
A012,A,apple,2021-05-02,SUN,1.19,271,322.49,63.4
A012,A,apple,2021-05-03,MON,1.19,249,296.31,76.6
A012,A,apple,2021-05-04,TUE,1.19,249,296.31,72
A012,A,apple,2021-05-05,WED,1.19,249,296.31,77
A012,A,apple,2021-05-06,THU,1.18,251,296.18,71.7
A012,A,apple,2021-05-07,FRI,1.18,251,296.18,61.3
A012,A,apple,2021-05-08,SAT,1.18,271,319.78,83.4
A012,A,apple,2021-05-09,SUN,1.18,268,316.24,76
A012,A,apple,2021-05-10,MON,1.18,247,291.46,73.5
A012,A,apple,2021-05-11,TUE,1.18,244,287.92,72.5
A012,A,apple,2021-05-12,WED,1.18,243,286.74,70
A012,A,apple,2021-05-13,THU,1.2,243,291.6,87.9
A012,A,apple,2021-05-14,FRI,1.2,249,298.8,84.6
A012,A,apple,2021-05-15,SAT,1.2,267,320.4,90.2
A012,A,apple,2021-05-16,SUN,1.2,268,321.6,84
A012,A,apple,2021-05-17,MON,1.2,243,291.6,82.9
A012,A,apple,2021-05-18,TUE,1.2,244,292.8,78.9
A012,A,apple,2021-05-19,WED,1.2,247,296.4,74.8
A012,A,apple,2021-05-20,THU,1.19,245,291.55,81.9
A012,A,apple,2021-05-21,FRI,1.19,248,295.12,81.8
A012,A,apple,2021-05-22,SAT,1.19,268,318.92,83.3
A012,A,apple,2021-05-23,SUN,1.19,267,317.73,80.2
A012,A,apple,2021-05-24,MON,1.19,249,296.31,84.4
A012,A,apple,2021-05-25,TUE,1.19,246,292.74,75.7
A012,A,apple,2021-05-26,WED,1.19,252,299.88,79.4
A012,A,apple,2021-05-27,THU,1.22,245,298.9,75.3
A012,A,apple,2021-05-28,FRI,1.22,249,303.78,74.9
A012,A,apple,2021-05-29,SAT,1.22,270,329.4,65.5
A012,A,apple,2021-05-30,SUN,1.22,268,326.96,78.2
A012,A,apple,2021-05-31,MON,1.22,249,303.78,74.8
A012,A,apple,2021-06-01,TUE,1.22,245,298.9,62.7
A012,A,apple,2021-06-02,WED,1.22,250,305,63.1
A012,A,apple,2021-06-03,THU,1.22,243,296.46,74.6
A012,A,apple,2021-06-04,FRI,1.22,249,303.78,86.2
A012,A,apple,2021-06-05,SAT,1.22,271,330.62,69.4
A012,A,apple,2021-06-06,SUN,1.22,271,330.62,76.6
A012,A,apple,2021-06-07,MON,1.22,243,296.46,76.9
A012,A,apple,2021-06-08,TUE,1.22,245,298.9,68.2
A012,A,apple,2021-06-09,WED,1.22,248,302.56,68.3
A012,A,apple,2021-06-10,THU,1.24,242,300.08,79.6
A012,A,apple,2021-06-11,FRI,1.24,247,306.28,76.8
A012,A,apple,2021-06-12,SAT,1.24,267,331.08,69.2
A012,A,apple,2021-06-13,SUN,1.24,271,336.04,65.4
A012,A,apple,2021-06-14,MON,1.24,245,303.8,66.9
A012,A,apple,2021-06-15,TUE,1.24,243,301.32,63.2
A012,A,apple,2021-06-16,WED,1.24,245,303.8,69.7
A012,A,apple,2021-06-17,THU,1.26,243,306.18,89.3
A012,A,apple,2021-06-18,FRI,1.26,251,316.26,95.7
A012,A,apple,2021-06-19,SAT,1.26,270,340.2,91.6
A012,A,apple,2021-06-20,SUN,1.26,268,337.68,92.9
A012,A,apple,2021-06-21,MON,1.26,248,312.48,85.6
A012,A,apple,2021-06-22,TUE,1.26,250,315,73.7
A012,A,apple,2021-06-23,WED,1.26,247,311.22,68.9
A012,A,apple,2021-06-24,THU,1.27,245,311.15,85.9
A012,A,apple,2021-06-25,FRI,1.27,246,312.42,81.6
A012,A,apple,2021-06-26,SAT,1.27,268,340.36,81.8
A012,A,apple,2021-06-27,SUN,1.27,267,339.09,89.3
A012,A,apple,2021-06-28,MON,1.27,247,313.69,96.9
A012,A,apple,2021-06-29,TUE,1.27,251,318.77,86.8
A012,A,apple,2021-06-30,WED,1.27,248,314.96,82.1
A012,A,apple,2021-07-01,THU,1.26,247,311.22,75.1
A012,A,apple,2021-07-02,FRI,1.26,249,313.74,77.7
A012,A,apple,2021-07-03,SAT,1.26,270,340.2,83.3
A012,A,apple,2021-07-04,SUN,1.26,268,337.68,87
A012,A,apple,2021-07-05,MON,1.26,248,312.48,77.6
A012,A,apple,2021-07-06,TUE,1.26,247,311.22,83.8
A012,A,apple,2021-07-07,WED,1.26,243,306.18,80.4
A012,A,apple,2021-07-08,THU,1.27,248,314.96,80.7
A012,A,apple,2021-07-09,FRI,1.27,249,316.23,82.4
A012,A,apple,2021-07-10,SAT,1.27,267,339.09,82.1
A012,A,apple,2021-07-11,SUN,1.27,269,341.63,82.3
A012,A,apple,2021-07-12,MON,1.27,246,312.42,84.2
A012,A,apple,2021-07-13,TUE,1.27,250,317.5,82
A012,A,apple,2021-07-14,WED,1.27,242,307.34,75
A012,A,apple,2021-07-15,THU,1.29,243,313.47,79.4
A012,A,apple,2021-07-16,FRI,1.29,250,322.5,71.6
A012,A,apple,2021-07-17,SAT,1.29,269,347.01,66.3
A012,A,apple,2021-07-18,SUN,1.29,271,349.59,66.4
A012,A,apple,2021-07-19,MON,1.29,245,316.05,72.2
A012,A,apple,2021-07-20,TUE,1.29,246,317.34,73.4
A012,A,apple,2021-07-21,WED,1.29,245,316.05,77.3
A012,A,apple,2021-07-22,THU,1.3,249,323.7,69.6
A012,A,apple,2021-07-23,FRI,1.3,242,314.6,78.7
A012,A,apple,2021-07-24,SAT,1.3,271,352.3,82
A012,A,apple,2021-07-25,SUN,1.3,270,351,89.1
A012,A,apple,2021-07-26,MON,1.3,247,321.1,75.5
A012,A,apple,2021-07-27,TUE,1.3,248,322.4,80.9
A012,A,apple,2021-07-28,WED,1.3,244,317.2,80.7
A012,A,apple,2021-07-29,THU,1.32,249,328.68,67.8
A012,A,apple,2021-07-30,FRI,1.32,243,320.76,89
A012,A,apple,2021-07-31,SAT,1.32,268,353.76,83
A012,A,apple,2021-08-01,SUN,1.32,271,357.72,87.9
A012,A,apple,2021-08-02,MON,1.32,249,328.68,77.6
A012,A,apple,2021-08-03,TUE,1.32,252,332.64,77.1
A012,A,apple,2021-08-04,WED,1.32,247,326.04,69.7
A012,A,apple,2021-08-05,THU,1.34,246,329.64,83.5
A012,A,apple,2021-08-06,FRI,1.34,247,330.98,80.8
A012,A,apple,2021-08-07,SAT,1.34,269,360.46,82.6
A012,A,apple,2021-08-08,SUN,1.34,270,361.8,80.3
A012,A,apple,2021-08-09,MON,1.34,248,332.32,82
A012,A,apple,2021-08-10,TUE,1.34,249,333.66,77.3
A012,A,apple,2021-08-11,WED,1.34,249,333.66,72.8
A012,A,apple,2021-08-12,THU,1.36,244,331.84,81.6
A012,A,apple,2021-08-13,FRI,1.36,242,329.12,77.6
A012,A,apple,2021-08-14,SAT,1.36,271,368.56,75.3
A012,A,apple,2021-08-15,SUN,1.36,269,365.84,77.9
A012,A,apple,2021-08-16,MON,1.36,245,333.2,76.8
A012,A,apple,2021-08-17,TUE,1.36,247,335.92,81.3
A012,A,apple,2021-08-18,WED,1.36,249,338.64,76.1
A012,A,apple,2021-08-19,THU,1.39,251,348.89,76.5
A012,A,apple,2021-08-20,FRI,1.39,249,346.11,80.6
A012,A,apple,2021-08-21,SAT,1.39,268,372.52,89
A012,A,apple,2021-08-22,SUN,1.39,270,375.3,88.9
A012,A,apple,2021-08-23,MON,1.39,245,340.55,78.6
A012,A,apple,2021-08-24,TUE,1.39,246,341.94,77.1
A012,A,apple,2021-08-25,WED,1.39,252,350.28,80.1
A012,A,apple,2021-08-26,THU,1.41,246,346.86,73.1
A012,A,apple,2021-08-27,FRI,1.41,250,352.5,77.4
A012,A,apple,2021-08-28,SAT,1.41,269,379.29,78.7
A012,A,apple,2021-08-29,SUN,1.41,268,377.88,78.4
A012,A,apple,2021-08-30,MON,1.41,244,344.04,82.2
A012,A,apple,2021-08-31,TUE,1.41,248,349.68,83
A012,A,apple,2021-09-01,WED,1.41,249,351.09,80.1
A012,A,apple,2021-09-02,THU,1.43,244,348.92,78.9
A012,A,apple,2021-09-03,FRI,1.43,245,350.35,74.4
A012,A,apple,2021-09-04,SAT,1.43,270,386.1,83.1
A012,A,apple,2021-09-05,SUN,1.43,268,383.24,76.9
A012,A,apple,2021-09-06,MON,1.43,248,354.64,75.5
A012,A,apple,2021-09-07,TUE,1.43,252,360.36,66.7
A012,A,apple,2021-09-08,WED,1.43,251,358.93,63
A012,A,apple,2021-09-09,THU,1.45,247,358.15,85.9
A012,A,apple,2021-09-10,FRI,1.45,251,363.95,87.5
A012,A,apple,2021-09-11,SAT,1.45,268,388.6,76.1
A012,A,apple,2021-09-12,SUN,1.45,268,388.6,75.5
A012,A,apple,2021-09-13,MON,1.45,250,362.5,77.8
A012,A,apple,2021-09-14,TUE,1.45,244,353.8,94.1
A012,A,apple,2021-09-15,WED,1.45,249,361.05,84.2
A012,A,apple,2021-09-16,THU,1.44,245,352.8,83.4
A012,A,apple,2021-09-17,FRI,1.44,248,357.12,83.2
A012,A,apple,2021-09-18,SAT,1.44,271,390.24,78.4
A012,A,apple,2021-09-19,SUN,1.44,270,388.8,88.7
A012,A,apple,2021-09-20,MON,1.44,248,357.12,82
A012,A,apple,2021-09-21,TUE,1.44,252,362.88,80
A012,A,apple,2021-09-22,WED,1.44,252,362.88,81.8
A012,A,apple,2021-09-23,THU,1.46,249,363.54,77.4
A012,A,apple,2021-09-24,FRI,1.46,245,357.7,80.8
A012,A,apple,2021-09-25,SAT,1.46,269,392.74,91.7
A012,A,apple,2021-09-26,SUN,1.46,268,391.28,83.3
A012,A,apple,2021-09-27,MON,1.46,251,366.46,76.7
A012,A,apple,2021-09-28,TUE,1.46,244,356.24,85.1
A012,A,apple,2021-09-29,WED,1.46,243,354.78,76.5
A012,A,apple,2021-09-30,THU,1.49,249,371.01,88.3
A012,A,banana,2021-04-01,THU,2.91,271,788.61,81.7
A012,A,banana,2021-04-02,FRI,2.91,271,788.61,70.6
A012,A,banana,2021-04-03,SAT,2.91,290,843.9,72.7
A012,A,banana,2021-04-04,SUN,2.91,293,852.63,70
A012,A,banana,2021-04-05,MON,2.91,263,765.33,50
A012,A,banana,2021-04-06,TUE,2.91,268,779.88,62.1
A012,A,banana,2021-04-07,WED,2.91,264,768.24,63.6
A012,A,banana,2021-04-08,THU,2.9,265,768.5,67.9
A012,A,banana,2021-04-09,FRI,2.9,266,771.4,81.3
A012,A,banana,2021-04-10,SAT,2.9,293,849.7,81.7
A012,A,banana,2021-04-11,SUN,2.9,291,843.9,75.8
A012,A,banana,2021-04-12,MON,2.9,269,780.1,64.1
A012,A,banana,2021-04-13,TUE,2.9,271,785.9,54.2
A012,A,banana,2021-04-14,WED,2.9,271,785.9,59.8
A012,A,banana,2021-04-15,THU,2.91,271,788.61,70.3
A012,A,banana,2021-04-16,FRI,2.91,264,768.24,70.8
A012,A,banana,2021-04-17,SAT,2.91,290,843.9,57.3
A012,A,banana,2021-04-18,SUN,2.91,291,846.81,55.7
A012,A,banana,2021-04-19,MON,2.91,271,788.61,66.6
A012,A,banana,2021-04-20,TUE,2.91,263,765.33,68.4
A012,A,banana,2021-04-21,WED,2.91,266,774.06,73.7
A012,A,banana,2021-04-22,THU,2.93,263,770.59,62.8
A012,A,banana,2021-04-23,FRI,2.93,268,785.24,60.2
A012,A,banana,2021-04-24,SAT,2.93,291,852.63,58.6
A012,A,banana,2021-04-25,SUN,2.93,289,846.77,70.3
A012,A,banana,2021-04-26,MON,2.93,262,767.66,60.3
A012,A,banana,2021-04-27,TUE,2.93,269,788.17,68.9
A012,A,banana,2021-04-28,WED,2.93,265,776.45,66.9
A012,A,banana,2021-04-29,THU,2.96,262,775.52,68.4
A012,A,banana,2021-04-30,FRI,2.96,269,796.24,65.9
A012,A,banana,2021-05-01,SAT,2.96,292,864.32,69.4
A012,A,banana,2021-05-02,SUN,2.96,288,852.48,63.4
A012,A,banana,2021-05-03,MON,2.96,262,775.52,76.6
A012,A,banana,2021-05-04,TUE,2.96,268,793.28,72
A012,A,banana,2021-05-05,WED,2.96,264,781.44,77
A012,A,banana,2021-05-06,THU,2.98,262,780.76,71.7
A012,A,banana,2021-05-07,FRI,2.98,264,786.72,61.3
A012,A,banana,2021-05-08,SAT,2.98,289,861.22,83.4
A012,A,banana,2021-05-09,SUN,2.98,292,870.16,76
A012,A,banana,2021-05-10,MON,2.98,265,789.7,73.5
A012,A,banana,2021-05-11,TUE,2.98,269,801.62,72.5
A012,A,banana,2021-05-12,WED,2.98,262,780.76,70
A012,A,banana,2021-05-13,THU,2.98,271,807.58,87.9
A012,A,banana,2021-05-14,FRI,2.98,271,807.58,84.6
A012,A,banana,2021-05-15,SAT,2.98,290,864.2,90.2
A012,A,banana,2021-05-16,SUN,2.98,291,867.18,84
A012,A,banana,2021-05-17,MON,2.98,267,795.66,82.9
A012,A,banana,2021-05-18,TUE,2.98,272,810.56,78.9
A012,A,banana,2021-05-19,WED,2.98,267,795.66,74.8
A012,A,banana,2021-05-20,THU,3,264,792,81.9
A012,A,banana,2021-05-21,FRI,3,271,813,81.8
A012,A,banana,2021-05-22,SAT,3,289,867,83.3
A012,A,banana,2021-05-23,SUN,3,291,873,80.2
A012,A,banana,2021-05-24,MON,3,262,786,84.4
A012,A,banana,2021-05-25,TUE,3,263,789,75.7
A012,A,banana,2021-05-26,WED,3,270,810,79.4
A012,A,banana,2021-05-27,THU,3,265,795,75.3
A012,A,banana,2021-05-28,FRI,3,264,792,74.9
A012,A,banana,2021-05-29,SAT,3,289,867,65.5
A012,A,banana,2021-05-30,SUN,3,292,876,78.2
A012,A,banana,2021-05-31,MON,3,262,786,74.8
A012,A,banana,2021-06-01,TUE,3,268,804,62.7
A012,A,banana,2021-06-02,WED,3,263,789,63.1
A012,A,banana,2021-06-03,THU,3,262,786,74.6
A012,A,banana,2021-06-04,FRI,3,263,789,86.2
A012,A,banana,2021-06-05,SAT,3,289,867,69.4
A012,A,banana,2021-06-06,SUN,3,293,879,76.6
A012,A,banana,2021-06-07,MON,3,269,807,76.9
A012,A,banana,2021-06-08,TUE,3,265,795,68.2
A012,A,banana,2021-06-09,WED,3,271,813,68.3
A012,A,banana,2021-06-10,THU,3.02,271,818.42,79.6
A012,A,banana,2021-06-11,FRI,3.02,263,794.26,76.8
A012,A,banana,2021-06-12,SAT,3.02,289,872.78,69.2
A012,A,banana,2021-06-13,SUN,3.02,292,881.84,65.4
A012,A,banana,2021-06-14,MON,3.02,272,821.44,66.9
A012,A,banana,2021-06-15,TUE,3.02,262,791.24,63.2
A012,A,banana,2021-06-16,WED,3.02,262,791.24,69.7
A012,A,banana,2021-06-17,THU,3.04,271,823.84,89.3
A012,A,banana,2021-06-18,FRI,3.04,263,799.52,95.7
A012,A,banana,2021-06-19,SAT,3.04,291,884.64,91.6
A012,A,banana,2021-06-20,SUN,3.04,291,884.64,92.9
A012,A,banana,2021-06-21,MON,3.04,269,817.76,85.6
A012,A,banana,2021-06-22,TUE,3.04,263,799.52,73.7
A012,A,banana,2021-06-23,WED,3.04,266,808.64,68.9
A012,A,banana,2021-06-24,THU,3.03,266,805.98,85.9
A012,A,banana,2021-06-25,FRI,3.03,266,805.98,81.6
A012,A,banana,2021-06-26,SAT,3.03,290,878.7,81.8
A012,A,banana,2021-06-27,SUN,3.03,290,878.7,89.3
A012,A,banana,2021-06-28,MON,3.03,270,818.1,96.9
A012,A,banana,2021-06-29,TUE,3.03,271,821.13,86.8
A012,A,banana,2021-06-30,WED,3.03,267,809.01,82.1
A012,A,banana,2021-07-01,THU,3.03,266,805.98,75.1
A012,A,banana,2021-07-02,FRI,3.03,271,821.13,77.7
A012,A,banana,2021-07-03,SAT,3.03,288,872.64,83.3
A012,A,banana,2021-07-04,SUN,3.03,289,875.67,87
A012,A,banana,2021-07-05,MON,3.03,263,796.89,77.6
A012,A,banana,2021-07-06,TUE,3.03,271,821.13,83.8
A012,A,banana,2021-07-07,WED,3.03,267,809.01,80.4
A012,A,banana,2021-07-08,THU,3.04,271,823.84,80.7
A012,A,banana,2021-07-09,FRI,3.04,262,796.48,82.4
A012,A,banana,2021-07-10,SAT,3.04,291,884.64,82.1
A012,A,banana,2021-07-11,SUN,3.04,293,890.72,82.3
A012,A,banana,2021-07-12,MON,3.04,263,799.52,84.2
A012,A,banana,2021-07-13,TUE,3.04,267,811.68,82
A012,A,banana,2021-07-14,WED,3.04,272,826.88,75
A012,A,banana,2021-07-15,THU,3.04,267,811.68,79.4
A012,A,banana,2021-07-16,FRI,3.04,272,826.88,71.6
A012,A,banana,2021-07-17,SAT,3.04,291,884.64,66.3
A012,A,banana,2021-07-18,SUN,3.04,292,887.68,66.4
A012,A,banana,2021-07-19,MON,3.04,272,826.88,72.2
A012,A,banana,2021-07-20,TUE,3.04,265,805.6,73.4
A012,A,banana,2021-07-21,WED,3.04,266,808.64,77.3
A012,A,banana,2021-07-22,THU,3.06,262,801.72,69.6
A012,A,banana,2021-07-23,FRI,3.06,265,810.9,78.7
A012,A,banana,2021-07-24,SAT,3.06,290,887.4,82
A012,A,banana,2021-07-25,SUN,3.06,293,896.58,89.1
A012,A,banana,2021-07-26,MON,3.06,264,807.84,75.5
A012,A,banana,2021-07-27,TUE,3.06,263,804.78,80.9
A012,A,banana,2021-07-28,WED,3.06,269,823.14,80.7
A012,A,banana,2021-07-29,THU,3.07,270,828.9,67.8
A012,A,banana,2021-07-30,FRI,3.07,272,835.04,89
A012,A,banana,2021-07-31,SAT,3.07,292,896.44,83
A012,A,banana,2021-08-01,SUN,3.07,289,887.23,87.9
A012,A,banana,2021-08-02,MON,3.07,263,807.41,77.6
A012,A,banana,2021-08-03,TUE,3.07,270,828.9,77.1
A012,A,banana,2021-08-04,WED,3.07,266,816.62,69.7
A012,A,banana,2021-08-05,THU,3.09,271,837.39,83.5
A012,A,banana,2021-08-06,FRI,3.09,268,828.12,80.8
A012,A,banana,2021-08-07,SAT,3.09,292,902.28,82.6
A012,A,banana,2021-08-08,SUN,3.09,290,896.1,80.3
A012,A,banana,2021-08-09,MON,3.09,270,834.3,82
A012,A,banana,2021-08-10,TUE,3.09,271,837.39,77.3
A012,A,banana,2021-08-11,WED,3.09,264,815.76,72.8
A012,A,banana,2021-08-12,THU,3.1,262,812.2,81.6
A012,A,banana,2021-08-13,FRI,3.1,270,837,77.6
A012,A,banana,2021-08-14,SAT,3.1,290,899,75.3
A012,A,banana,2021-08-15,SUN,3.1,291,902.1,77.9
A012,A,banana,2021-08-16,MON,3.1,265,821.5,76.8
A012,A,banana,2021-08-17,TUE,3.1,266,824.6,81.3
A012,A,banana,2021-08-18,WED,3.1,262,812.2,76.1
A012,A,banana,2021-08-19,THU,3.09,262,809.58,76.5
A012,A,banana,2021-08-20,FRI,3.09,266,821.94,80.6
A012,A,banana,2021-08-21,SAT,3.09,291,899.19,89
A012,A,banana,2021-08-22,SUN,3.09,292,902.28,88.9
A012,A,banana,2021-08-23,MON,3.09,270,834.3,78.6
A012,A,banana,2021-08-24,TUE,3.09,271,837.39,77.1
A012,A,banana,2021-08-25,WED,3.09,265,818.85,80.1
A012,A,banana,2021-08-26,THU,3.12,272,848.64,73.1
A012,A,banana,2021-08-27,FRI,3.12,267,833.04,77.4
A012,A,banana,2021-08-28,SAT,3.12,291,907.92,78.7
A012,A,banana,2021-08-29,SUN,3.12,289,901.68,78.4
A012,A,banana,2021-08-30,MON,3.12,270,842.4,82.2
A012,A,banana,2021-08-31,TUE,3.12,271,845.52,83
A012,A,banana,2021-09-01,WED,3.12,267,833.04,80.1
A012,A,banana,2021-09-02,THU,3.13,272,851.36,78.9
A012,A,banana,2021-09-03,FRI,3.13,271,848.23,74.4
A012,A,banana,2021-09-04,SAT,3.13,289,904.57,83.1
A012,A,banana,2021-09-05,SUN,3.13,291,910.83,76.9
A012,A,banana,2021-09-06,MON,3.13,271,848.23,75.5
A012,A,banana,2021-09-07,TUE,3.13,269,841.97,66.7
A012,A,banana,2021-09-08,WED,3.13,264,826.32,63
A012,A,banana,2021-09-09,THU,3.16,270,853.2,85.9
A012,A,banana,2021-09-10,FRI,3.16,271,856.36,87.5
A012,A,banana,2021-09-11,SAT,3.16,290,916.4,76.1
A012,A,banana,2021-09-12,SUN,3.16,290,916.4,75.5
A012,A,banana,2021-09-13,MON,3.16,263,831.08,77.8
A012,A,banana,2021-09-14,TUE,3.16,262,827.92,94.1
A012,A,banana,2021-09-15,WED,3.16,266,840.56,84.2
A012,A,banana,2021-09-16,THU,3.17,263,833.71,83.4
A012,A,banana,2021-09-17,FRI,3.17,268,849.56,83.2
A012,A,banana,2021-09-18,SAT,3.17,289,916.13,78.4
A012,A,banana,2021-09-19,SUN,3.17,290,919.3,88.7
A012,A,banana,2021-09-20,MON,3.17,268,849.56,82
A012,A,banana,2021-09-21,TUE,3.17,266,843.22,80
A012,A,banana,2021-09-22,WED,3.17,264,836.88,81.8
A012,A,banana,2021-09-23,THU,3.19,269,858.11,77.4
A012,A,banana,2021-09-24,FRI,3.19,266,848.54,80.8
A012,A,banana,2021-09-25,SAT,3.19,289,921.91,91.7
A012,A,banana,2021-09-26,SUN,3.19,291,928.29,83.3
A012,A,banana,2021-09-27,MON,3.19,265,845.35,76.7
A012,A,banana,2021-09-28,TUE,3.19,272,867.68,85.1
A012,A,banana,2021-09-29,WED,3.19,271,864.49,76.5
A012,A,banana,2021-09-30,THU,3.19,262,835.78,88.3
A012,A,cherry,2021-04-01,THU,6.1,373,2275.3,81.7
A012,A,cherry,2021-04-02,FRI,6.1,376,2293.6,70.6
A012,A,cherry,2021-04-03,SAT,6.1,415,2531.5,72.7
A012,A,cherry,2021-04-04,SUN,6.1,415,2531.5,70
A012,A,cherry,2021-04-05,MON,6.1,377,2299.7,50
A012,A,cherry,2021-04-06,TUE,6.1,375,2287.5,62.1
A012,A,cherry,2021-04-07,WED,6.1,376,2293.6,63.6
A012,A,cherry,2021-04-08,THU,6.11,378,2309.58,67.9
A012,A,cherry,2021-04-09,FRI,6.11,387,2364.57,81.3
A012,A,cherry,2021-04-10,SAT,6.11,412,2517.32,81.7
A012,A,cherry,2021-04-11,SUN,6.11,415,2535.65,75.8
A012,A,cherry,2021-04-12,MON,6.11,385,2352.35,64.1
A012,A,cherry,2021-04-13,TUE,6.11,383,2340.13,54.2
A012,A,cherry,2021-04-14,WED,6.11,385,2352.35,59.8
A012,A,cherry,2021-04-15,THU,6.14,374,2296.36,70.3
A012,A,cherry,2021-04-16,FRI,6.14,377,2314.78,70.8
A012,A,cherry,2021-04-17,SAT,6.14,413,2535.82,57.3
A012,A,cherry,2021-04-18,SUN,6.14,414,2541.96,55.7
A012,A,cherry,2021-04-19,MON,6.14,382,2345.48,66.6
A012,A,cherry,2021-04-20,TUE,6.14,372,2284.08,68.4
A012,A,cherry,2021-04-21,WED,6.14,384,2357.76,73.7
A012,A,cherry,2021-04-22,THU,6.16,380,2340.8,62.8
A012,A,cherry,2021-04-23,FRI,6.16,386,2377.76,60.2
A012,A,cherry,2021-04-24,SAT,6.16,414,2550.24,58.6
A012,A,cherry,2021-04-25,SUN,6.16,410,2525.6,70.3
A012,A,cherry,2021-04-26,MON,6.16,385,2371.6,60.3
A012,A,cherry,2021-04-27,TUE,6.16,378,2328.48,68.9
A012,A,cherry,2021-04-28,WED,6.16,379,2334.64,66.9
A012,A,cherry,2021-04-29,THU,6.18,386,2385.48,68.4
A012,A,cherry,2021-04-30,FRI,6.18,380,2348.4,65.9
A012,A,cherry,2021-05-01,SAT,6.18,415,2564.7,69.4
A012,A,cherry,2021-05-02,SUN,6.18,414,2558.52,63.4
A012,A,cherry,2021-05-03,MON,6.18,378,2336.04,76.6
A012,A,cherry,2021-05-04,TUE,6.18,374,2311.32,72
A012,A,cherry,2021-05-05,WED,6.18,372,2298.96,77
A012,A,cherry,2021-05-06,THU,6.21,378,2347.38,71.7
A012,A,cherry,2021-05-07,FRI,6.21,384,2384.64,61.3
A012,A,cherry,2021-05-08,SAT,6.21,410,2546.1,83.4
A012,A,cherry,2021-05-09,SUN,6.21,415,2577.15,76
A012,A,cherry,2021-05-10,MON,6.21,372,2310.12,73.5
A012,A,cherry,2021-05-11,TUE,6.21,372,2310.12,72.5
A012,A,cherry,2021-05-12,WED,6.21,377,2341.17,70
A012,A,cherry,2021-05-13,THU,6.24,376,2346.24,87.9
A012,A,cherry,2021-05-14,FRI,6.24,374,2333.76,84.6
A012,A,cherry,2021-05-15,SAT,6.24,411,2564.64,90.2
A012,A,cherry,2021-05-16,SUN,6.24,414,2583.36,84
A012,A,cherry,2021-05-17,MON,6.24,384,2396.16,82.9
A012,A,cherry,2021-05-18,TUE,6.24,385,2402.4,78.9
A012,A,cherry,2021-05-19,WED,6.24,379,2364.96,74.8
A012,A,cherry,2021-05-20,THU,6.26,386,2416.36,81.9
A012,A,cherry,2021-05-21,FRI,6.26,382,2391.32,81.8
A012,A,cherry,2021-05-22,SAT,6.26,410,2566.6,83.3
A012,A,cherry,2021-05-23,SUN,6.26,412,2579.12,80.2
A012,A,cherry,2021-05-24,MON,6.26,386,2416.36,84.4
A012,A,cherry,2021-05-25,TUE,6.26,376,2353.76,75.7
A012,A,cherry,2021-05-26,WED,6.26,372,2328.72,79.4
A012,A,cherry,2021-05-27,THU,6.27,383,2401.41,75.3
A012,A,cherry,2021-05-28,FRI,6.27,384,2407.68,74.9
A012,A,cherry,2021-05-29,SAT,6.27,412,2583.24,65.5
A012,A,cherry,2021-05-30,SUN,6.27,416,2608.32,78.2
A012,A,cherry,2021-05-31,MON,6.27,386,2420.22,74.8
A012,A,cherry,2021-06-01,TUE,6.27,385,2413.95,62.7
A012,A,cherry,2021-06-02,WED,6.27,373,2338.71,63.1
A012,A,cherry,2021-06-03,THU,6.28,386,2424.08,74.6
A012,A,cherry,2021-06-04,FRI,6.28,374,2348.72,86.2
A012,A,cherry,2021-06-05,SAT,6.28,411,2581.08,69.4
A012,A,cherry,2021-06-06,SUN,6.28,415,2606.2,76.6
A012,A,cherry,2021-06-07,MON,6.28,381,2392.68,76.9
A012,A,cherry,2021-06-08,TUE,6.28,382,2398.96,68.2
A012,A,cherry,2021-06-09,WED,6.28,380,2386.4,68.3
A012,A,cherry,2021-06-10,THU,6.31,377,2378.87,79.6
A012,A,cherry,2021-06-11,FRI,6.31,386,2435.66,76.8
A012,A,cherry,2021-06-12,SAT,6.31,413,2606.03,69.2
A012,A,cherry,2021-06-13,SUN,6.31,410,2587.1,65.4
A012,A,cherry,2021-06-14,MON,6.31,372,2347.32,66.9
A012,A,cherry,2021-06-15,TUE,6.31,377,2378.87,63.2
A012,A,cherry,2021-06-16,WED,6.31,383,2416.73,69.7
A012,A,cherry,2021-06-17,THU,6.33,371,2348.43,89.3
A012,A,cherry,2021-06-18,FRI,6.33,379,2399.07,95.7
A012,A,cherry,2021-06-19,SAT,6.33,412,2607.96,91.6
A012,A,cherry,2021-06-20,SUN,6.33,410,2595.3,92.9
A012,A,cherry,2021-06-21,MON,6.33,376,2380.08,85.6
A012,A,cherry,2021-06-22,TUE,6.33,372,2354.76,73.7
A012,A,cherry,2021-06-23,WED,6.33,379,2399.07,68.9
A012,A,cherry,2021-06-24,THU,6.33,376,2380.08,85.9
A012,A,cherry,2021-06-25,FRI,6.33,381,2411.73,81.6
A012,A,cherry,2021-06-26,SAT,6.33,410,2595.3,81.8
A012,A,cherry,2021-06-27,SUN,6.33,416,2633.28,89.3
A012,A,cherry,2021-06-28,MON,6.33,386,2443.38,96.9
A012,A,cherry,2021-06-29,TUE,6.33,380,2405.4,86.8
A012,A,cherry,2021-06-30,WED,6.33,383,2424.39,82.1
A012,A,cherry,2021-07-01,THU,6.34,375,2377.5,75.1
A012,A,cherry,2021-07-02,FRI,6.34,384,2434.56,77.7
A012,A,cherry,2021-07-03,SAT,6.34,412,2612.08,83.3
A012,A,cherry,2021-07-04,SUN,6.34,410,2599.4,87
A012,A,cherry,2021-07-05,MON,6.34,380,2409.2,77.6
A012,A,cherry,2021-07-06,TUE,6.34,375,2377.5,83.8
A012,A,cherry,2021-07-07,WED,6.34,384,2434.56,80.4
A012,A,cherry,2021-07-08,THU,6.34,380,2409.2,80.7
A012,A,cherry,2021-07-09,FRI,6.34,375,2377.5,82.4
A012,A,cherry,2021-07-10,SAT,6.34,415,2631.1,82.1
A012,A,cherry,2021-07-11,SUN,6.34,411,2605.74,82.3
A012,A,cherry,2021-07-12,MON,6.34,375,2377.5,84.2
A012,A,cherry,2021-07-13,TUE,6.34,373,2364.82,82
A012,A,cherry,2021-07-14,WED,6.34,377,2390.18,75
A012,A,cherry,2021-07-15,THU,6.36,383,2435.88,79.4
A012,A,cherry,2021-07-16,FRI,6.36,384,2442.24,71.6
A012,A,cherry,2021-07-17,SAT,6.36,414,2633.04,66.3
A012,A,cherry,2021-07-18,SUN,6.36,411,2613.96,66.4
A012,A,cherry,2021-07-19,MON,6.36,377,2397.72,72.2
A012,A,cherry,2021-07-20,TUE,6.36,380,2416.8,73.4
A012,A,cherry,2021-07-21,WED,6.36,386,2454.96,77.3
A012,A,cherry,2021-07-22,THU,6.37,380,2420.6,69.6
A012,A,cherry,2021-07-23,FRI,6.37,375,2388.75,78.7
A012,A,cherry,2021-07-24,SAT,6.37,414,2637.18,82
A012,A,cherry,2021-07-25,SUN,6.37,416,2649.92,89.1
A012,A,cherry,2021-07-26,MON,6.37,381,2426.97,75.5
A012,A,cherry,2021-07-27,TUE,6.37,374,2382.38,80.9
A012,A,cherry,2021-07-28,WED,6.37,376,2395.12,80.7
A012,A,cherry,2021-07-29,THU,6.4,373,2387.2,67.8
A012,A,cherry,2021-07-30,FRI,6.4,374,2393.6,89
A012,A,cherry,2021-07-31,SAT,6.4,413,2643.2,83
A012,A,cherry,2021-08-01,SUN,6.4,416,2662.4,87.9
A012,A,cherry,2021-08-02,MON,6.4,386,2470.4,77.6
A012,A,cherry,2021-08-03,TUE,6.4,377,2412.8,77.1
A012,A,cherry,2021-08-04,WED,6.4,373,2387.2,69.7
A012,A,cherry,2021-08-05,THU,6.39,372,2377.08,83.5
A012,A,cherry,2021-08-06,FRI,6.39,383,2447.37,80.8
A012,A,cherry,2021-08-07,SAT,6.39,417,2664.63,82.6
A012,A,cherry,2021-08-08,SUN,6.39,409,2613.51,80.3
A012,A,cherry,2021-08-09,MON,6.39,377,2409.03,82
A012,A,cherry,2021-08-10,TUE,6.39,382,2440.98,77.3
A012,A,cherry,2021-08-11,WED,6.39,380,2428.2,72.8
A012,A,cherry,2021-08-12,THU,6.38,384,2449.92,81.6
A012,A,cherry,2021-08-13,FRI,6.38,381,2430.78,77.6
A012,A,cherry,2021-08-14,SAT,6.38,411,2622.18,75.3
A012,A,cherry,2021-08-15,SUN,6.38,410,2615.8,77.9
A012,A,cherry,2021-08-16,MON,6.38,385,2456.3,76.8
A012,A,cherry,2021-08-17,TUE,6.38,384,2449.92,81.3
A012,A,cherry,2021-08-18,WED,6.38,382,2437.16,76.1
A012,A,cherry,2021-08-19,THU,6.37,384,2446.08,76.5
A012,A,cherry,2021-08-20,FRI,6.37,380,2420.6,80.6
A012,A,cherry,2021-08-21,SAT,6.37,416,2649.92,89
A012,A,cherry,2021-08-22,SUN,6.37,415,2643.55,88.9
A012,A,cherry,2021-08-23,MON,6.37,374,2382.38,78.6
A012,A,cherry,2021-08-24,TUE,6.37,384,2446.08,77.1
A012,A,cherry,2021-08-25,WED,6.37,375,2388.75,80.1
A012,A,cherry,2021-08-26,THU,6.39,376,2402.64,73.1
A012,A,cherry,2021-08-27,FRI,6.39,375,2396.25,77.4
A012,A,cherry,2021-08-28,SAT,6.39,410,2619.9,78.7
A012,A,cherry,2021-08-29,SUN,6.39,410,2619.9,78.4
A012,A,cherry,2021-08-30,MON,6.39,373,2383.47,82.2
A012,A,cherry,2021-08-31,TUE,6.39,380,2428.2,83
A012,A,cherry,2021-09-01,WED,6.39,374,2389.86,80.1
A012,A,cherry,2021-09-02,THU,6.4,372,2380.8,78.9
A012,A,cherry,2021-09-03,FRI,6.4,379,2425.6,74.4
A012,A,cherry,2021-09-04,SAT,6.4,414,2649.6,83.1
A012,A,cherry,2021-09-05,SUN,6.4,411,2630.4,76.9
A012,A,cherry,2021-09-06,MON,6.4,375,2400,75.5
A012,A,cherry,2021-09-07,TUE,6.4,373,2387.2,66.7
A012,A,cherry,2021-09-08,WED,6.4,373,2387.2,63
A012,A,cherry,2021-09-09,THU,6.41,378,2422.98,85.9
A012,A,cherry,2021-09-10,FRI,6.41,377,2416.57,87.5
A012,A,cherry,2021-09-11,SAT,6.41,411,2634.51,76.1
A012,A,cherry,2021-09-12,SUN,6.41,412,2640.92,75.5
A012,A,cherry,2021-09-13,MON,6.41,374,2397.34,77.8
A012,A,cherry,2021-09-14,TUE,6.41,377,2416.57,94.1
A012,A,cherry,2021-09-15,WED,6.41,372,2384.52,84.2
A012,A,cherry,2021-09-16,THU,6.43,374,2404.82,83.4
A012,A,cherry,2021-09-17,FRI,6.43,384,2469.12,83.2
A012,A,cherry,2021-09-18,SAT,6.43,410,2636.3,78.4
A012,A,cherry,2021-09-19,SUN,6.43,413,2655.59,88.7
A012,A,cherry,2021-09-20,MON,6.43,383,2462.69,82
A012,A,cherry,2021-09-21,TUE,6.43,375,2411.25,80
A012,A,cherry,2021-09-22,WED,6.43,374,2404.82,81.8
A012,A,cherry,2021-09-23,THU,6.45,382,2463.9,77.4
A012,A,cherry,2021-09-24,FRI,6.45,384,2476.8,80.8
A012,A,cherry,2021-09-25,SAT,6.45,416,2683.2,91.7
A012,A,cherry,2021-09-26,SUN,6.45,412,2657.4,83.3
A012,A,cherry,2021-09-27,MON,6.45,378,2438.1,76.7
A012,A,cherry,2021-09-28,TUE,6.45,382,2463.9,85.1
A012,A,cherry,2021-09-29,WED,6.45,384,2476.8,76.5
A012,A,cherry,2021-09-30,THU,6.44,381,2453.64,88.3
A013,A,apple,2021-04-01,THU,1,204,204,81.7
A013,A,apple,2021-04-02,FRI,1,206,206,70.6
A013,A,apple,2021-04-03,SAT,1,224,224,72.7
A013,A,apple,2021-04-04,SUN,1,225,225,70
A013,A,apple,2021-04-05,MON,1,204,204,50
A013,A,apple,2021-04-06,TUE,1,204,204,62.1
A013,A,apple,2021-04-07,WED,1,204,204,63.6
A013,A,apple,2021-04-08,THU,0.99,202,199.98,67.9
A013,A,apple,2021-04-09,FRI,0.99,203,200.97,81.3
A013,A,apple,2021-04-10,SAT,0.99,224,221.76,81.7
A013,A,apple,2021-04-11,SUN,0.99,226,223.74,75.8
A013,A,apple,2021-04-12,MON,0.99,205,202.95,64.1
A013,A,apple,2021-04-13,TUE,0.99,209,206.91,54.2
A013,A,apple,2021-04-14,WED,0.99,204,201.96,59.8
A013,A,apple,2021-04-15,THU,1,208,208,70.3
A013,A,apple,2021-04-16,FRI,1,204,204,70.8
A013,A,apple,2021-04-17,SAT,1,223,223,57.3
A013,A,apple,2021-04-18,SUN,1,226,226,55.7
A013,A,apple,2021-04-19,MON,1,209,209,66.6
A013,A,apple,2021-04-20,TUE,1,202,202,68.4
A013,A,apple,2021-04-21,WED,1,204,204,73.7
A013,A,apple,2021-04-22,THU,1.01,207,209.07,62.8
A013,A,apple,2021-04-23,FRI,1.01,209,211.09,60.2
A013,A,apple,2021-04-24,SAT,1.01,226,228.26,58.6
A013,A,apple,2021-04-25,SUN,1.01,226,228.26,70.3
A013,A,apple,2021-04-26,MON,1.01,203,205.03,60.3
A013,A,apple,2021-04-27,TUE,1.01,205,207.05,68.9
A013,A,apple,2021-04-28,WED,1.01,210,212.1,66.9
A013,A,apple,2021-04-29,THU,1.02,203,207.06,68.4
A013,A,apple,2021-04-30,FRI,1.02,205,209.1,65.9
A013,A,apple,2021-05-01,SAT,1.02,223,227.46,69.4
A013,A,apple,2021-05-02,SUN,1.02,223,227.46,63.4
A013,A,apple,2021-05-03,MON,1.02,209,213.18,76.6
A013,A,apple,2021-05-04,TUE,1.02,204,208.08,72
A013,A,apple,2021-05-05,WED,1.02,209,213.18,77
A013,A,apple,2021-05-06,THU,1.03,205,211.15,71.7
A013,A,apple,2021-05-07,FRI,1.03,210,216.3,61.3
A013,A,apple,2021-05-08,SAT,1.03,224,230.72,83.4
A013,A,apple,2021-05-09,SUN,1.03,223,229.69,76
A013,A,apple,2021-05-10,MON,1.03,207,213.21,73.5
A013,A,apple,2021-05-11,TUE,1.03,204,210.12,72.5
A013,A,apple,2021-05-12,WED,1.03,206,212.18,70
A013,A,apple,2021-05-13,THU,1.03,209,215.27,87.9
A013,A,apple,2021-05-14,FRI,1.03,203,209.09,84.6
A013,A,apple,2021-05-15,SAT,1.03,226,232.78,90.2
A013,A,apple,2021-05-16,SUN,1.03,226,232.78,84
A013,A,apple,2021-05-17,MON,1.03,208,214.24,82.9
A013,A,apple,2021-05-18,TUE,1.03,209,215.27,78.9
A013,A,apple,2021-05-19,WED,1.03,209,215.27,74.8
A013,A,apple,2021-05-20,THU,1.05,205,215.25,81.9
A013,A,apple,2021-05-21,FRI,1.05,205,215.25,81.8
A013,A,apple,2021-05-22,SAT,1.05,224,235.2,83.3
A013,A,apple,2021-05-23,SUN,1.05,225,236.25,80.2
A013,A,apple,2021-05-24,MON,1.05,209,219.45,84.4
A013,A,apple,2021-05-25,TUE,1.05,203,213.15,75.7
A013,A,apple,2021-05-26,WED,1.05,203,213.15,79.4
A013,A,apple,2021-05-27,THU,1.07,203,217.21,75.3
A013,A,apple,2021-05-28,FRI,1.07,205,219.35,74.9
A013,A,apple,2021-05-29,SAT,1.07,224,239.68,65.5
A013,A,apple,2021-05-30,SUN,1.07,225,240.75,78.2
A013,A,apple,2021-05-31,MON,1.07,209,223.63,74.8
A013,A,apple,2021-06-01,TUE,1.07,206,220.42,62.7
A013,A,apple,2021-06-02,WED,1.07,204,218.28,63.1
A013,A,apple,2021-06-03,THU,1.06,203,215.18,74.6
A013,A,apple,2021-06-04,FRI,1.06,206,218.36,86.2
A013,A,apple,2021-06-05,SAT,1.06,225,238.5,69.4
A013,A,apple,2021-06-06,SUN,1.06,224,237.44,76.6
A013,A,apple,2021-06-07,MON,1.06,206,218.36,76.9
A013,A,apple,2021-06-08,TUE,1.06,205,217.3,68.2
A013,A,apple,2021-06-09,WED,1.06,208,220.48,68.3
A013,A,apple,2021-06-10,THU,1.08,208,224.64,79.6
A013,A,apple,2021-06-11,FRI,1.08,204,220.32,76.8
A013,A,apple,2021-06-12,SAT,1.08,225,243,69.2
A013,A,apple,2021-06-13,SUN,1.08,223,240.84,65.4
A013,A,apple,2021-06-14,MON,1.08,208,224.64,66.9
A013,A,apple,2021-06-15,TUE,1.08,209,225.72,63.2
A013,A,apple,2021-06-16,WED,1.08,210,226.8,69.7
A013,A,apple,2021-06-17,THU,1.1,203,223.3,89.3
A013,A,apple,2021-06-18,FRI,1.1,208,228.8,95.7
A013,A,apple,2021-06-19,SAT,1.1,224,246.4,91.6
A013,A,apple,2021-06-20,SUN,1.1,224,246.4,92.9
A013,A,apple,2021-06-21,MON,1.1,208,228.8,85.6
A013,A,apple,2021-06-22,TUE,1.1,204,224.4,73.7
A013,A,apple,2021-06-23,WED,1.1,209,229.9,68.9
A013,A,apple,2021-06-24,THU,1.13,209,236.17,85.9
A013,A,apple,2021-06-25,FRI,1.13,202,228.26,81.6
A013,A,apple,2021-06-26,SAT,1.13,223,251.99,81.8
A013,A,apple,2021-06-27,SUN,1.13,226,255.38,89.3
A013,A,apple,2021-06-28,MON,1.13,209,236.17,96.9
A013,A,apple,2021-06-29,TUE,1.13,209,236.17,86.8
A013,A,apple,2021-06-30,WED,1.13,206,232.78,82.1
A013,A,apple,2021-07-01,THU,1.13,207,233.91,75.1
A013,A,apple,2021-07-02,FRI,1.13,209,236.17,77.7
A013,A,apple,2021-07-03,SAT,1.13,225,254.25,83.3
A013,A,apple,2021-07-04,SUN,1.13,223,251.99,87
A013,A,apple,2021-07-05,MON,1.13,209,236.17,77.6
A013,A,apple,2021-07-06,TUE,1.13,205,231.65,83.8
A013,A,apple,2021-07-07,WED,1.13,207,233.91,80.4
A013,A,apple,2021-07-08,THU,1.14,208,237.12,80.7
A013,A,apple,2021-07-09,FRI,1.14,209,238.26,82.4
A013,A,apple,2021-07-10,SAT,1.14,226,257.64,82.1
A013,A,apple,2021-07-11,SUN,1.14,224,255.36,82.3
A013,A,apple,2021-07-12,MON,1.14,208,237.12,84.2
A013,A,apple,2021-07-13,TUE,1.14,206,234.84,82
A013,A,apple,2021-07-14,WED,1.14,207,235.98,75
A013,A,apple,2021-07-15,THU,1.14,203,231.42,79.4
A013,A,apple,2021-07-16,FRI,1.14,208,237.12,71.6
A013,A,apple,2021-07-17,SAT,1.14,224,255.36,66.3
A013,A,apple,2021-07-18,SUN,1.14,225,256.5,66.4
A013,A,apple,2021-07-19,MON,1.14,207,235.98,72.2
A013,A,apple,2021-07-20,TUE,1.14,209,238.26,73.4
A013,A,apple,2021-07-21,WED,1.14,206,234.84,77.3
A013,A,apple,2021-07-22,THU,1.17,203,237.51,69.6
A013,A,apple,2021-07-23,FRI,1.17,204,238.68,78.7
A013,A,apple,2021-07-24,SAT,1.17,224,262.08,82
A013,A,apple,2021-07-25,SUN,1.17,226,264.42,89.1
A013,A,apple,2021-07-26,MON,1.17,203,237.51,75.5
A013,A,apple,2021-07-27,TUE,1.17,207,242.19,80.9
A013,A,apple,2021-07-28,WED,1.17,208,243.36,80.7
A013,A,apple,2021-07-29,THU,1.18,206,243.08,67.8
A013,A,apple,2021-07-30,FRI,1.18,204,240.72,89
A013,A,apple,2021-07-31,SAT,1.18,226,266.68,83
A013,A,apple,2021-08-01,SUN,1.18,223,263.14,87.9
A013,A,apple,2021-08-02,MON,1.18,207,244.26,77.6
A013,A,apple,2021-08-03,TUE,1.18,205,241.9,77.1
A013,A,apple,2021-08-04,WED,1.18,204,240.72,69.7
A013,A,apple,2021-08-05,THU,1.2,207,248.4,83.5
A013,A,apple,2021-08-06,FRI,1.2,209,250.8,80.8
A013,A,apple,2021-08-07,SAT,1.2,227,272.4,82.6
A013,A,apple,2021-08-08,SUN,1.2,224,268.8,80.3
A013,A,apple,2021-08-09,MON,1.2,203,243.6,82
A013,A,apple,2021-08-10,TUE,1.2,209,250.8,77.3
A013,A,apple,2021-08-11,WED,1.2,204,244.8,72.8
A013,A,apple,2021-08-12,THU,1.21,206,249.26,81.6
A013,A,apple,2021-08-13,FRI,1.21,204,246.84,77.6
A013,A,apple,2021-08-14,SAT,1.21,226,273.46,75.3
A013,A,apple,2021-08-15,SUN,1.21,225,272.25,77.9
A013,A,apple,2021-08-16,MON,1.21,209,252.89,76.8
A013,A,apple,2021-08-17,TUE,1.21,209,252.89,81.3
A013,A,apple,2021-08-18,WED,1.21,205,248.05,76.1
A013,A,apple,2021-08-19,THU,1.22,208,253.76,76.5
A013,A,apple,2021-08-20,FRI,1.22,207,252.54,80.6
A013,A,apple,2021-08-21,SAT,1.22,224,273.28,89
A013,A,apple,2021-08-22,SUN,1.22,223,272.06,88.9
A013,A,apple,2021-08-23,MON,1.22,205,250.1,78.6
A013,A,apple,2021-08-24,TUE,1.22,205,250.1,77.1
A013,A,apple,2021-08-25,WED,1.22,204,248.88,80.1
A013,A,apple,2021-08-26,THU,1.25,207,258.75,73.1
A013,A,apple,2021-08-27,FRI,1.25,209,261.25,77.4
A013,A,apple,2021-08-28,SAT,1.25,223,278.75,78.7
A013,A,apple,2021-08-29,SUN,1.25,223,278.75,78.4
A013,A,apple,2021-08-30,MON,1.25,205,256.25,82.2
A013,A,apple,2021-08-31,TUE,1.25,203,253.75,83
A013,A,apple,2021-09-01,WED,1.25,205,256.25,80.1
A013,A,apple,2021-09-02,THU,1.25,205,256.25,78.9
A013,A,apple,2021-09-03,FRI,1.25,209,261.25,74.4
A013,A,apple,2021-09-04,SAT,1.25,225,281.25,83.1
A013,A,apple,2021-09-05,SUN,1.25,225,281.25,76.9
A013,A,apple,2021-09-06,MON,1.25,203,253.75,75.5
A013,A,apple,2021-09-07,TUE,1.25,204,255,66.7
A013,A,apple,2021-09-08,WED,1.25,203,253.75,63
A013,A,apple,2021-09-09,THU,1.26,206,259.56,85.9
A013,A,apple,2021-09-10,FRI,1.26,209,263.34,87.5
A013,A,apple,2021-09-11,SAT,1.26,223,280.98,76.1
A013,A,apple,2021-09-12,SUN,1.26,225,283.5,75.5
A013,A,apple,2021-09-13,MON,1.26,207,260.82,77.8
A013,A,apple,2021-09-14,TUE,1.26,207,260.82,94.1
A013,A,apple,2021-09-15,WED,1.26,207,260.82,84.2
A013,A,apple,2021-09-16,THU,1.25,210,262.5,83.4
A013,A,apple,2021-09-17,FRI,1.25,205,256.25,83.2
A013,A,apple,2021-09-18,SAT,1.25,224,280,78.4
A013,A,apple,2021-09-19,SUN,1.25,224,280,88.7
A013,A,apple,2021-09-20,MON,1.25,205,256.25,82
A013,A,apple,2021-09-21,TUE,1.25,210,262.5,80
A013,A,apple,2021-09-22,WED,1.25,209,261.25,81.8
A013,A,apple,2021-09-23,THU,1.28,204,261.12,77.4
A013,A,apple,2021-09-24,FRI,1.28,208,266.24,80.8
A013,A,apple,2021-09-25,SAT,1.28,223,285.44,91.7
A013,A,apple,2021-09-26,SUN,1.28,225,288,83.3
A013,A,apple,2021-09-27,MON,1.28,205,262.4,76.7
A013,A,apple,2021-09-28,TUE,1.28,204,261.12,85.1
A013,A,apple,2021-09-29,WED,1.28,208,266.24,76.5
A013,A,apple,2021-09-30,THU,1.29,203,261.87,88.3
A013,A,banana,2021-04-01,THU,2.72,448,1218.56,81.7
A013,A,banana,2021-04-02,FRI,2.72,441,1199.52,70.6
A013,A,banana,2021-04-03,SAT,2.72,490,1332.8,72.7
A013,A,banana,2021-04-04,SUN,2.72,489,1330.08,70
A013,A,banana,2021-04-05,MON,2.72,457,1243.04,50
A013,A,banana,2021-04-06,TUE,2.72,455,1237.6,62.1
A013,A,banana,2021-04-07,WED,2.72,443,1204.96,63.6
A013,A,banana,2021-04-08,THU,2.73,453,1236.69,67.9
A013,A,banana,2021-04-09,FRI,2.73,446,1217.58,81.3
A013,A,banana,2021-04-10,SAT,2.73,489,1334.97,81.7
A013,A,banana,2021-04-11,SUN,2.73,489,1334.97,75.8
A013,A,banana,2021-04-12,MON,2.73,454,1239.42,64.1
A013,A,banana,2021-04-13,TUE,2.73,449,1225.77,54.2
A013,A,banana,2021-04-14,WED,2.73,450,1228.5,59.8
A013,A,banana,2021-04-15,THU,2.76,441,1217.16,70.3
A013,A,banana,2021-04-16,FRI,2.76,446,1230.96,70.8
A013,A,banana,2021-04-17,SAT,2.76,485,1338.6,57.3
A013,A,banana,2021-04-18,SUN,2.76,493,1360.68,55.7
A013,A,banana,2021-04-19,MON,2.76,455,1255.8,66.6
A013,A,banana,2021-04-20,TUE,2.76,452,1247.52,68.4
A013,A,banana,2021-04-21,WED,2.76,445,1228.2,73.7
A013,A,banana,2021-04-22,THU,2.77,450,1246.5,62.8
A013,A,banana,2021-04-23,FRI,2.77,447,1238.19,60.2
A013,A,banana,2021-04-24,SAT,2.77,488,1351.76,58.6
A013,A,banana,2021-04-25,SUN,2.77,490,1357.3,70.3
A013,A,banana,2021-04-26,MON,2.77,455,1260.35,60.3
A013,A,banana,2021-04-27,TUE,2.77,452,1252.04,68.9
A013,A,banana,2021-04-28,WED,2.77,448,1240.96,66.9
A013,A,banana,2021-04-29,THU,2.78,450,1251,68.4
A013,A,banana,2021-04-30,FRI,2.78,440,1223.2,65.9
A013,A,banana,2021-05-01,SAT,2.78,487,1353.86,69.4
A013,A,banana,2021-05-02,SUN,2.78,487,1353.86,63.4
A013,A,banana,2021-05-03,MON,2.78,453,1259.34,76.6
A013,A,banana,2021-05-04,TUE,2.78,442,1228.76,72
A013,A,banana,2021-05-05,WED,2.78,443,1231.54,77
A013,A,banana,2021-05-06,THU,2.8,445,1246,71.7
A013,A,banana,2021-05-07,FRI,2.8,446,1248.8,61.3
A013,A,banana,2021-05-08,SAT,2.8,486,1360.8,83.4
A013,A,banana,2021-05-09,SUN,2.8,485,1358,76
A013,A,banana,2021-05-10,MON,2.8,453,1268.4,73.5
A013,A,banana,2021-05-11,TUE,2.8,444,1243.2,72.5
A013,A,banana,2021-05-12,WED,2.8,446,1248.8,70
A013,A,banana,2021-05-13,THU,2.8,447,1251.6,87.9
A013,A,banana,2021-05-14,FRI,2.8,448,1254.4,84.6
A013,A,banana,2021-05-15,SAT,2.8,489,1369.2,90.2
A013,A,banana,2021-05-16,SUN,2.8,490,1372,84
A013,A,banana,2021-05-17,MON,2.8,445,1246,82.9
A013,A,banana,2021-05-18,TUE,2.8,451,1262.8,78.9
A013,A,banana,2021-05-19,WED,2.8,457,1279.6,74.8
A013,A,banana,2021-05-20,THU,2.8,444,1243.2,81.9
A013,A,banana,2021-05-21,FRI,2.8,454,1271.2,81.8
A013,A,banana,2021-05-22,SAT,2.8,493,1380.4,83.3
A013,A,banana,2021-05-23,SUN,2.8,493,1380.4,80.2
A013,A,banana,2021-05-24,MON,2.8,444,1243.2,84.4
A013,A,banana,2021-05-25,TUE,2.8,442,1237.6,75.7
A013,A,banana,2021-05-26,WED,2.8,457,1279.6,79.4
A013,A,banana,2021-05-27,THU,2.8,442,1237.6,75.3
A013,A,banana,2021-05-28,FRI,2.8,442,1237.6,74.9
A013,A,banana,2021-05-29,SAT,2.8,492,1377.6,65.5
A013,A,banana,2021-05-30,SUN,2.8,485,1358,78.2
A013,A,banana,2021-05-31,MON,2.8,444,1243.2,74.8
A013,A,banana,2021-06-01,TUE,2.8,448,1254.4,62.7
A013,A,banana,2021-06-02,WED,2.8,449,1257.2,63.1
A013,A,banana,2021-06-03,THU,2.82,458,1291.56,74.6
A013,A,banana,2021-06-04,FRI,2.82,449,1266.18,86.2
A013,A,banana,2021-06-05,SAT,2.82,489,1378.98,69.4
A013,A,banana,2021-06-06,SUN,2.82,487,1373.34,76.6
A013,A,banana,2021-06-07,MON,2.82,446,1257.72,76.9
A013,A,banana,2021-06-08,TUE,2.82,446,1257.72,68.2
A013,A,banana,2021-06-09,WED,2.82,447,1260.54,68.3
A013,A,banana,2021-06-10,THU,2.82,454,1280.28,79.6
A013,A,banana,2021-06-11,FRI,2.82,457,1288.74,76.8
A013,A,banana,2021-06-12,SAT,2.82,491,1384.62,69.2
A013,A,banana,2021-06-13,SUN,2.82,490,1381.8,65.4
A013,A,banana,2021-06-14,MON,2.82,443,1249.26,66.9
A013,A,banana,2021-06-15,TUE,2.82,455,1283.1,63.2
A013,A,banana,2021-06-16,WED,2.82,447,1260.54,69.7
A013,A,banana,2021-06-17,THU,2.84,444,1260.96,89.3
A013,A,banana,2021-06-18,FRI,2.84,454,1289.36,95.7
A013,A,banana,2021-06-19,SAT,2.84,485,1377.4,91.6
A013,A,banana,2021-06-20,SUN,2.84,491,1394.44,92.9
A013,A,banana,2021-06-21,MON,2.84,451,1280.84,85.6
A013,A,banana,2021-06-22,TUE,2.84,449,1275.16,73.7
A013,A,banana,2021-06-23,WED,2.84,452,1283.68,68.9
A013,A,banana,2021-06-24,THU,2.85,450,1282.5,85.9
A013,A,banana,2021-06-25,FRI,2.85,448,1276.8,81.6
A013,A,banana,2021-06-26,SAT,2.85,492,1402.2,81.8
A013,A,banana,2021-06-27,SUN,2.85,493,1405.05,89.3
A013,A,banana,2021-06-28,MON,2.85,441,1256.85,96.9
A013,A,banana,2021-06-29,TUE,2.85,445,1268.25,86.8
A013,A,banana,2021-06-30,WED,2.85,449,1279.65,82.1
A013,A,banana,2021-07-01,THU,2.85,453,1291.05,75.1
A013,A,banana,2021-07-02,FRI,2.85,447,1273.95,77.7
A013,A,banana,2021-07-03,SAT,2.85,489,1393.65,83.3
A013,A,banana,2021-07-04,SUN,2.85,493,1405.05,87
A013,A,banana,2021-07-05,MON,2.85,447,1273.95,77.6
A013,A,banana,2021-07-06,TUE,2.85,453,1291.05,83.8
A013,A,banana,2021-07-07,WED,2.85,446,1271.1,80.4
A013,A,banana,2021-07-08,THU,2.86,452,1292.72,80.7
A013,A,banana,2021-07-09,FRI,2.86,446,1275.56,82.4
A013,A,banana,2021-07-10,SAT,2.86,492,1407.12,82.1
A013,A,banana,2021-07-11,SUN,2.86,487,1392.82,82.3
A013,A,banana,2021-07-12,MON,2.86,445,1272.7,84.2
A013,A,banana,2021-07-13,TUE,2.86,449,1284.14,82
A013,A,banana,2021-07-14,WED,2.86,440,1258.4,75
A013,A,banana,2021-07-15,THU,2.88,444,1278.72,79.4
A013,A,banana,2021-07-16,FRI,2.88,452,1301.76,71.6
A013,A,banana,2021-07-17,SAT,2.88,485,1396.8,66.3
A013,A,banana,2021-07-18,SUN,2.88,493,1419.84,66.4
A013,A,banana,2021-07-19,MON,2.88,443,1275.84,72.2
A013,A,banana,2021-07-20,TUE,2.88,443,1275.84,73.4
A013,A,banana,2021-07-21,WED,2.88,450,1296,77.3
A013,A,banana,2021-07-22,THU,2.9,440,1276,69.6
A013,A,banana,2021-07-23,FRI,2.9,452,1310.8,78.7
A013,A,banana,2021-07-24,SAT,2.9,490,1421,82
A013,A,banana,2021-07-25,SUN,2.9,486,1409.4,89.1
A013,A,banana,2021-07-26,MON,2.9,443,1284.7,75.5
A013,A,banana,2021-07-27,TUE,2.9,446,1293.4,80.9
A013,A,banana,2021-07-28,WED,2.9,450,1305,80.7
A013,A,banana,2021-07-29,THU,2.93,448,1312.64,67.8
A013,A,banana,2021-07-30,FRI,2.93,440,1289.2,89
A013,A,banana,2021-07-31,SAT,2.93,485,1421.05,83
A013,A,banana,2021-08-01,SUN,2.93,486,1423.98,87.9
A013,A,banana,2021-08-02,MON,2.93,457,1339.01,77.6
A013,A,banana,2021-08-03,TUE,2.93,455,1333.15,77.1
A013,A,banana,2021-08-04,WED,2.93,455,1333.15,69.7
A013,A,banana,2021-08-05,THU,2.94,446,1311.24,83.5
A013,A,banana,2021-08-06,FRI,2.94,444,1305.36,80.8
A013,A,banana,2021-08-07,SAT,2.94,486,1428.84,82.6
A013,A,banana,2021-08-08,SUN,2.94,491,1443.54,80.3
A013,A,banana,2021-08-09,MON,2.94,443,1302.42,82
A013,A,banana,2021-08-10,TUE,2.94,447,1314.18,77.3
A013,A,banana,2021-08-11,WED,2.94,452,1328.88,72.8
A013,A,banana,2021-08-12,THU,2.97,447,1327.59,81.6
A013,A,banana,2021-08-13,FRI,2.97,456,1354.32,77.6
A013,A,banana,2021-08-14,SAT,2.97,494,1467.18,75.3
A013,A,banana,2021-08-15,SUN,2.97,493,1464.21,77.9
A013,A,banana,2021-08-16,MON,2.97,450,1336.5,76.8
A013,A,banana,2021-08-17,TUE,2.97,449,1333.53,81.3
A013,A,banana,2021-08-18,WED,2.97,452,1342.44,76.1
A013,A,banana,2021-08-19,THU,2.97,443,1315.71,76.5
A013,A,banana,2021-08-20,FRI,2.97,451,1339.47,80.6
A013,A,banana,2021-08-21,SAT,2.97,490,1455.3,89
A013,A,banana,2021-08-22,SUN,2.97,491,1458.27,88.9
A013,A,banana,2021-08-23,MON,2.97,453,1345.41,78.6
A013,A,banana,2021-08-24,TUE,2.97,454,1348.38,77.1
A013,A,banana,2021-08-25,WED,2.97,455,1351.35,80.1
A013,A,banana,2021-08-26,THU,2.99,444,1327.56,73.1
A013,A,banana,2021-08-27,FRI,2.99,455,1360.45,77.4
A013,A,banana,2021-08-28,SAT,2.99,489,1462.11,78.7
A013,A,banana,2021-08-29,SUN,2.99,494,1477.06,78.4
A013,A,banana,2021-08-30,MON,2.99,454,1357.46,82.2
A013,A,banana,2021-08-31,TUE,2.99,448,1339.52,83
A013,A,banana,2021-09-01,WED,2.99,445,1330.55,80.1
A013,A,banana,2021-09-02,THU,2.98,441,1314.18,78.9
A013,A,banana,2021-09-03,FRI,2.98,445,1326.1,74.4
A013,A,banana,2021-09-04,SAT,2.98,491,1463.18,83.1
A013,A,banana,2021-09-05,SUN,2.98,487,1451.26,76.9
A013,A,banana,2021-09-06,MON,2.98,450,1341,75.5
A013,A,banana,2021-09-07,TUE,2.98,452,1346.96,66.7
A013,A,banana,2021-09-08,WED,2.98,443,1320.14,63
A013,A,banana,2021-09-09,THU,2.98,452,1346.96,85.9
A013,A,banana,2021-09-10,FRI,2.98,457,1361.86,87.5
A013,A,banana,2021-09-11,SAT,2.98,488,1454.24,76.1
A013,A,banana,2021-09-12,SUN,2.98,489,1457.22,75.5
A013,A,banana,2021-09-13,MON,2.98,452,1346.96,77.8
A013,A,banana,2021-09-14,TUE,2.98,441,1314.18,94.1
A013,A,banana,2021-09-15,WED,2.98,457,1361.86,84.2
A013,A,banana,2021-09-16,THU,2.98,443,1320.14,83.4
A013,A,banana,2021-09-17,FRI,2.98,449,1338.02,83.2
A013,A,banana,2021-09-18,SAT,2.98,493,1469.14,78.4
A013,A,banana,2021-09-19,SUN,2.98,488,1454.24,88.7
A013,A,banana,2021-09-20,MON,2.98,443,1320.14,82
A013,A,banana,2021-09-21,TUE,2.98,452,1346.96,80
A013,A,banana,2021-09-22,WED,2.98,448,1335.04,81.8
A013,A,banana,2021-09-23,THU,3,441,1323,77.4
A013,A,banana,2021-09-24,FRI,3,455,1365,80.8
A013,A,banana,2021-09-25,SAT,3,491,1473,91.7
A013,A,banana,2021-09-26,SUN,3,491,1473,83.3
A013,A,banana,2021-09-27,MON,3,448,1344,76.7
A013,A,banana,2021-09-28,TUE,3,446,1338,85.1
A013,A,banana,2021-09-29,WED,3,450,1350,76.5
A013,A,banana,2021-09-30,THU,3.01,445,1339.45,88.3
A013,A,cherry,2021-04-01,THU,3.79,418,1584.22,81.7
A013,A,cherry,2021-04-02,FRI,3.79,420,1591.8,70.6
A013,A,cherry,2021-04-03,SAT,3.79,455,1724.45,72.7
A013,A,cherry,2021-04-04,SUN,3.79,455,1724.45,70
A013,A,cherry,2021-04-05,MON,3.79,416,1576.64,50
A013,A,cherry,2021-04-06,TUE,3.79,423,1603.17,62.1
A013,A,cherry,2021-04-07,WED,3.79,416,1576.64,63.6
A013,A,cherry,2021-04-08,THU,3.81,420,1600.2,67.9
A013,A,cherry,2021-04-09,FRI,3.81,427,1626.87,81.3
A013,A,cherry,2021-04-10,SAT,3.81,459,1748.79,81.7
A013,A,cherry,2021-04-11,SUN,3.81,454,1729.74,75.8
A013,A,cherry,2021-04-12,MON,3.81,416,1584.96,64.1
A013,A,cherry,2021-04-13,TUE,3.81,415,1581.15,54.2
A013,A,cherry,2021-04-14,WED,3.81,419,1596.39,59.8
A013,A,cherry,2021-04-15,THU,3.84,420,1612.8,70.3
A013,A,cherry,2021-04-16,FRI,3.84,411,1578.24,70.8
A013,A,cherry,2021-04-17,SAT,3.84,455,1747.2,57.3
A013,A,cherry,2021-04-18,SUN,3.84,454,1743.36,55.7
A013,A,cherry,2021-04-19,MON,3.84,425,1632,66.6
A013,A,cherry,2021-04-20,TUE,3.84,416,1597.44,68.4
A013,A,cherry,2021-04-21,WED,3.84,418,1605.12,73.7
A013,A,cherry,2021-04-22,THU,3.85,426,1640.1,62.8
A013,A,cherry,2021-04-23,FRI,3.85,420,1617,60.2
A013,A,cherry,2021-04-24,SAT,3.85,459,1767.15,58.6
A013,A,cherry,2021-04-25,SUN,3.85,460,1771,70.3
A013,A,cherry,2021-04-26,MON,3.85,426,1640.1,60.3
A013,A,cherry,2021-04-27,TUE,3.85,420,1617,68.9
A013,A,cherry,2021-04-28,WED,3.85,413,1590.05,66.9
A013,A,cherry,2021-04-29,THU,3.88,413,1602.44,68.4
A013,A,cherry,2021-04-30,FRI,3.88,418,1621.84,65.9
A013,A,cherry,2021-05-01,SAT,3.88,453,1757.64,69.4
A013,A,cherry,2021-05-02,SUN,3.88,459,1780.92,63.4
A013,A,cherry,2021-05-03,MON,3.88,414,1606.32,76.6
A013,A,cherry,2021-05-04,TUE,3.88,420,1629.6,72
A013,A,cherry,2021-05-05,WED,3.88,425,1649,77
A013,A,cherry,2021-05-06,THU,3.88,418,1621.84,71.7
A013,A,cherry,2021-05-07,FRI,3.88,419,1625.72,61.3
A013,A,cherry,2021-05-08,SAT,3.88,453,1757.64,83.4
A013,A,cherry,2021-05-09,SUN,3.88,454,1761.52,76
A013,A,cherry,2021-05-10,MON,3.88,420,1629.6,73.5
A013,A,cherry,2021-05-11,TUE,3.88,417,1617.96,72.5
A013,A,cherry,2021-05-12,WED,3.88,423,1641.24,70
A013,A,cherry,2021-05-13,THU,3.91,425,1661.75,87.9
A013,A,cherry,2021-05-14,FRI,3.91,417,1630.47,84.6
A013,A,cherry,2021-05-15,SAT,3.91,456,1782.96,90.2
A013,A,cherry,2021-05-16,SUN,3.91,455,1779.05,84
A013,A,cherry,2021-05-17,MON,3.91,426,1665.66,82.9
A013,A,cherry,2021-05-18,TUE,3.91,420,1642.2,78.9
A013,A,cherry,2021-05-19,WED,3.91,414,1618.74,74.8
A013,A,cherry,2021-05-20,THU,3.9,427,1665.3,81.9
A013,A,cherry,2021-05-21,FRI,3.9,427,1665.3,81.8
A013,A,cherry,2021-05-22,SAT,3.9,459,1790.1,83.3
A013,A,cherry,2021-05-23,SUN,3.9,453,1766.7,80.2
A013,A,cherry,2021-05-24,MON,3.9,413,1610.7,84.4
A013,A,cherry,2021-05-25,TUE,3.9,426,1661.4,75.7
A013,A,cherry,2021-05-26,WED,3.9,412,1606.8,79.4
A013,A,cherry,2021-05-27,THU,3.92,423,1658.16,75.3
A013,A,cherry,2021-05-28,FRI,3.92,424,1662.08,74.9
A013,A,cherry,2021-05-29,SAT,3.92,454,1779.68,65.5
A013,A,cherry,2021-05-30,SUN,3.92,459,1799.28,78.2
A013,A,cherry,2021-05-31,MON,3.92,414,1622.88,74.8
A013,A,cherry,2021-06-01,TUE,3.92,424,1662.08,62.7
A013,A,cherry,2021-06-02,WED,3.92,414,1622.88,63.1
A013,A,cherry,2021-06-03,THU,3.93,423,1662.39,74.6
A013,A,cherry,2021-06-04,FRI,3.93,420,1650.6,86.2
A013,A,cherry,2021-06-05,SAT,3.93,454,1784.22,69.4
A013,A,cherry,2021-06-06,SUN,3.93,458,1799.94,76.6
A013,A,cherry,2021-06-07,MON,3.93,415,1630.95,76.9
A013,A,cherry,2021-06-08,TUE,3.93,412,1619.16,68.2
A013,A,cherry,2021-06-09,WED,3.93,417,1638.81,68.3
A013,A,cherry,2021-06-10,THU,3.93,420,1650.6,79.6
A013,A,cherry,2021-06-11,FRI,3.93,414,1627.02,76.8
A013,A,cherry,2021-06-12,SAT,3.93,458,1799.94,69.2
A013,A,cherry,2021-06-13,SUN,3.93,460,1807.8,65.4
A013,A,cherry,2021-06-14,MON,3.93,418,1642.74,66.9
A013,A,cherry,2021-06-15,TUE,3.93,420,1650.6,63.2
A013,A,cherry,2021-06-16,WED,3.93,418,1642.74,69.7
A013,A,cherry,2021-06-17,THU,3.95,420,1659,89.3
A013,A,cherry,2021-06-18,FRI,3.95,424,1674.8,95.7
A013,A,cherry,2021-06-19,SAT,3.95,461,1820.95,91.6
A013,A,cherry,2021-06-20,SUN,3.95,453,1789.35,92.9
A013,A,cherry,2021-06-21,MON,3.95,421,1662.95,85.6
A013,A,cherry,2021-06-22,TUE,3.95,413,1631.35,73.7
A013,A,cherry,2021-06-23,WED,3.95,425,1678.75,68.9
A013,A,cherry,2021-06-24,THU,3.95,422,1666.9,85.9
A013,A,cherry,2021-06-25,FRI,3.95,416,1643.2,81.6
A013,A,cherry,2021-06-26,SAT,3.95,460,1817,81.8
A013,A,cherry,2021-06-27,SUN,3.95,454,1793.3,89.3
A013,A,cherry,2021-06-28,MON,3.95,425,1678.75,96.9
A013,A,cherry,2021-06-29,TUE,3.95,412,1627.4,86.8
A013,A,cherry,2021-06-30,WED,3.95,418,1651.1,82.1
A013,A,cherry,2021-07-01,THU,3.94,427,1682.38,75.1
A013,A,cherry,2021-07-02,FRI,3.94,416,1639.04,77.7
A013,A,cherry,2021-07-03,SAT,3.94,458,1804.52,83.3
A013,A,cherry,2021-07-04,SUN,3.94,456,1796.64,87
A013,A,cherry,2021-07-05,MON,3.94,416,1639.04,77.6
A013,A,cherry,2021-07-06,TUE,3.94,422,1662.68,83.8
A013,A,cherry,2021-07-07,WED,3.94,425,1674.5,80.4
A013,A,cherry,2021-07-08,THU,3.97,421,1671.37,80.7
A013,A,cherry,2021-07-09,FRI,3.97,415,1647.55,82.4
A013,A,cherry,2021-07-10,SAT,3.97,453,1798.41,82.1
A013,A,cherry,2021-07-11,SUN,3.97,459,1822.23,82.3
A013,A,cherry,2021-07-12,MON,3.97,414,1643.58,84.2
A013,A,cherry,2021-07-13,TUE,3.97,416,1651.52,82
A013,A,cherry,2021-07-14,WED,3.97,419,1663.43,75
A013,A,cherry,2021-07-15,THU,3.97,426,1691.22,79.4
A013,A,cherry,2021-07-16,FRI,3.97,411,1631.67,71.6
A013,A,cherry,2021-07-17,SAT,3.97,457,1814.29,66.3
A013,A,cherry,2021-07-18,SUN,3.97,458,1818.26,66.4
A013,A,cherry,2021-07-19,MON,3.97,418,1659.46,72.2
A013,A,cherry,2021-07-20,TUE,3.97,422,1675.34,73.4
A013,A,cherry,2021-07-21,WED,3.97,422,1675.34,77.3
A013,A,cherry,2021-07-22,THU,4,412,1648,69.6
A013,A,cherry,2021-07-23,FRI,4,413,1652,78.7
A013,A,cherry,2021-07-24,SAT,4,458,1832,82
A013,A,cherry,2021-07-25,SUN,4,456,1824,89.1
A013,A,cherry,2021-07-26,MON,4,416,1664,75.5
A013,A,cherry,2021-07-27,TUE,4,424,1696,80.9
A013,A,cherry,2021-07-28,WED,4,426,1704,80.7
A013,A,cherry,2021-07-29,THU,4.02,418,1680.36,67.8
A013,A,cherry,2021-07-30,FRI,4.02,426,1712.52,89
A013,A,cherry,2021-07-31,SAT,4.02,456,1833.12,83
A013,A,cherry,2021-08-01,SUN,4.02,457,1837.14,87.9
A013,A,cherry,2021-08-02,MON,4.02,418,1680.36,77.6
A013,A,cherry,2021-08-03,TUE,4.02,417,1676.34,77.1
A013,A,cherry,2021-08-04,WED,4.02,417,1676.34,69.7
A013,A,cherry,2021-08-05,THU,4.01,417,1672.17,83.5
A013,A,cherry,2021-08-06,FRI,4.01,426,1708.26,80.8
A013,A,cherry,2021-08-07,SAT,4.01,460,1844.6,82.6
A013,A,cherry,2021-08-08,SUN,4.01,460,1844.6,80.3
A013,A,cherry,2021-08-09,MON,4.01,421,1688.21,82
A013,A,cherry,2021-08-10,TUE,4.01,417,1672.17,77.3
A013,A,cherry,2021-08-11,WED,4.01,414,1660.14,72.8
A013,A,cherry,2021-08-12,THU,4.02,417,1676.34,81.6
A013,A,cherry,2021-08-13,FRI,4.02,425,1708.5,77.6
A013,A,cherry,2021-08-14,SAT,4.02,453,1821.06,75.3
A013,A,cherry,2021-08-15,SUN,4.02,458,1841.16,77.9
A013,A,cherry,2021-08-16,MON,4.02,412,1656.24,76.8
A013,A,cherry,2021-08-17,TUE,4.02,412,1656.24,81.3
A013,A,cherry,2021-08-18,WED,4.02,415,1668.3,76.1
A013,A,cherry,2021-08-19,THU,4.02,418,1680.36,76.5
A013,A,cherry,2021-08-20,FRI,4.02,426,1712.52,80.6
A013,A,cherry,2021-08-21,SAT,4.02,459,1845.18,89
A013,A,cherry,2021-08-22,SUN,4.02,457,1837.14,88.9
A013,A,cherry,2021-08-23,MON,4.02,414,1664.28,78.6
A013,A,cherry,2021-08-24,TUE,4.02,421,1692.42,77.1
A013,A,cherry,2021-08-25,WED,4.02,426,1712.52,80.1
A013,A,cherry,2021-08-26,THU,4.02,412,1656.24,73.1
A013,A,cherry,2021-08-27,FRI,4.02,427,1716.54,77.4
A013,A,cherry,2021-08-28,SAT,4.02,458,1841.16,78.7
A013,A,cherry,2021-08-29,SUN,4.02,458,1841.16,78.4
A013,A,cherry,2021-08-30,MON,4.02,416,1672.32,82.2
A013,A,cherry,2021-08-31,TUE,4.02,422,1696.44,83
A013,A,cherry,2021-09-01,WED,4.02,418,1680.36,80.1
A013,A,cherry,2021-09-02,THU,4.05,425,1721.25,78.9
A013,A,cherry,2021-09-03,FRI,4.05,419,1696.95,74.4
A013,A,cherry,2021-09-04,SAT,4.05,453,1834.65,83.1
A013,A,cherry,2021-09-05,SUN,4.05,457,1850.85,76.9
A013,A,cherry,2021-09-06,MON,4.05,413,1672.65,75.5
A013,A,cherry,2021-09-07,TUE,4.05,416,1684.8,66.7
A013,A,cherry,2021-09-08,WED,4.05,417,1688.85,63
A013,A,cherry,2021-09-09,THU,4.07,422,1717.54,85.9
A013,A,cherry,2021-09-10,FRI,4.07,425,1729.75,87.5
A013,A,cherry,2021-09-11,SAT,4.07,460,1872.2,76.1
A013,A,cherry,2021-09-12,SUN,4.07,458,1864.06,75.5
A013,A,cherry,2021-09-13,MON,4.07,411,1672.77,77.8
A013,A,cherry,2021-09-14,TUE,4.07,413,1680.91,94.1
A013,A,cherry,2021-09-15,WED,4.07,426,1733.82,84.2
A013,A,cherry,2021-09-16,THU,4.07,412,1676.84,83.4
A013,A,cherry,2021-09-17,FRI,4.07,414,1684.98,83.2
A013,A,cherry,2021-09-18,SAT,4.07,453,1843.71,78.4
A013,A,cherry,2021-09-19,SUN,4.07,456,1855.92,88.7
A013,A,cherry,2021-09-20,MON,4.07,416,1693.12,82
A013,A,cherry,2021-09-21,TUE,4.07,415,1689.05,80
A013,A,cherry,2021-09-22,WED,4.07,417,1697.19,81.8
A013,A,cherry,2021-09-23,THU,4.08,418,1705.44,77.4
A013,A,cherry,2021-09-24,FRI,4.08,426,1738.08,80.8
A013,A,cherry,2021-09-25,SAT,4.08,454,1852.32,91.7
A013,A,cherry,2021-09-26,SUN,4.08,458,1868.64,83.3
A013,A,cherry,2021-09-27,MON,4.08,426,1738.08,76.7
A013,A,cherry,2021-09-28,TUE,4.08,412,1680.96,85.1
A013,A,cherry,2021-09-29,WED,4.08,416,1697.28,76.5
A013,A,cherry,2021-09-30,THU,4.1,426,1746.6,88.3
A014,A,apple,2021-04-01,THU,1.17,235,274.95,81.7
A014,A,apple,2021-04-02,FRI,1.17,236,276.12,70.6
A014,A,apple,2021-04-03,SAT,1.17,257,300.69,72.7
A014,A,apple,2021-04-04,SUN,1.17,257,300.69,70
A014,A,apple,2021-04-05,MON,1.17,233,272.61,50
A014,A,apple,2021-04-06,TUE,1.17,233,272.61,62.1
A014,A,apple,2021-04-07,WED,1.17,235,274.95,63.6
A014,A,apple,2021-04-08,THU,1.18,235,277.3,67.9
A014,A,apple,2021-04-09,FRI,1.18,233,274.94,81.3
A014,A,apple,2021-04-10,SAT,1.18,258,304.44,81.7
A014,A,apple,2021-04-11,SUN,1.18,256,302.08,75.8
A014,A,apple,2021-04-12,MON,1.18,233,274.94,64.1
A014,A,apple,2021-04-13,TUE,1.18,234,276.12,54.2
A014,A,apple,2021-04-14,WED,1.18,235,277.3,59.8
A014,A,apple,2021-04-15,THU,1.2,234,280.8,70.3
A014,A,apple,2021-04-16,FRI,1.2,232,278.4,70.8
A014,A,apple,2021-04-17,SAT,1.2,256,307.2,57.3
A014,A,apple,2021-04-18,SUN,1.2,258,309.6,55.7
A014,A,apple,2021-04-19,MON,1.2,237,284.4,66.6
A014,A,apple,2021-04-20,TUE,1.2,234,280.8,68.4
A014,A,apple,2021-04-21,WED,1.2,235,282,73.7
A014,A,apple,2021-04-22,THU,1.19,232,276.08,62.8
A014,A,apple,2021-04-23,FRI,1.19,235,279.65,60.2
A014,A,apple,2021-04-24,SAT,1.19,254,302.26,58.6
A014,A,apple,2021-04-25,SUN,1.19,256,304.64,70.3
A014,A,apple,2021-04-26,MON,1.19,237,282.03,60.3
A014,A,apple,2021-04-27,TUE,1.19,236,280.84,68.9
A014,A,apple,2021-04-28,WED,1.19,235,279.65,66.9
A014,A,apple,2021-04-29,THU,1.2,239,286.8,68.4
A014,A,apple,2021-04-30,FRI,1.2,239,286.8,65.9
A014,A,apple,2021-05-01,SAT,1.2,255,306,69.4
A014,A,apple,2021-05-02,SUN,1.2,255,306,63.4
A014,A,apple,2021-05-03,MON,1.2,239,286.8,76.6
A014,A,apple,2021-05-04,TUE,1.2,236,283.2,72
A014,A,apple,2021-05-05,WED,1.2,235,282,77
A014,A,apple,2021-05-06,THU,1.23,237,291.51,71.7
A014,A,apple,2021-05-07,FRI,1.23,232,285.36,61.3
A014,A,apple,2021-05-08,SAT,1.23,258,317.34,83.4
A014,A,apple,2021-05-09,SUN,1.23,254,312.42,76
A014,A,apple,2021-05-10,MON,1.23,239,293.97,73.5
A014,A,apple,2021-05-11,TUE,1.23,234,287.82,72.5
A014,A,apple,2021-05-12,WED,1.23,234,287.82,70
A014,A,apple,2021-05-13,THU,1.25,234,292.5,87.9
A014,A,apple,2021-05-14,FRI,1.25,239,298.75,84.6
A014,A,apple,2021-05-15,SAT,1.25,258,322.5,90.2
A014,A,apple,2021-05-16,SUN,1.25,258,322.5,84
A014,A,apple,2021-05-17,MON,1.25,235,293.75,82.9
A014,A,apple,2021-05-18,TUE,1.25,239,298.75,78.9
A014,A,apple,2021-05-19,WED,1.25,237,296.25,74.8
A014,A,apple,2021-05-20,THU,1.26,234,294.84,81.9
A014,A,apple,2021-05-21,FRI,1.26,231,291.06,81.8
A014,A,apple,2021-05-22,SAT,1.26,255,321.3,83.3
A014,A,apple,2021-05-23,SUN,1.26,254,320.04,80.2
A014,A,apple,2021-05-24,MON,1.26,232,292.32,84.4
A014,A,apple,2021-05-25,TUE,1.26,237,298.62,75.7
A014,A,apple,2021-05-26,WED,1.26,234,294.84,79.4
A014,A,apple,2021-05-27,THU,1.28,232,296.96,75.3
A014,A,apple,2021-05-28,FRI,1.28,237,303.36,74.9
A014,A,apple,2021-05-29,SAT,1.28,257,328.96,65.5
A014,A,apple,2021-05-30,SUN,1.28,257,328.96,78.2
A014,A,apple,2021-05-31,MON,1.28,235,300.8,74.8
A014,A,apple,2021-06-01,TUE,1.28,234,299.52,62.7
A014,A,apple,2021-06-02,WED,1.28,238,304.64,63.1
A014,A,apple,2021-06-03,THU,1.3,238,309.4,74.6
A014,A,apple,2021-06-04,FRI,1.3,235,305.5,86.2
A014,A,apple,2021-06-05,SAT,1.3,258,335.4,69.4
A014,A,apple,2021-06-06,SUN,1.3,254,330.2,76.6
A014,A,apple,2021-06-07,MON,1.3,238,309.4,76.9
A014,A,apple,2021-06-08,TUE,1.3,238,309.4,68.2
A014,A,apple,2021-06-09,WED,1.3,237,308.1,68.3
A014,A,apple,2021-06-10,THU,1.29,231,297.99,79.6
A014,A,apple,2021-06-11,FRI,1.29,239,308.31,76.8
A014,A,apple,2021-06-12,SAT,1.29,257,331.53,69.2
A014,A,apple,2021-06-13,SUN,1.29,256,330.24,65.4
A014,A,apple,2021-06-14,MON,1.29,239,308.31,66.9
A014,A,apple,2021-06-15,TUE,1.29,234,301.86,63.2
A014,A,apple,2021-06-16,WED,1.29,234,301.86,69.7
A014,A,apple,2021-06-17,THU,1.31,236,309.16,89.3
A014,A,apple,2021-06-18,FRI,1.31,235,307.85,95.7
A014,A,apple,2021-06-19,SAT,1.31,255,334.05,91.6
A014,A,apple,2021-06-20,SUN,1.31,256,335.36,92.9
A014,A,apple,2021-06-21,MON,1.31,238,311.78,85.6
A014,A,apple,2021-06-22,TUE,1.31,234,306.54,73.7
A014,A,apple,2021-06-23,WED,1.31,237,310.47,68.9
A014,A,apple,2021-06-24,THU,1.33,238,316.54,85.9
A014,A,apple,2021-06-25,FRI,1.33,237,315.21,81.6
A014,A,apple,2021-06-26,SAT,1.33,257,341.81,81.8
A014,A,apple,2021-06-27,SUN,1.33,256,340.48,89.3
A014,A,apple,2021-06-28,MON,1.33,236,313.88,96.9
A014,A,apple,2021-06-29,TUE,1.33,232,308.56,86.8
A014,A,apple,2021-06-30,WED,1.33,232,308.56,82.1
A014,A,apple,2021-07-01,THU,1.33,234,311.22,75.1
A014,A,apple,2021-07-02,FRI,1.33,231,307.23,77.7
A014,A,apple,2021-07-03,SAT,1.33,255,339.15,83.3
A014,A,apple,2021-07-04,SUN,1.33,254,337.82,87
A014,A,apple,2021-07-05,MON,1.33,234,311.22,77.6
A014,A,apple,2021-07-06,TUE,1.33,235,312.55,83.8
A014,A,apple,2021-07-07,WED,1.33,232,308.56,80.4
A014,A,apple,2021-07-08,THU,1.36,235,319.6,80.7
A014,A,apple,2021-07-09,FRI,1.36,237,322.32,82.4
A014,A,apple,2021-07-10,SAT,1.36,258,350.88,82.1
A014,A,apple,2021-07-11,SUN,1.36,254,345.44,82.3
A014,A,apple,2021-07-12,MON,1.36,238,323.68,84.2
A014,A,apple,2021-07-13,TUE,1.36,234,318.24,82
A014,A,apple,2021-07-14,WED,1.36,239,325.04,75
A014,A,apple,2021-07-15,THU,1.36,236,320.96,79.4
A014,A,apple,2021-07-16,FRI,1.36,231,314.16,71.6
A014,A,apple,2021-07-17,SAT,1.36,255,346.8,66.3
A014,A,apple,2021-07-18,SUN,1.36,255,346.8,66.4
A014,A,apple,2021-07-19,MON,1.36,231,314.16,72.2
A014,A,apple,2021-07-20,TUE,1.36,234,318.24,73.4
A014,A,apple,2021-07-21,WED,1.36,233,316.88,77.3
A014,A,apple,2021-07-22,THU,1.36,234,318.24,69.6
A014,A,apple,2021-07-23,FRI,1.36,237,322.32,78.7
A014,A,apple,2021-07-24,SAT,1.36,258,350.88,82
A014,A,apple,2021-07-25,SUN,1.36,255,346.8,89.1
A014,A,apple,2021-07-26,MON,1.36,239,325.04,75.5
A014,A,apple,2021-07-27,TUE,1.36,237,322.32,80.9
A014,A,apple,2021-07-28,WED,1.36,235,319.6,80.7
A014,A,apple,2021-07-29,THU,1.38,235,324.3,67.8
A014,A,apple,2021-07-30,FRI,1.38,235,324.3,89
A014,A,apple,2021-07-31,SAT,1.38,257,354.66,83
A014,A,apple,2021-08-01,SUN,1.38,255,351.9,87.9
A014,A,apple,2021-08-02,MON,1.38,237,327.06,77.6
A014,A,apple,2021-08-03,TUE,1.38,233,321.54,77.1
A014,A,apple,2021-08-04,WED,1.38,234,322.92,69.7
A014,A,apple,2021-08-05,THU,1.4,239,334.6,83.5
A014,A,apple,2021-08-06,FRI,1.4,234,327.6,80.8
A014,A,apple,2021-08-07,SAT,1.4,257,359.8,82.6
A014,A,apple,2021-08-08,SUN,1.4,254,355.6,80.3
A014,A,apple,2021-08-09,MON,1.4,235,329,82
A014,A,apple,2021-08-10,TUE,1.4,233,326.2,77.3
A014,A,apple,2021-08-11,WED,1.4,233,326.2,72.8
A014,A,apple,2021-08-12,THU,1.42,236,335.12,81.6
A014,A,apple,2021-08-13,FRI,1.42,233,330.86,77.6
A014,A,apple,2021-08-14,SAT,1.42,257,364.94,75.3
A014,A,apple,2021-08-15,SUN,1.42,255,362.1,77.9
A014,A,apple,2021-08-16,MON,1.42,239,339.38,76.8
A014,A,apple,2021-08-17,TUE,1.42,236,335.12,81.3
A014,A,apple,2021-08-18,WED,1.42,233,330.86,76.1
A014,A,apple,2021-08-19,THU,1.42,231,328.02,76.5
A014,A,apple,2021-08-20,FRI,1.42,234,332.28,80.6
A014,A,apple,2021-08-21,SAT,1.42,258,366.36,89
A014,A,apple,2021-08-22,SUN,1.42,254,360.68,88.9
A014,A,apple,2021-08-23,MON,1.42,239,339.38,78.6
A014,A,apple,2021-08-24,TUE,1.42,236,335.12,77.1
A014,A,apple,2021-08-25,WED,1.42,234,332.28,80.1
A014,A,apple,2021-08-26,THU,1.42,237,336.54,73.1
A014,A,apple,2021-08-27,FRI,1.42,231,328.02,77.4
A014,A,apple,2021-08-28,SAT,1.42,258,366.36,78.7
A014,A,apple,2021-08-29,SUN,1.42,258,366.36,78.4
A014,A,apple,2021-08-30,MON,1.42,237,336.54,82.2
A014,A,apple,2021-08-31,TUE,1.42,231,328.02,83
A014,A,apple,2021-09-01,WED,1.42,233,330.86,80.1
A014,A,apple,2021-09-02,THU,1.43,236,337.48,78.9
A014,A,apple,2021-09-03,FRI,1.43,231,330.33,74.4
A014,A,apple,2021-09-04,SAT,1.43,254,363.22,83.1
A014,A,apple,2021-09-05,SUN,1.43,255,364.65,76.9
A014,A,apple,2021-09-06,MON,1.43,233,333.19,75.5
A014,A,apple,2021-09-07,TUE,1.43,232,331.76,66.7
A014,A,apple,2021-09-08,WED,1.43,234,334.62,63
A014,A,apple,2021-09-09,THU,1.42,237,336.54,85.9
A014,A,apple,2021-09-10,FRI,1.42,235,333.7,87.5
A014,A,apple,2021-09-11,SAT,1.42,258,366.36,76.1
A014,A,apple,2021-09-12,SUN,1.42,258,366.36,75.5
A014,A,apple,2021-09-13,MON,1.42,231,328.02,77.8
A014,A,apple,2021-09-14,TUE,1.42,237,336.54,94.1
A014,A,apple,2021-09-15,WED,1.42,235,333.7,84.2
A014,A,apple,2021-09-16,THU,1.42,235,333.7,83.4
A014,A,apple,2021-09-17,FRI,1.42,236,335.12,83.2
A014,A,apple,2021-09-18,SAT,1.42,257,364.94,78.4
A014,A,apple,2021-09-19,SUN,1.42,254,360.68,88.7
A014,A,apple,2021-09-20,MON,1.42,235,333.7,82
A014,A,apple,2021-09-21,TUE,1.42,232,329.44,80
A014,A,apple,2021-09-22,WED,1.42,233,330.86,81.8
A014,A,apple,2021-09-23,THU,1.44,234,336.96,77.4
A014,A,apple,2021-09-24,FRI,1.44,239,344.16,80.8
A014,A,apple,2021-09-25,SAT,1.44,256,368.64,91.7
A014,A,apple,2021-09-26,SUN,1.44,258,371.52,83.3
A014,A,apple,2021-09-27,MON,1.44,235,338.4,76.7
A014,A,apple,2021-09-28,TUE,1.44,233,335.52,85.1
A014,A,apple,2021-09-29,WED,1.44,236,339.84,76.5
A014,A,apple,2021-09-30,THU,1.43,237,338.91,88.3
A014,A,banana,2021-04-01,THU,3.11,397,1234.67,81.7
A014,A,banana,2021-04-02,FRI,3.11,412,1281.32,70.6
A014,A,banana,2021-04-03,SAT,3.11,445,1383.95,72.7
A014,A,banana,2021-04-04,SUN,3.11,444,1380.84,70
A014,A,banana,2021-04-05,MON,3.11,407,1265.77,50
A014,A,banana,2021-04-06,TUE,3.11,413,1284.43,62.1
A014,A,banana,2021-04-07,WED,3.11,409,1271.99,63.6
A014,A,banana,2021-04-08,THU,3.12,406,1266.72,67.9
A014,A,banana,2021-04-09,FRI,3.12,398,1241.76,81.3
A014,A,banana,2021-04-10,SAT,3.12,440,1372.8,81.7
A014,A,banana,2021-04-11,SUN,3.12,440,1372.8,75.8
A014,A,banana,2021-04-12,MON,3.12,398,1241.76,64.1
A014,A,banana,2021-04-13,TUE,3.12,408,1272.96,54.2
A014,A,banana,2021-04-14,WED,3.12,411,1282.32,59.8
A014,A,banana,2021-04-15,THU,3.11,402,1250.22,70.3
A014,A,banana,2021-04-16,FRI,3.11,404,1256.44,70.8
A014,A,banana,2021-04-17,SAT,3.11,438,1362.18,57.3
A014,A,banana,2021-04-18,SUN,3.11,443,1377.73,55.7
A014,A,banana,2021-04-19,MON,3.11,405,1259.55,66.6
A014,A,banana,2021-04-20,TUE,3.11,399,1240.89,68.4
A014,A,banana,2021-04-21,WED,3.11,403,1253.33,73.7
A014,A,banana,2021-04-22,THU,3.13,401,1255.13,62.8
A014,A,banana,2021-04-23,FRI,3.13,412,1289.56,60.2
A014,A,banana,2021-04-24,SAT,3.13,442,1383.46,58.6
A014,A,banana,2021-04-25,SUN,3.13,441,1380.33,70.3
A014,A,banana,2021-04-26,MON,3.13,408,1277.04,60.3
A014,A,banana,2021-04-27,TUE,3.13,403,1261.39,68.9
A014,A,banana,2021-04-28,WED,3.13,400,1252,66.9
A014,A,banana,2021-04-29,THU,3.15,400,1260,68.4
A014,A,banana,2021-04-30,FRI,3.15,398,1253.7,65.9
A014,A,banana,2021-05-01,SAT,3.15,442,1392.3,69.4
A014,A,banana,2021-05-02,SUN,3.15,445,1401.75,63.4
A014,A,banana,2021-05-03,MON,3.15,410,1291.5,76.6
A014,A,banana,2021-05-04,TUE,3.15,398,1253.7,72
A014,A,banana,2021-05-05,WED,3.15,400,1260,77
A014,A,banana,2021-05-06,THU,3.16,411,1298.76,71.7
A014,A,banana,2021-05-07,FRI,3.16,400,1264,61.3
A014,A,banana,2021-05-08,SAT,3.16,440,1390.4,83.4
A014,A,banana,2021-05-09,SUN,3.16,444,1403.04,76
A014,A,banana,2021-05-10,MON,3.16,406,1282.96,73.5
A014,A,banana,2021-05-11,TUE,3.16,406,1282.96,72.5
A014,A,banana,2021-05-12,WED,3.16,403,1273.48,70
A014,A,banana,2021-05-13,THU,3.15,405,1275.75,87.9
A014,A,banana,2021-05-14,FRI,3.15,406,1278.9,84.6
A014,A,banana,2021-05-15,SAT,3.15,440,1386,90.2
A014,A,banana,2021-05-16,SUN,3.15,438,1379.7,84
A014,A,banana,2021-05-17,MON,3.15,408,1285.2,82.9
A014,A,banana,2021-05-18,TUE,3.15,411,1294.65,78.9
A014,A,banana,2021-05-19,WED,3.15,402,1266.3,74.8
A014,A,banana,2021-05-20,THU,3.16,404,1276.64,81.9
A014,A,banana,2021-05-21,FRI,3.16,408,1289.28,81.8
A014,A,banana,2021-05-22,SAT,3.16,440,1390.4,83.3
A014,A,banana,2021-05-23,SUN,3.16,438,1384.08,80.2
A014,A,banana,2021-05-24,MON,3.16,413,1305.08,84.4
A014,A,banana,2021-05-25,TUE,3.16,409,1292.44,75.7
A014,A,banana,2021-05-26,WED,3.16,408,1289.28,79.4
A014,A,banana,2021-05-27,THU,3.16,411,1298.76,75.3
A014,A,banana,2021-05-28,FRI,3.16,398,1257.68,74.9
A014,A,banana,2021-05-29,SAT,3.16,445,1406.2,65.5
A014,A,banana,2021-05-30,SUN,3.16,441,1393.56,78.2
A014,A,banana,2021-05-31,MON,3.16,413,1305.08,74.8
A014,A,banana,2021-06-01,TUE,3.16,409,1292.44,62.7
A014,A,banana,2021-06-02,WED,3.16,408,1289.28,63.1
A014,A,banana,2021-06-03,THU,3.16,412,1301.92,74.6
A014,A,banana,2021-06-04,FRI,3.16,412,1301.92,86.2
A014,A,banana,2021-06-05,SAT,3.16,445,1406.2,69.4
A014,A,banana,2021-06-06,SUN,3.16,444,1403.04,76.6
A014,A,banana,2021-06-07,MON,3.16,403,1273.48,76.9
A014,A,banana,2021-06-08,TUE,3.16,406,1282.96,68.2
A014,A,banana,2021-06-09,WED,3.16,408,1289.28,68.3
A014,A,banana,2021-06-10,THU,3.16,401,1267.16,79.6
A014,A,banana,2021-06-11,FRI,3.16,410,1295.6,76.8
A014,A,banana,2021-06-12,SAT,3.16,439,1387.24,69.2
A014,A,banana,2021-06-13,SUN,3.16,440,1390.4,65.4
A014,A,banana,2021-06-14,MON,3.16,407,1286.12,66.9
A014,A,banana,2021-06-15,TUE,3.16,407,1286.12,63.2
A014,A,banana,2021-06-16,WED,3.16,412,1301.92,69.7
A014,A,banana,2021-06-17,THU,3.18,400,1272,89.3
A014,A,banana,2021-06-18,FRI,3.18,403,1281.54,95.7
A014,A,banana,2021-06-19,SAT,3.18,441,1402.38,91.6
A014,A,banana,2021-06-20,SUN,3.18,445,1415.1,92.9
A014,A,banana,2021-06-21,MON,3.18,404,1284.72,85.6
A014,A,banana,2021-06-22,TUE,3.18,411,1306.98,73.7
A014,A,banana,2021-06-23,WED,3.18,399,1268.82,68.9
A014,A,banana,2021-06-24,THU,3.21,411,1319.31,85.9
A014,A,banana,2021-06-25,FRI,3.21,399,1280.79,81.6
A014,A,banana,2021-06-26,SAT,3.21,440,1412.4,81.8
A014,A,banana,2021-06-27,SUN,3.21,442,1418.82,89.3
A014,A,banana,2021-06-28,MON,3.21,412,1322.52,96.9
A014,A,banana,2021-06-29,TUE,3.21,407,1306.47,86.8
A014,A,banana,2021-06-30,WED,3.21,411,1319.31,82.1
A014,A,banana,2021-07-01,THU,3.2,407,1302.4,75.1
A014,A,banana,2021-07-02,FRI,3.2,412,1318.4,77.7
A014,A,banana,2021-07-03,SAT,3.2,441,1411.2,83.3
A014,A,banana,2021-07-04,SUN,3.2,438,1401.6,87
A014,A,banana,2021-07-05,MON,3.2,400,1280,77.6
A014,A,banana,2021-07-06,TUE,3.2,403,1289.6,83.8
A014,A,banana,2021-07-07,WED,3.2,399,1276.8,80.4
A014,A,banana,2021-07-08,THU,3.2,413,1321.6,80.7
A014,A,banana,2021-07-09,FRI,3.2,400,1280,82.4
A014,A,banana,2021-07-10,SAT,3.2,441,1411.2,82.1
A014,A,banana,2021-07-11,SUN,3.2,440,1408,82.3
A014,A,banana,2021-07-12,MON,3.2,411,1315.2,84.2
A014,A,banana,2021-07-13,TUE,3.2,401,1283.2,82
A014,A,banana,2021-07-14,WED,3.2,404,1292.8,75
A014,A,banana,2021-07-15,THU,3.2,407,1302.4,79.4
A014,A,banana,2021-07-16,FRI,3.2,399,1276.8,71.6
A014,A,banana,2021-07-17,SAT,3.2,440,1408,66.3
A014,A,banana,2021-07-18,SUN,3.2,442,1414.4,66.4
A014,A,banana,2021-07-19,MON,3.2,406,1299.2,72.2
A014,A,banana,2021-07-20,TUE,3.2,408,1305.6,73.4
A014,A,banana,2021-07-21,WED,3.2,403,1289.6,77.3
A014,A,banana,2021-07-22,THU,3.2,409,1308.8,69.6
A014,A,banana,2021-07-23,FRI,3.2,409,1308.8,78.7
A014,A,banana,2021-07-24,SAT,3.2,440,1408,82
A014,A,banana,2021-07-25,SUN,3.2,441,1411.2,89.1
A014,A,banana,2021-07-26,MON,3.2,409,1308.8,75.5
A014,A,banana,2021-07-27,TUE,3.2,403,1289.6,80.9
A014,A,banana,2021-07-28,WED,3.2,399,1276.8,80.7
A014,A,banana,2021-07-29,THU,3.21,402,1290.42,67.8
A014,A,banana,2021-07-30,FRI,3.21,403,1293.63,89
A014,A,banana,2021-07-31,SAT,3.21,444,1425.24,83
A014,A,banana,2021-08-01,SUN,3.21,443,1422.03,87.9
A014,A,banana,2021-08-02,MON,3.21,400,1284,77.6
A014,A,banana,2021-08-03,TUE,3.21,405,1300.05,77.1
A014,A,banana,2021-08-04,WED,3.21,404,1296.84,69.7
A014,A,banana,2021-08-05,THU,3.22,397,1278.34,83.5
A014,A,banana,2021-08-06,FRI,3.22,408,1313.76,80.8
A014,A,banana,2021-08-07,SAT,3.22,438,1410.36,82.6
A014,A,banana,2021-08-08,SUN,3.22,443,1426.46,80.3
A014,A,banana,2021-08-09,MON,3.22,401,1291.22,82
A014,A,banana,2021-08-10,TUE,3.22,398,1281.56,77.3
A014,A,banana,2021-08-11,WED,3.22,408,1313.76,72.8
A014,A,banana,2021-08-12,THU,3.22,409,1316.98,81.6
A014,A,banana,2021-08-13,FRI,3.22,413,1329.86,77.6
A014,A,banana,2021-08-14,SAT,3.22,444,1429.68,75.3
A014,A,banana,2021-08-15,SUN,3.22,443,1426.46,77.9
A014,A,banana,2021-08-16,MON,3.22,397,1278.34,76.8
A014,A,banana,2021-08-17,TUE,3.22,408,1313.76,81.3
A014,A,banana,2021-08-18,WED,3.22,398,1281.56,76.1
A014,A,banana,2021-08-19,THU,3.22,412,1326.64,76.5
A014,A,banana,2021-08-20,FRI,3.22,405,1304.1,80.6
A014,A,banana,2021-08-21,SAT,3.22,438,1410.36,89
A014,A,banana,2021-08-22,SUN,3.22,445,1432.9,88.9
A014,A,banana,2021-08-23,MON,3.22,401,1291.22,78.6
A014,A,banana,2021-08-24,TUE,3.22,409,1316.98,77.1
A014,A,banana,2021-08-25,WED,3.22,408,1313.76,80.1
A014,A,banana,2021-08-26,THU,3.24,403,1305.72,73.1
A014,A,banana,2021-08-27,FRI,3.24,406,1315.44,77.4
A014,A,banana,2021-08-28,SAT,3.24,441,1428.84,78.7
A014,A,banana,2021-08-29,SUN,3.24,438,1419.12,78.4
A014,A,banana,2021-08-30,MON,3.24,410,1328.4,82.2
A014,A,banana,2021-08-31,TUE,3.24,399,1292.76,83
A014,A,banana,2021-09-01,WED,3.24,410,1328.4,80.1
A014,A,banana,2021-09-02,THU,3.26,406,1323.56,78.9
A014,A,banana,2021-09-03,FRI,3.26,407,1326.82,74.4
A014,A,banana,2021-09-04,SAT,3.26,441,1437.66,83.1
A014,A,banana,2021-09-05,SUN,3.26,445,1450.7,76.9
A014,A,banana,2021-09-06,MON,3.26,398,1297.48,75.5
A014,A,banana,2021-09-07,TUE,3.26,409,1333.34,66.7
A014,A,banana,2021-09-08,WED,3.26,413,1346.38,63
A014,A,banana,2021-09-09,THU,3.26,406,1323.56,85.9
A014,A,banana,2021-09-10,FRI,3.26,402,1310.52,87.5
A014,A,banana,2021-09-11,SAT,3.26,443,1444.18,76.1
A014,A,banana,2021-09-12,SUN,3.26,440,1434.4,75.5
A014,A,banana,2021-09-13,MON,3.26,410,1336.6,77.8
A014,A,banana,2021-09-14,TUE,3.26,403,1313.78,94.1
A014,A,banana,2021-09-15,WED,3.26,407,1326.82,84.2
A014,A,banana,2021-09-16,THU,3.28,412,1351.36,83.4
A014,A,banana,2021-09-17,FRI,3.28,397,1302.16,83.2
A014,A,banana,2021-09-18,SAT,3.28,443,1453.04,78.4
A014,A,banana,2021-09-19,SUN,3.28,438,1436.64,88.7
A014,A,banana,2021-09-20,MON,3.28,402,1318.56,82
A014,A,banana,2021-09-21,TUE,3.28,397,1302.16,80
A014,A,banana,2021-09-22,WED,3.28,409,1341.52,81.8
A014,A,banana,2021-09-23,THU,3.27,412,1347.24,77.4
A014,A,banana,2021-09-24,FRI,3.27,404,1321.08,80.8
A014,A,banana,2021-09-25,SAT,3.27,445,1455.15,91.7
A014,A,banana,2021-09-26,SUN,3.27,439,1435.53,83.3
A014,A,banana,2021-09-27,MON,3.27,399,1304.73,76.7
A014,A,banana,2021-09-28,TUE,3.27,402,1314.54,85.1
A014,A,banana,2021-09-29,WED,3.27,404,1321.08,76.5
A014,A,banana,2021-09-30,THU,3.29,399,1312.71,88.3
A014,A,cherry,2021-04-01,THU,3.08,91,280.28,81.7
A014,A,cherry,2021-04-02,FRI,3.08,93,286.44,70.6
A014,A,cherry,2021-04-03,SAT,3.08,100,308,72.7
A014,A,cherry,2021-04-04,SUN,3.08,100,308,70
A014,A,cherry,2021-04-05,MON,3.08,91,280.28,50
A014,A,cherry,2021-04-06,TUE,3.08,93,286.44,62.1
A014,A,cherry,2021-04-07,WED,3.08,91,280.28,63.6
A014,A,cherry,2021-04-08,THU,3.09,94,290.46,67.9
A014,A,cherry,2021-04-09,FRI,3.09,93,287.37,81.3
A014,A,cherry,2021-04-10,SAT,3.09,100,309,81.7
A014,A,cherry,2021-04-11,SUN,3.09,100,309,75.8
A014,A,cherry,2021-04-12,MON,3.09,92,284.28,64.1
A014,A,cherry,2021-04-13,TUE,3.09,93,287.37,54.2
A014,A,cherry,2021-04-14,WED,3.09,92,284.28,59.8
A014,A,cherry,2021-04-15,THU,3.12,92,287.04,70.3
A014,A,cherry,2021-04-16,FRI,3.12,91,283.92,70.8
A014,A,cherry,2021-04-17,SAT,3.12,100,312,57.3
A014,A,cherry,2021-04-18,SUN,3.12,100,312,55.7
A014,A,cherry,2021-04-19,MON,3.12,91,283.92,66.6
A014,A,cherry,2021-04-20,TUE,3.12,91,283.92,68.4
A014,A,cherry,2021-04-21,WED,3.12,90,280.8,73.7
A014,A,cherry,2021-04-22,THU,3.14,93,292.02,62.8
A014,A,cherry,2021-04-23,FRI,3.14,90,282.6,60.2
A014,A,cherry,2021-04-24,SAT,3.14,101,317.14,58.6
A014,A,cherry,2021-04-25,SUN,3.14,100,314,70.3
A014,A,cherry,2021-04-26,MON,3.14,92,288.88,60.3
A014,A,cherry,2021-04-27,TUE,3.14,92,288.88,68.9
A014,A,cherry,2021-04-28,WED,3.14,91,285.74,66.9
A014,A,cherry,2021-04-29,THU,3.14,90,282.6,68.4
A014,A,cherry,2021-04-30,FRI,3.14,91,285.74,65.9
A014,A,cherry,2021-05-01,SAT,3.14,99,310.86,69.4
A014,A,cherry,2021-05-02,SUN,3.14,100,314,63.4
A014,A,cherry,2021-05-03,MON,3.14,91,285.74,76.6
A014,A,cherry,2021-05-04,TUE,3.14,91,285.74,72
A014,A,cherry,2021-05-05,WED,3.14,91,285.74,77
A014,A,cherry,2021-05-06,THU,3.16,92,290.72,71.7
A014,A,cherry,2021-05-07,FRI,3.16,94,297.04,61.3
A014,A,cherry,2021-05-08,SAT,3.16,101,319.16,83.4
A014,A,cherry,2021-05-09,SUN,3.16,101,319.16,76
A014,A,cherry,2021-05-10,MON,3.16,92,290.72,73.5
A014,A,cherry,2021-05-11,TUE,3.16,92,290.72,72.5
A014,A,cherry,2021-05-12,WED,3.16,94,297.04,70
A014,A,cherry,2021-05-13,THU,3.16,91,287.56,87.9
A014,A,cherry,2021-05-14,FRI,3.16,93,293.88,84.6
A014,A,cherry,2021-05-15,SAT,3.16,100,316,90.2
A014,A,cherry,2021-05-16,SUN,3.16,100,316,84
A014,A,cherry,2021-05-17,MON,3.16,94,297.04,82.9
A014,A,cherry,2021-05-18,TUE,3.16,93,293.88,78.9
A014,A,cherry,2021-05-19,WED,3.16,93,293.88,74.8
A014,A,cherry,2021-05-20,THU,3.19,92,293.48,81.9
A014,A,cherry,2021-05-21,FRI,3.19,93,296.67,81.8
A014,A,cherry,2021-05-22,SAT,3.19,100,319,83.3
A014,A,cherry,2021-05-23,SUN,3.19,100,319,80.2
A014,A,cherry,2021-05-24,MON,3.19,93,296.67,84.4
A014,A,cherry,2021-05-25,TUE,3.19,91,290.29,75.7
A014,A,cherry,2021-05-26,WED,3.19,90,287.1,79.4
A014,A,cherry,2021-05-27,THU,3.21,93,298.53,75.3
A014,A,cherry,2021-05-28,FRI,3.21,92,295.32,74.9
A014,A,cherry,2021-05-29,SAT,3.21,100,321,65.5
A014,A,cherry,2021-05-30,SUN,3.21,100,321,78.2
A014,A,cherry,2021-05-31,MON,3.21,93,298.53,74.8
A014,A,cherry,2021-06-01,TUE,3.21,91,292.11,62.7
A014,A,cherry,2021-06-02,WED,3.21,92,295.32,63.1
A014,A,cherry,2021-06-03,THU,3.23,91,293.93,74.6
A014,A,cherry,2021-06-04,FRI,3.23,93,300.39,86.2
A014,A,cherry,2021-06-05,SAT,3.23,100,323,69.4
A014,A,cherry,2021-06-06,SUN,3.23,101,326.23,76.6
A014,A,cherry,2021-06-07,MON,3.23,91,293.93,76.9
A014,A,cherry,2021-06-08,TUE,3.23,92,297.16,68.2
A014,A,cherry,2021-06-09,WED,3.23,92,297.16,68.3
A014,A,cherry,2021-06-10,THU,3.25,93,302.25,79.6
A014,A,cherry,2021-06-11,FRI,3.25,93,302.25,76.8
A014,A,cherry,2021-06-12,SAT,3.25,100,325,69.2
A014,A,cherry,2021-06-13,SUN,3.25,100,325,65.4
A014,A,cherry,2021-06-14,MON,3.25,92,299,66.9
A014,A,cherry,2021-06-15,TUE,3.25,93,302.25,63.2
A014,A,cherry,2021-06-16,WED,3.25,91,295.75,69.7
A014,A,cherry,2021-06-17,THU,3.24,93,301.32,89.3
A014,A,cherry,2021-06-18,FRI,3.24,93,301.32,95.7
A014,A,cherry,2021-06-19,SAT,3.24,100,324,91.6
A014,A,cherry,2021-06-20,SUN,3.24,101,327.24,92.9
A014,A,cherry,2021-06-21,MON,3.24,92,298.08,85.6
A014,A,cherry,2021-06-22,TUE,3.24,91,294.84,73.7
A014,A,cherry,2021-06-23,WED,3.24,93,301.32,68.9
A014,A,cherry,2021-06-24,THU,3.27,93,304.11,85.9
A014,A,cherry,2021-06-25,FRI,3.27,93,304.11,81.6
A014,A,cherry,2021-06-26,SAT,3.27,100,327,81.8
A014,A,cherry,2021-06-27,SUN,3.27,100,327,89.3
A014,A,cherry,2021-06-28,MON,3.27,90,294.3,96.9
A014,A,cherry,2021-06-29,TUE,3.27,93,304.11,86.8
A014,A,cherry,2021-06-30,WED,3.27,91,297.57,82.1
A014,A,cherry,2021-07-01,THU,3.29,91,299.39,75.1
A014,A,cherry,2021-07-02,FRI,3.29,92,302.68,77.7
A014,A,cherry,2021-07-03,SAT,3.29,101,332.29,83.3
A014,A,cherry,2021-07-04,SUN,3.29,101,332.29,87
A014,A,cherry,2021-07-05,MON,3.29,93,305.97,77.6
A014,A,cherry,2021-07-06,TUE,3.29,91,299.39,83.8
A014,A,cherry,2021-07-07,WED,3.29,94,309.26,80.4
A014,A,cherry,2021-07-08,THU,3.3,90,297,80.7
A014,A,cherry,2021-07-09,FRI,3.3,93,306.9,82.4
A014,A,cherry,2021-07-10,SAT,3.3,100,330,82.1
A014,A,cherry,2021-07-11,SUN,3.3,101,333.3,82.3
A014,A,cherry,2021-07-12,MON,3.3,92,303.6,84.2
A014,A,cherry,2021-07-13,TUE,3.3,93,306.9,82
A014,A,cherry,2021-07-14,WED,3.3,92,303.6,75
A014,A,cherry,2021-07-15,THU,3.33,91,303.03,79.4
A014,A,cherry,2021-07-16,FRI,3.33,94,313.02,71.6
A014,A,cherry,2021-07-17,SAT,3.33,101,336.33,66.3
A014,A,cherry,2021-07-18,SUN,3.33,100,333,66.4
A014,A,cherry,2021-07-19,MON,3.33,90,299.7,72.2
A014,A,cherry,2021-07-20,TUE,3.33,92,306.36,73.4
A014,A,cherry,2021-07-21,WED,3.33,94,313.02,77.3
A014,A,cherry,2021-07-22,THU,3.36,93,312.48,69.6
A014,A,cherry,2021-07-23,FRI,3.36,92,309.12,78.7
A014,A,cherry,2021-07-24,SAT,3.36,100,336,82
A014,A,cherry,2021-07-25,SUN,3.36,101,339.36,89.1
A014,A,cherry,2021-07-26,MON,3.36,91,305.76,75.5
A014,A,cherry,2021-07-27,TUE,3.36,90,302.4,80.9
A014,A,cherry,2021-07-28,WED,3.36,93,312.48,80.7
A014,A,cherry,2021-07-29,THU,3.35,93,311.55,67.8
A014,A,cherry,2021-07-30,FRI,3.35,91,304.85,89
A014,A,cherry,2021-07-31,SAT,3.35,100,335,83
A014,A,cherry,2021-08-01,SUN,3.35,101,338.35,87.9
A014,A,cherry,2021-08-02,MON,3.35,90,301.5,77.6
A014,A,cherry,2021-08-03,TUE,3.35,91,304.85,77.1
A014,A,cherry,2021-08-04,WED,3.35,93,311.55,69.7
A014,A,cherry,2021-08-05,THU,3.35,92,308.2,83.5
A014,A,cherry,2021-08-06,FRI,3.35,91,304.85,80.8
A014,A,cherry,2021-08-07,SAT,3.35,101,338.35,82.6
A014,A,cherry,2021-08-08,SUN,3.35,100,335,80.3
A014,A,cherry,2021-08-09,MON,3.35,92,308.2,82
A014,A,cherry,2021-08-10,TUE,3.35,93,311.55,77.3
A014,A,cherry,2021-08-11,WED,3.35,93,311.55,72.8
A014,A,cherry,2021-08-12,THU,3.34,93,310.62,81.6
A014,A,cherry,2021-08-13,FRI,3.34,91,303.94,77.6
A014,A,cherry,2021-08-14,SAT,3.34,101,337.34,75.3
A014,A,cherry,2021-08-15,SUN,3.34,100,334,77.9
A014,A,cherry,2021-08-16,MON,3.34,92,307.28,76.8
A014,A,cherry,2021-08-17,TUE,3.34,92,307.28,81.3
A014,A,cherry,2021-08-18,WED,3.34,94,313.96,76.1
A014,A,cherry,2021-08-19,THU,3.35,90,301.5,76.5
A014,A,cherry,2021-08-20,FRI,3.35,93,311.55,80.6
A014,A,cherry,2021-08-21,SAT,3.35,100,335,89
A014,A,cherry,2021-08-22,SUN,3.35,100,335,88.9
A014,A,cherry,2021-08-23,MON,3.35,92,308.2,78.6
A014,A,cherry,2021-08-24,TUE,3.35,91,304.85,77.1
A014,A,cherry,2021-08-25,WED,3.35,93,311.55,80.1
A014,A,cherry,2021-08-26,THU,3.36,91,305.76,73.1
A014,A,cherry,2021-08-27,FRI,3.36,93,312.48,77.4
A014,A,cherry,2021-08-28,SAT,3.36,101,339.36,78.7
A014,A,cherry,2021-08-29,SUN,3.36,100,336,78.4
A014,A,cherry,2021-08-30,MON,3.36,94,315.84,82.2
A014,A,cherry,2021-08-31,TUE,3.36,92,309.12,83
A014,A,cherry,2021-09-01,WED,3.36,91,305.76,80.1
A014,A,cherry,2021-09-02,THU,3.38,92,310.96,78.9
A014,A,cherry,2021-09-03,FRI,3.38,90,304.2,74.4
A014,A,cherry,2021-09-04,SAT,3.38,101,341.38,83.1
A014,A,cherry,2021-09-05,SUN,3.38,101,341.38,76.9
A014,A,cherry,2021-09-06,MON,3.38,91,307.58,75.5
A014,A,cherry,2021-09-07,TUE,3.38,92,310.96,66.7
A014,A,cherry,2021-09-08,WED,3.38,91,307.58,63
A014,A,cherry,2021-09-09,THU,3.39,92,311.88,85.9
A014,A,cherry,2021-09-10,FRI,3.39,91,308.49,87.5
A014,A,cherry,2021-09-11,SAT,3.39,100,339,76.1
A014,A,cherry,2021-09-12,SUN,3.39,100,339,75.5
A014,A,cherry,2021-09-13,MON,3.39,93,315.27,77.8
A014,A,cherry,2021-09-14,TUE,3.39,92,311.88,94.1
A014,A,cherry,2021-09-15,WED,3.39,94,318.66,84.2
A014,A,cherry,2021-09-16,THU,3.4,91,309.4,83.4
A014,A,cherry,2021-09-17,FRI,3.4,91,309.4,83.2
A014,A,cherry,2021-09-18,SAT,3.4,101,343.4,78.4
A014,A,cherry,2021-09-19,SUN,3.4,100,340,88.7
A014,A,cherry,2021-09-20,MON,3.4,93,316.2,82
A014,A,cherry,2021-09-21,TUE,3.4,91,309.4,80
A014,A,cherry,2021-09-22,WED,3.4,91,309.4,81.8
A014,A,cherry,2021-09-23,THU,3.4,94,319.6,77.4
A014,A,cherry,2021-09-24,FRI,3.4,92,312.8,80.8
A014,A,cherry,2021-09-25,SAT,3.4,100,340,91.7
A014,A,cherry,2021-09-26,SUN,3.4,101,343.4,83.3
A014,A,cherry,2021-09-27,MON,3.4,93,316.2,76.7
A014,A,cherry,2021-09-28,TUE,3.4,91,309.4,85.1
A014,A,cherry,2021-09-29,WED,3.4,94,319.6,76.5
A014,A,cherry,2021-09-30,THU,3.4,94,319.6,88.3
A015,A,apple,2021-04-01,THU,1.07,270,288.9,81.7
A015,A,apple,2021-04-02,FRI,1.07,272,291.04,70.6
A015,A,apple,2021-04-03,SAT,1.07,290,310.3,72.7
A015,A,apple,2021-04-04,SUN,1.07,290,310.3,70
A015,A,apple,2021-04-05,MON,1.07,262,280.34,50
A015,A,apple,2021-04-06,TUE,1.07,263,281.41,62.1
A015,A,apple,2021-04-07,WED,1.07,262,280.34,63.6
A015,A,apple,2021-04-08,THU,1.08,269,290.52,67.9
A015,A,apple,2021-04-09,FRI,1.08,270,291.6,81.3
A015,A,apple,2021-04-10,SAT,1.08,289,312.12,81.7
A015,A,apple,2021-04-11,SUN,1.08,291,314.28,75.8
A015,A,apple,2021-04-12,MON,1.08,272,293.76,64.1
A015,A,apple,2021-04-13,TUE,1.08,270,291.6,54.2
A015,A,apple,2021-04-14,WED,1.08,271,292.68,59.8
A015,A,apple,2021-04-15,THU,1.1,268,294.8,70.3
A015,A,apple,2021-04-16,FRI,1.1,265,291.5,70.8
A015,A,apple,2021-04-17,SAT,1.1,290,319,57.3
A015,A,apple,2021-04-18,SUN,1.1,289,317.9,55.7
A015,A,apple,2021-04-19,MON,1.1,266,292.6,66.6
A015,A,apple,2021-04-20,TUE,1.1,262,288.2,68.4
A015,A,apple,2021-04-21,WED,1.1,272,299.2,73.7
A015,A,apple,2021-04-22,THU,1.12,272,304.64,62.8
A015,A,apple,2021-04-23,FRI,1.12,267,299.04,60.2
A015,A,apple,2021-04-24,SAT,1.12,289,323.68,58.6
A015,A,apple,2021-04-25,SUN,1.12,290,324.8,70.3
A015,A,apple,2021-04-26,MON,1.12,268,300.16,60.3
A015,A,apple,2021-04-27,TUE,1.12,266,297.92,68.9
A015,A,apple,2021-04-28,WED,1.12,262,293.44,66.9
A015,A,apple,2021-04-29,THU,1.14,270,307.8,68.4
A015,A,apple,2021-04-30,FRI,1.14,272,310.08,65.9
A015,A,apple,2021-05-01,SAT,1.14,292,332.88,69.4
A015,A,apple,2021-05-02,SUN,1.14,293,334.02,63.4
A015,A,apple,2021-05-03,MON,1.14,269,306.66,76.6
A015,A,apple,2021-05-04,TUE,1.14,268,305.52,72
A015,A,apple,2021-05-05,WED,1.14,271,308.94,77
A015,A,apple,2021-05-06,THU,1.17,272,318.24,71.7
A015,A,apple,2021-05-07,FRI,1.17,269,314.73,61.3
A015,A,apple,2021-05-08,SAT,1.17,288,336.96,83.4
A015,A,apple,2021-05-09,SUN,1.17,292,341.64,76
A015,A,apple,2021-05-10,MON,1.17,268,313.56,73.5
A015,A,apple,2021-05-11,TUE,1.17,265,310.05,72.5
A015,A,apple,2021-05-12,WED,1.17,270,315.9,70
A015,A,apple,2021-05-13,THU,1.17,270,315.9,87.9
A015,A,apple,2021-05-14,FRI,1.17,266,311.22,84.6
A015,A,apple,2021-05-15,SAT,1.17,291,340.47,90.2
A015,A,apple,2021-05-16,SUN,1.17,293,342.81,84
A015,A,apple,2021-05-17,MON,1.17,267,312.39,82.9
A015,A,apple,2021-05-18,TUE,1.17,264,308.88,78.9
A015,A,apple,2021-05-19,WED,1.17,271,317.07,74.8
A015,A,apple,2021-05-20,THU,1.16,264,306.24,81.9
A015,A,apple,2021-05-21,FRI,1.16,263,305.08,81.8
A015,A,apple,2021-05-22,SAT,1.16,291,337.56,83.3
A015,A,apple,2021-05-23,SUN,1.16,290,336.4,80.2
A015,A,apple,2021-05-24,MON,1.16,266,308.56,84.4
A015,A,apple,2021-05-25,TUE,1.16,272,315.52,75.7
A015,A,apple,2021-05-26,WED,1.16,264,306.24,79.4
A015,A,apple,2021-05-27,THU,1.16,268,310.88,75.3
A015,A,apple,2021-05-28,FRI,1.16,262,303.92,74.9
A015,A,apple,2021-05-29,SAT,1.16,291,337.56,65.5
A015,A,apple,2021-05-30,SUN,1.16,291,337.56,78.2
A015,A,apple,2021-05-31,MON,1.16,272,315.52,74.8
A015,A,apple,2021-06-01,TUE,1.16,272,315.52,62.7
A015,A,apple,2021-06-02,WED,1.16,264,306.24,63.1
A015,A,apple,2021-06-03,THU,1.16,269,312.04,74.6
A015,A,apple,2021-06-04,FRI,1.16,268,310.88,86.2
A015,A,apple,2021-06-05,SAT,1.16,289,335.24,69.4
A015,A,apple,2021-06-06,SUN,1.16,292,338.72,76.6
A015,A,apple,2021-06-07,MON,1.16,267,309.72,76.9
A015,A,apple,2021-06-08,TUE,1.16,263,305.08,68.2
A015,A,apple,2021-06-09,WED,1.16,266,308.56,68.3
A015,A,apple,2021-06-10,THU,1.16,264,306.24,79.6
A015,A,apple,2021-06-11,FRI,1.16,269,312.04,76.8
A015,A,apple,2021-06-12,SAT,1.16,292,338.72,69.2
A015,A,apple,2021-06-13,SUN,1.16,292,338.72,65.4
A015,A,apple,2021-06-14,MON,1.16,272,315.52,66.9
A015,A,apple,2021-06-15,TUE,1.16,266,308.56,63.2
A015,A,apple,2021-06-16,WED,1.16,269,312.04,69.7
A015,A,apple,2021-06-17,THU,1.18,269,317.42,89.3
A015,A,apple,2021-06-18,FRI,1.18,270,318.6,95.7
A015,A,apple,2021-06-19,SAT,1.18,290,342.2,91.6
A015,A,apple,2021-06-20,SUN,1.18,293,345.74,92.9
A015,A,apple,2021-06-21,MON,1.18,270,318.6,85.6
A015,A,apple,2021-06-22,TUE,1.18,267,315.06,73.7
A015,A,apple,2021-06-23,WED,1.18,271,319.78,68.9
A015,A,apple,2021-06-24,THU,1.19,270,321.3,85.9
A015,A,apple,2021-06-25,FRI,1.19,271,322.49,81.6
A015,A,apple,2021-06-26,SAT,1.19,291,346.29,81.8
A015,A,apple,2021-06-27,SUN,1.19,294,349.86,89.3
A015,A,apple,2021-06-28,MON,1.19,262,311.78,96.9
A015,A,apple,2021-06-29,TUE,1.19,268,318.92,86.8
A015,A,apple,2021-06-30,WED,1.19,267,317.73,82.1
A015,A,apple,2021-07-01,THU,1.2,268,321.6,75.1
A015,A,apple,2021-07-02,FRI,1.2,271,325.2,77.7
A015,A,apple,2021-07-03,SAT,1.2,289,346.8,83.3
A015,A,apple,2021-07-04,SUN,1.2,289,346.8,87
A015,A,apple,2021-07-05,MON,1.2,271,325.2,77.6
A015,A,apple,2021-07-06,TUE,1.2,267,320.4,83.8
A015,A,apple,2021-07-07,WED,1.2,266,319.2,80.4
A015,A,apple,2021-07-08,THU,1.2,270,324,80.7
A015,A,apple,2021-07-09,FRI,1.2,266,319.2,82.4
A015,A,apple,2021-07-10,SAT,1.2,292,350.4,82.1
A015,A,apple,2021-07-11,SUN,1.2,293,351.6,82.3
A015,A,apple,2021-07-12,MON,1.2,267,320.4,84.2
A015,A,apple,2021-07-13,TUE,1.2,265,318,82
A015,A,apple,2021-07-14,WED,1.2,271,325.2,75
A015,A,apple,2021-07-15,THU,1.22,265,323.3,79.4
A015,A,apple,2021-07-16,FRI,1.22,272,331.84,71.6
A015,A,apple,2021-07-17,SAT,1.22,290,353.8,66.3
A015,A,apple,2021-07-18,SUN,1.22,292,356.24,66.4
A015,A,apple,2021-07-19,MON,1.22,270,329.4,72.2
A015,A,apple,2021-07-20,TUE,1.22,271,330.62,73.4
A015,A,apple,2021-07-21,WED,1.22,262,319.64,77.3
A015,A,apple,2021-07-22,THU,1.25,271,338.75,69.6
A015,A,apple,2021-07-23,FRI,1.25,263,328.75,78.7
A015,A,apple,2021-07-24,SAT,1.25,293,366.25,82
A015,A,apple,2021-07-25,SUN,1.25,293,366.25,89.1
A015,A,apple,2021-07-26,MON,1.25,268,335,75.5
A015,A,apple,2021-07-27,TUE,1.25,269,336.25,80.9
A015,A,apple,2021-07-28,WED,1.25,271,338.75,80.7
A015,A,apple,2021-07-29,THU,1.24,267,331.08,67.8
A015,A,apple,2021-07-30,FRI,1.24,265,328.6,89
A015,A,apple,2021-07-31,SAT,1.24,291,360.84,83
A015,A,apple,2021-08-01,SUN,1.24,291,360.84,87.9
A015,A,apple,2021-08-02,MON,1.24,272,337.28,77.6
A015,A,apple,2021-08-03,TUE,1.24,270,334.8,77.1
A015,A,apple,2021-08-04,WED,1.24,263,326.12,69.7
A015,A,apple,2021-08-05,THU,1.24,263,326.12,83.5
A015,A,apple,2021-08-06,FRI,1.24,263,326.12,80.8
A015,A,apple,2021-08-07,SAT,1.24,290,359.6,82.6
A015,A,apple,2021-08-08,SUN,1.24,294,364.56,80.3
A015,A,apple,2021-08-09,MON,1.24,266,329.84,82
A015,A,apple,2021-08-10,TUE,1.24,269,333.56,77.3
A015,A,apple,2021-08-11,WED,1.24,266,329.84,72.8
A015,A,apple,2021-08-12,THU,1.26,270,340.2,81.6
A015,A,apple,2021-08-13,FRI,1.26,264,332.64,77.6
A015,A,apple,2021-08-14,SAT,1.26,291,366.66,75.3
A015,A,apple,2021-08-15,SUN,1.26,290,365.4,77.9
A015,A,apple,2021-08-16,MON,1.26,270,340.2,76.8
A015,A,apple,2021-08-17,TUE,1.26,264,332.64,81.3
A015,A,apple,2021-08-18,WED,1.26,265,333.9,76.1
A015,A,apple,2021-08-19,THU,1.26,269,338.94,76.5
A015,A,apple,2021-08-20,FRI,1.26,268,337.68,80.6
A015,A,apple,2021-08-21,SAT,1.26,291,366.66,89
A015,A,apple,2021-08-22,SUN,1.26,291,366.66,88.9
A015,A,apple,2021-08-23,MON,1.26,272,342.72,78.6
A015,A,apple,2021-08-24,TUE,1.26,271,341.46,77.1
A015,A,apple,2021-08-25,WED,1.26,271,341.46,80.1
A015,A,apple,2021-08-26,THU,1.28,271,346.88,73.1
A015,A,apple,2021-08-27,FRI,1.28,267,341.76,77.4
A015,A,apple,2021-08-28,SAT,1.28,290,371.2,78.7
A015,A,apple,2021-08-29,SUN,1.28,290,371.2,78.4
A015,A,apple,2021-08-30,MON,1.28,269,344.32,82.2
A015,A,apple,2021-08-31,TUE,1.28,268,343.04,83
A015,A,apple,2021-09-01,WED,1.28,272,348.16,80.1
A015,A,apple,2021-09-02,THU,1.28,263,336.64,78.9
A015,A,apple,2021-09-03,FRI,1.28,268,343.04,74.4
A015,A,apple,2021-09-04,SAT,1.28,293,375.04,83.1
A015,A,apple,2021-09-05,SUN,1.28,294,376.32,76.9
A015,A,apple,2021-09-06,MON,1.28,272,348.16,75.5
A015,A,apple,2021-09-07,TUE,1.28,272,348.16,66.7
A015,A,apple,2021-09-08,WED,1.28,270,345.6,63
A015,A,apple,2021-09-09,THU,1.28,265,339.2,85.9
A015,A,apple,2021-09-10,FRI,1.28,265,339.2,87.5
A015,A,apple,2021-09-11,SAT,1.28,289,369.92,76.1
A015,A,apple,2021-09-12,SUN,1.28,292,373.76,75.5
A015,A,apple,2021-09-13,MON,1.28,271,346.88,77.8
A015,A,apple,2021-09-14,TUE,1.28,268,343.04,94.1
A015,A,apple,2021-09-15,WED,1.28,270,345.6,84.2
A015,A,apple,2021-09-16,THU,1.28,266,340.48,83.4
A015,A,apple,2021-09-17,FRI,1.28,272,348.16,83.2
A015,A,apple,2021-09-18,SAT,1.28,289,369.92,78.4
A015,A,apple,2021-09-19,SUN,1.28,290,371.2,88.7
A015,A,apple,2021-09-20,MON,1.28,270,345.6,82
A015,A,apple,2021-09-21,TUE,1.28,268,343.04,80
A015,A,apple,2021-09-22,WED,1.28,266,340.48,81.8
A015,A,apple,2021-09-23,THU,1.3,272,353.6,77.4
A015,A,apple,2021-09-24,FRI,1.3,270,351,80.8
A015,A,apple,2021-09-25,SAT,1.3,291,378.3,91.7
A015,A,apple,2021-09-26,SUN,1.3,291,378.3,83.3
A015,A,apple,2021-09-27,MON,1.3,265,344.5,76.7
A015,A,apple,2021-09-28,TUE,1.3,272,353.6,85.1
A015,A,apple,2021-09-29,WED,1.3,262,340.6,76.5
A015,A,apple,2021-09-30,THU,1.3,269,349.7,88.3
A015,A,banana,2021-04-01,THU,3.02,424,1280.48,81.7
A015,A,banana,2021-04-02,FRI,3.02,413,1247.26,70.6
A015,A,banana,2021-04-03,SAT,3.02,453,1368.06,72.7
A015,A,banana,2021-04-04,SUN,3.02,454,1371.08,70
A015,A,banana,2021-04-05,MON,3.02,423,1277.46,50
A015,A,banana,2021-04-06,TUE,3.02,420,1268.4,62.1
A015,A,banana,2021-04-07,WED,3.02,412,1244.24,63.6
A015,A,banana,2021-04-08,THU,3.03,412,1248.36,67.9
A015,A,banana,2021-04-09,FRI,3.03,409,1239.27,81.3
A015,A,banana,2021-04-10,SAT,3.03,455,1378.65,81.7
A015,A,banana,2021-04-11,SUN,3.03,455,1378.65,75.8
A015,A,banana,2021-04-12,MON,3.03,416,1260.48,64.1
A015,A,banana,2021-04-13,TUE,3.03,416,1260.48,54.2
A015,A,banana,2021-04-14,WED,3.03,419,1269.57,59.8
A015,A,banana,2021-04-15,THU,3.05,413,1259.65,70.3
A015,A,banana,2021-04-16,FRI,3.05,416,1268.8,70.8
A015,A,banana,2021-04-17,SAT,3.05,453,1381.65,57.3
A015,A,banana,2021-04-18,SUN,3.05,451,1375.55,55.7
A015,A,banana,2021-04-19,MON,3.05,420,1281,66.6
A015,A,banana,2021-04-20,TUE,3.05,417,1271.85,68.4
A015,A,banana,2021-04-21,WED,3.05,411,1253.55,73.7
A015,A,banana,2021-04-22,THU,3.05,415,1265.75,62.8
A015,A,banana,2021-04-23,FRI,3.05,421,1284.05,60.2
A015,A,banana,2021-04-24,SAT,3.05,451,1375.55,58.6
A015,A,banana,2021-04-25,SUN,3.05,456,1390.8,70.3
A015,A,banana,2021-04-26,MON,3.05,408,1244.4,60.3
A015,A,banana,2021-04-27,TUE,3.05,415,1265.75,68.9
A015,A,banana,2021-04-28,WED,3.05,415,1265.75,66.9
A015,A,banana,2021-04-29,THU,3.07,418,1283.26,68.4
A015,A,banana,2021-04-30,FRI,3.07,414,1270.98,65.9
A015,A,banana,2021-05-01,SAT,3.07,451,1384.57,69.4
A015,A,banana,2021-05-02,SUN,3.07,451,1384.57,63.4
A015,A,banana,2021-05-03,MON,3.07,410,1258.7,76.6
A015,A,banana,2021-05-04,TUE,3.07,417,1280.19,72
A015,A,banana,2021-05-05,WED,3.07,418,1283.26,77
A015,A,banana,2021-05-06,THU,3.07,412,1264.84,71.7
A015,A,banana,2021-05-07,FRI,3.07,418,1283.26,61.3
A015,A,banana,2021-05-08,SAT,3.07,454,1393.78,83.4
A015,A,banana,2021-05-09,SUN,3.07,452,1387.64,76
A015,A,banana,2021-05-10,MON,3.07,421,1292.47,73.5
A015,A,banana,2021-05-11,TUE,3.07,413,1267.91,72.5
A015,A,banana,2021-05-12,WED,3.07,422,1295.54,70
A015,A,banana,2021-05-13,THU,3.08,415,1278.2,87.9
A015,A,banana,2021-05-14,FRI,3.08,409,1259.72,84.6
A015,A,banana,2021-05-15,SAT,3.08,452,1392.16,90.2
A015,A,banana,2021-05-16,SUN,3.08,456,1404.48,84
A015,A,banana,2021-05-17,MON,3.08,424,1305.92,82.9
A015,A,banana,2021-05-18,TUE,3.08,411,1265.88,78.9
A015,A,banana,2021-05-19,WED,3.08,414,1275.12,74.8
A015,A,banana,2021-05-20,THU,3.1,420,1302,81.9
A015,A,banana,2021-05-21,FRI,3.1,411,1274.1,81.8
A015,A,banana,2021-05-22,SAT,3.1,450,1395,83.3
A015,A,banana,2021-05-23,SUN,3.1,454,1407.4,80.2
A015,A,banana,2021-05-24,MON,3.1,413,1280.3,84.4
A015,A,banana,2021-05-25,TUE,3.1,414,1283.4,75.7
A015,A,banana,2021-05-26,WED,3.1,411,1274.1,79.4
A015,A,banana,2021-05-27,THU,3.1,412,1277.2,75.3
A015,A,banana,2021-05-28,FRI,3.1,408,1264.8,74.9
A015,A,banana,2021-05-29,SAT,3.1,451,1398.1,65.5
A015,A,banana,2021-05-30,SUN,3.1,456,1413.6,78.2
A015,A,banana,2021-05-31,MON,3.1,420,1302,74.8
A015,A,banana,2021-06-01,TUE,3.1,415,1286.5,62.7
A015,A,banana,2021-06-02,WED,3.1,411,1274.1,63.1
A015,A,banana,2021-06-03,THU,3.1,420,1302,74.6
A015,A,banana,2021-06-04,FRI,3.1,419,1298.9,86.2
A015,A,banana,2021-06-05,SAT,3.1,456,1413.6,69.4
A015,A,banana,2021-06-06,SUN,3.1,453,1404.3,76.6
A015,A,banana,2021-06-07,MON,3.1,424,1314.4,76.9
A015,A,banana,2021-06-08,TUE,3.1,421,1305.1,68.2
A015,A,banana,2021-06-09,WED,3.1,416,1289.6,68.3
A015,A,banana,2021-06-10,THU,3.1,408,1264.8,79.6
A015,A,banana,2021-06-11,FRI,3.1,417,1292.7,76.8
A015,A,banana,2021-06-12,SAT,3.1,455,1410.5,69.2
A015,A,banana,2021-06-13,SUN,3.1,452,1401.2,65.4
A015,A,banana,2021-06-14,MON,3.1,416,1289.6,66.9
A015,A,banana,2021-06-15,TUE,3.1,416,1289.6,63.2
A015,A,banana,2021-06-16,WED,3.1,414,1283.4,69.7
A015,A,banana,2021-06-17,THU,3.1,409,1267.9,89.3
A015,A,banana,2021-06-18,FRI,3.1,412,1277.2,95.7
A015,A,banana,2021-06-19,SAT,3.1,454,1407.4,91.6
A015,A,banana,2021-06-20,SUN,3.1,453,1404.3,92.9
A015,A,banana,2021-06-21,MON,3.1,415,1286.5,85.6
A015,A,banana,2021-06-22,TUE,3.1,418,1295.8,73.7
A015,A,banana,2021-06-23,WED,3.1,414,1283.4,68.9
A015,A,banana,2021-06-24,THU,3.12,413,1288.56,85.9
A015,A,banana,2021-06-25,FRI,3.12,423,1319.76,81.6
A015,A,banana,2021-06-26,SAT,3.12,455,1419.6,81.8
A015,A,banana,2021-06-27,SUN,3.12,455,1419.6,89.3
A015,A,banana,2021-06-28,MON,3.12,422,1316.64,96.9
A015,A,banana,2021-06-29,TUE,3.12,422,1316.64,86.8
A015,A,banana,2021-06-30,WED,3.12,412,1285.44,82.1
A015,A,banana,2021-07-01,THU,3.13,417,1305.21,75.1
A015,A,banana,2021-07-02,FRI,3.13,411,1286.43,77.7
A015,A,banana,2021-07-03,SAT,3.13,457,1430.41,83.3
A015,A,banana,2021-07-04,SUN,3.13,450,1408.5,87
A015,A,banana,2021-07-05,MON,3.13,408,1277.04,77.6
A015,A,banana,2021-07-06,TUE,3.13,413,1292.69,83.8
A015,A,banana,2021-07-07,WED,3.13,414,1295.82,80.4
A015,A,banana,2021-07-08,THU,3.14,408,1281.12,80.7
A015,A,banana,2021-07-09,FRI,3.14,409,1284.26,82.4
A015,A,banana,2021-07-10,SAT,3.14,456,1431.84,82.1
A015,A,banana,2021-07-11,SUN,3.14,452,1419.28,82.3
A015,A,banana,2021-07-12,MON,3.14,416,1306.24,84.2
A015,A,banana,2021-07-13,TUE,3.14,424,1331.36,82
A015,A,banana,2021-07-14,WED,3.14,413,1296.82,75
A015,A,banana,2021-07-15,THU,3.14,411,1290.54,79.4
A015,A,banana,2021-07-16,FRI,3.14,416,1306.24,71.6
A015,A,banana,2021-07-17,SAT,3.14,453,1422.42,66.3
A015,A,banana,2021-07-18,SUN,3.14,451,1416.14,66.4
A015,A,banana,2021-07-19,MON,3.14,408,1281.12,72.2
A015,A,banana,2021-07-20,TUE,3.14,417,1309.38,73.4
A015,A,banana,2021-07-21,WED,3.14,408,1281.12,77.3
A015,A,banana,2021-07-22,THU,3.14,415,1303.1,69.6
A015,A,banana,2021-07-23,FRI,3.14,422,1325.08,78.7
A015,A,banana,2021-07-24,SAT,3.14,450,1413,82
A015,A,banana,2021-07-25,SUN,3.14,451,1416.14,89.1
A015,A,banana,2021-07-26,MON,3.14,412,1293.68,75.5
A015,A,banana,2021-07-27,TUE,3.14,416,1306.24,80.9
A015,A,banana,2021-07-28,WED,3.14,410,1287.4,80.7
A015,A,banana,2021-07-29,THU,3.15,412,1297.8,67.8
A015,A,banana,2021-07-30,FRI,3.15,413,1300.95,89
A015,A,banana,2021-07-31,SAT,3.15,452,1423.8,83
A015,A,banana,2021-08-01,SUN,3.15,450,1417.5,87.9
A015,A,banana,2021-08-02,MON,3.15,413,1300.95,77.6
A015,A,banana,2021-08-03,TUE,3.15,419,1319.85,77.1
A015,A,banana,2021-08-04,WED,3.15,418,1316.7,69.7
A015,A,banana,2021-08-05,THU,3.15,416,1310.4,83.5
A015,A,banana,2021-08-06,FRI,3.15,420,1323,80.8
A015,A,banana,2021-08-07,SAT,3.15,452,1423.8,82.6
A015,A,banana,2021-08-08,SUN,3.15,454,1430.1,80.3
A015,A,banana,2021-08-09,MON,3.15,408,1285.2,82
A015,A,banana,2021-08-10,TUE,3.15,424,1335.6,77.3
A015,A,banana,2021-08-11,WED,3.15,416,1310.4,72.8
A015,A,banana,2021-08-12,THU,3.14,421,1321.94,81.6
A015,A,banana,2021-08-13,FRI,3.14,413,1296.82,77.6
A015,A,banana,2021-08-14,SAT,3.14,452,1419.28,75.3
A015,A,banana,2021-08-15,SUN,3.14,452,1419.28,77.9
A015,A,banana,2021-08-16,MON,3.14,421,1321.94,76.8
A015,A,banana,2021-08-17,TUE,3.14,423,1328.22,81.3
A015,A,banana,2021-08-18,WED,3.14,418,1312.52,76.1
A015,A,banana,2021-08-19,THU,3.13,414,1295.82,76.5
A015,A,banana,2021-08-20,FRI,3.13,415,1298.95,80.6
A015,A,banana,2021-08-21,SAT,3.13,453,1417.89,89
A015,A,banana,2021-08-22,SUN,3.13,449,1405.37,88.9
A015,A,banana,2021-08-23,MON,3.13,423,1323.99,78.6
A015,A,banana,2021-08-24,TUE,3.13,415,1298.95,77.1
A015,A,banana,2021-08-25,WED,3.13,424,1327.12,80.1
A015,A,banana,2021-08-26,THU,3.15,412,1297.8,73.1
A015,A,banana,2021-08-27,FRI,3.15,409,1288.35,77.4
A015,A,banana,2021-08-28,SAT,3.15,451,1420.65,78.7
A015,A,banana,2021-08-29,SUN,3.15,456,1436.4,78.4
A015,A,banana,2021-08-30,MON,3.15,410,1291.5,82.2
A015,A,banana,2021-08-31,TUE,3.15,420,1323,83
A015,A,banana,2021-09-01,WED,3.15,410,1291.5,80.1
A015,A,banana,2021-09-02,THU,3.15,414,1304.1,78.9
A015,A,banana,2021-09-03,FRI,3.15,415,1307.25,74.4
A015,A,banana,2021-09-04,SAT,3.15,450,1417.5,83.1
A015,A,banana,2021-09-05,SUN,3.15,450,1417.5,76.9
A015,A,banana,2021-09-06,MON,3.15,410,1291.5,75.5
A015,A,banana,2021-09-07,TUE,3.15,421,1326.15,66.7
A015,A,banana,2021-09-08,WED,3.15,412,1297.8,63
A015,A,banana,2021-09-09,THU,3.16,420,1327.2,85.9
A015,A,banana,2021-09-10,FRI,3.16,421,1330.36,87.5
A015,A,banana,2021-09-11,SAT,3.16,456,1440.96,76.1
A015,A,banana,2021-09-12,SUN,3.16,454,1434.64,75.5
A015,A,banana,2021-09-13,MON,3.16,408,1289.28,77.8
A015,A,banana,2021-09-14,TUE,3.16,413,1305.08,94.1
A015,A,banana,2021-09-15,WED,3.16,409,1292.44,84.2
A015,A,banana,2021-09-16,THU,3.19,411,1311.09,83.4
A015,A,banana,2021-09-17,FRI,3.19,413,1317.47,83.2
A015,A,banana,2021-09-18,SAT,3.19,450,1435.5,78.4
A015,A,banana,2021-09-19,SUN,3.19,451,1438.69,88.7
A015,A,banana,2021-09-20,MON,3.19,414,1320.66,82
A015,A,banana,2021-09-21,TUE,3.19,418,1333.42,80
A015,A,banana,2021-09-22,WED,3.19,418,1333.42,81.8
A015,A,banana,2021-09-23,THU,3.2,421,1347.2,77.4
A015,A,banana,2021-09-24,FRI,3.2,420,1344,80.8
A015,A,banana,2021-09-25,SAT,3.2,456,1459.2,91.7
A015,A,banana,2021-09-26,SUN,3.2,454,1452.8,83.3
A015,A,banana,2021-09-27,MON,3.2,408,1305.6,76.7
A015,A,banana,2021-09-28,TUE,3.2,420,1344,85.1
A015,A,banana,2021-09-29,WED,3.2,415,1328,76.5
A015,A,banana,2021-09-30,THU,3.21,424,1361.04,88.3
A015,A,cherry,2021-04-01,THU,,,,
A015,A,cherry,2021-04-02,FRI,,,,
A015,A,cherry,2021-04-03,SAT,,,,
A015,A,cherry,2021-04-04,SUN,,,,
A015,A,cherry,2021-04-05,MON,,,,
A015,A,cherry,2021-04-06,TUE,,,,
A015,A,cherry,2021-04-07,WED,,,,
A015,A,cherry,2021-04-08,THU,,,,
A015,A,cherry,2021-04-09,FRI,,,,
A015,A,cherry,2021-04-10,SAT,,,,
A015,A,cherry,2021-04-11,SUN,,,,
A015,A,cherry,2021-04-12,MON,,,,
A015,A,cherry,2021-04-13,TUE,,,,
A015,A,cherry,2021-04-14,WED,,,,
A015,A,cherry,2021-04-15,THU,,,,
A015,A,cherry,2021-04-16,FRI,,,,
A015,A,cherry,2021-04-17,SAT,,,,
A015,A,cherry,2021-04-18,SUN,,,,
A015,A,cherry,2021-04-19,MON,,,,
A015,A,cherry,2021-04-20,TUE,,,,
A015,A,cherry,2021-04-21,WED,,,,
A015,A,cherry,2021-04-22,THU,,,,
A015,A,cherry,2021-04-23,FRI,,,,
A015,A,cherry,2021-04-24,SAT,,,,
A015,A,cherry,2021-04-25,SUN,,,,
A015,A,cherry,2021-04-26,MON,,,,
A015,A,cherry,2021-04-27,TUE,,,,
A015,A,cherry,2021-04-28,WED,,,,
A015,A,cherry,2021-04-29,THU,,,,
A015,A,cherry,2021-04-30,FRI,,,,
A015,A,cherry,2021-05-01,SAT,,,,
A015,A,cherry,2021-05-02,SUN,,,,
A015,A,cherry,2021-05-03,MON,,,,
A015,A,cherry,2021-05-04,TUE,,,,
A015,A,cherry,2021-05-05,WED,,,,
A015,A,cherry,2021-05-06,THU,,,,
A015,A,cherry,2021-05-07,FRI,,,,
A015,A,cherry,2021-05-08,SAT,,,,
A015,A,cherry,2021-05-09,SUN,,,,
A015,A,cherry,2021-05-10,MON,,,,
A015,A,cherry,2021-05-11,TUE,,,,
A015,A,cherry,2021-05-12,WED,,,,
A015,A,cherry,2021-05-13,THU,,,,
A015,A,cherry,2021-05-14,FRI,,,,
A015,A,cherry,2021-05-15,SAT,,,,
A015,A,cherry,2021-05-16,SUN,,,,
A015,A,cherry,2021-05-17,MON,,,,
A015,A,cherry,2021-05-18,TUE,,,,
A015,A,cherry,2021-05-19,WED,,,,
A015,A,cherry,2021-05-20,THU,,,,
A015,A,cherry,2021-05-21,FRI,,,,
A015,A,cherry,2021-05-22,SAT,,,,
A015,A,cherry,2021-05-23,SUN,,,,
A015,A,cherry,2021-05-24,MON,,,,
A015,A,cherry,2021-05-25,TUE,,,,
A015,A,cherry,2021-05-26,WED,,,,
A015,A,cherry,2021-05-27,THU,,,,
A015,A,cherry,2021-05-28,FRI,,,,
A015,A,cherry,2021-05-29,SAT,,,,
A015,A,cherry,2021-05-30,SUN,,,,
A015,A,cherry,2021-05-31,MON,,,,
A015,A,cherry,2021-06-01,TUE,,,,
A015,A,cherry,2021-06-02,WED,,,,
A015,A,cherry,2021-06-03,THU,,,,
A015,A,cherry,2021-06-04,FRI,,,,
A015,A,cherry,2021-06-05,SAT,,,,
A015,A,cherry,2021-06-06,SUN,,,,
A015,A,cherry,2021-06-07,MON,,,,
A015,A,cherry,2021-06-08,TUE,,,,
A015,A,cherry,2021-06-09,WED,,,,
A015,A,cherry,2021-06-10,THU,,,,
A015,A,cherry,2021-06-11,FRI,,,,
A015,A,cherry,2021-06-12,SAT,,,,
A015,A,cherry,2021-06-13,SUN,,,,
A015,A,cherry,2021-06-14,MON,,,,
A015,A,cherry,2021-06-15,TUE,,,,
A015,A,cherry,2021-06-16,WED,,,,
A015,A,cherry,2021-06-17,THU,,,,
A015,A,cherry,2021-06-18,FRI,,,,
A015,A,cherry,2021-06-19,SAT,,,,
A015,A,cherry,2021-06-20,SUN,,,,
A015,A,cherry,2021-06-21,MON,,,,
A015,A,cherry,2021-06-22,TUE,,,,
A015,A,cherry,2021-06-23,WED,,,,
A015,A,cherry,2021-06-24,THU,,,,
A015,A,cherry,2021-06-25,FRI,,,,
A015,A,cherry,2021-06-26,SAT,,,,
A015,A,cherry,2021-06-27,SUN,,,,
A015,A,cherry,2021-06-28,MON,,,,
A015,A,cherry,2021-06-29,TUE,,,,
A015,A,cherry,2021-06-30,WED,,,,
A015,A,cherry,2021-07-01,THU,,,,
A015,A,cherry,2021-07-02,FRI,,,,
A015,A,cherry,2021-07-03,SAT,,,,
A015,A,cherry,2021-07-04,SUN,,,,
A015,A,cherry,2021-07-05,MON,,,,
A015,A,cherry,2021-07-06,TUE,,,,
A015,A,cherry,2021-07-07,WED,,,,
A015,A,cherry,2021-07-08,THU,,,,
A015,A,cherry,2021-07-09,FRI,,,,
A015,A,cherry,2021-07-10,SAT,,,,
A015,A,cherry,2021-07-11,SUN,,,,
A015,A,cherry,2021-07-12,MON,,,,
A015,A,cherry,2021-07-13,TUE,,,,
A015,A,cherry,2021-07-14,WED,,,,
A015,A,cherry,2021-07-15,THU,,,,
A015,A,cherry,2021-07-16,FRI,,,,
A015,A,cherry,2021-07-17,SAT,,,,
A015,A,cherry,2021-07-18,SUN,,,,
A015,A,cherry,2021-07-19,MON,,,,
A015,A,cherry,2021-07-20,TUE,,,,
A015,A,cherry,2021-07-21,WED,,,,
A015,A,cherry,2021-07-22,THU,,,,
A015,A,cherry,2021-07-23,FRI,,,,
A015,A,cherry,2021-07-24,SAT,,,,
A015,A,cherry,2021-07-25,SUN,,,,
A015,A,cherry,2021-07-26,MON,,,,
A015,A,cherry,2021-07-27,TUE,,,,
A015,A,cherry,2021-07-28,WED,,,,
A015,A,cherry,2021-07-29,THU,,,,
A015,A,cherry,2021-07-30,FRI,,,,
A015,A,cherry,2021-07-31,SAT,,,,
A015,A,cherry,2021-08-01,SUN,,,,
A015,A,cherry,2021-08-02,MON,,,,
A015,A,cherry,2021-08-03,TUE,,,,
A015,A,cherry,2021-08-04,WED,,,,
A015,A,cherry,2021-08-05,THU,,,,
A015,A,cherry,2021-08-06,FRI,,,,
A015,A,cherry,2021-08-07,SAT,,,,
A015,A,cherry,2021-08-08,SUN,,,,
A015,A,cherry,2021-08-09,MON,,,,
A015,A,cherry,2021-08-10,TUE,,,,
A015,A,cherry,2021-08-11,WED,,,,
A015,A,cherry,2021-08-12,THU,,,,
A015,A,cherry,2021-08-13,FRI,,,,
A015,A,cherry,2021-08-14,SAT,,,,
A015,A,cherry,2021-08-15,SUN,,,,
A015,A,cherry,2021-08-16,MON,,,,
A015,A,cherry,2021-08-17,TUE,,,,
A015,A,cherry,2021-08-18,WED,,,,
A015,A,cherry,2021-08-19,THU,,,,
A015,A,cherry,2021-08-20,FRI,,,,
A015,A,cherry,2021-08-21,SAT,,,,
A015,A,cherry,2021-08-22,SUN,,,,
A015,A,cherry,2021-08-23,MON,,,,
A015,A,cherry,2021-08-24,TUE,,,,
A015,A,cherry,2021-08-25,WED,,,,
A015,A,cherry,2021-08-26,THU,,,,
A015,A,cherry,2021-08-27,FRI,,,,
A015,A,cherry,2021-08-28,SAT,,,,
A015,A,cherry,2021-08-29,SUN,,,,
A015,A,cherry,2021-08-30,MON,,,,
A015,A,cherry,2021-08-31,TUE,,,,
A015,A,cherry,2021-09-01,WED,,,,
A015,A,cherry,2021-09-02,THU,,,,
A015,A,cherry,2021-09-03,FRI,,,,
A015,A,cherry,2021-09-04,SAT,,,,
A015,A,cherry,2021-09-05,SUN,,,,
A015,A,cherry,2021-09-06,MON,,,,
A015,A,cherry,2021-09-07,TUE,,,,
A015,A,cherry,2021-09-08,WED,,,,
A015,A,cherry,2021-09-09,THU,,,,
A015,A,cherry,2021-09-10,FRI,,,,
A015,A,cherry,2021-09-11,SAT,,,,
A015,A,cherry,2021-09-12,SUN,,,,
A015,A,cherry,2021-09-13,MON,,,,
A015,A,cherry,2021-09-14,TUE,,,,
A015,A,cherry,2021-09-15,WED,,,,
A015,A,cherry,2021-09-16,THU,,,,
A015,A,cherry,2021-09-17,FRI,,,,
A015,A,cherry,2021-09-18,SAT,,,,
A015,A,cherry,2021-09-19,SUN,,,,
A015,A,cherry,2021-09-20,MON,,,,
A015,A,cherry,2021-09-21,TUE,,,,
A015,A,cherry,2021-09-22,WED,,,,
A015,A,cherry,2021-09-23,THU,,,,
A015,A,cherry,2021-09-24,FRI,,,,
A015,A,cherry,2021-09-25,SAT,,,,
A015,A,cherry,2021-09-26,SUN,,,,
A015,A,cherry,2021-09-27,MON,,,,
A015,A,cherry,2021-09-28,TUE,,,,
A015,A,cherry,2021-09-29,WED,,,,
A015,A,cherry,2021-09-30,THU,,,,
A016,A,apple,2021-04-01,THU,1.05,474,497.7,81.7
A016,A,apple,2021-04-02,FRI,1.05,471,494.55,70.6
A016,A,apple,2021-04-03,SAT,1.05,523,549.15,72.7
A016,A,apple,2021-04-04,SUN,1.05,528,554.4,70
A016,A,apple,2021-04-05,MON,1.05,473,496.65,50
A016,A,apple,2021-04-06,TUE,1.05,477,500.85,62.1
A016,A,apple,2021-04-07,WED,1.05,483,507.15,63.6
A016,A,apple,2021-04-08,THU,1.04,485,504.4,67.9
A016,A,apple,2021-04-09,FRI,1.04,480,499.2,81.3
A016,A,apple,2021-04-10,SAT,1.04,522,542.88,81.7
A016,A,apple,2021-04-11,SUN,1.04,522,542.88,75.8
A016,A,apple,2021-04-12,MON,1.04,473,491.92,64.1
A016,A,apple,2021-04-13,TUE,1.04,488,507.52,54.2
A016,A,apple,2021-04-14,WED,1.04,478,497.12,59.8
A016,A,apple,2021-04-15,THU,1.07,481,514.67,70.3
A016,A,apple,2021-04-16,FRI,1.07,480,513.6,70.8
A016,A,apple,2021-04-17,SAT,1.07,523,559.61,57.3
A016,A,apple,2021-04-18,SUN,1.07,525,561.75,55.7
A016,A,apple,2021-04-19,MON,1.07,473,506.11,66.6
A016,A,apple,2021-04-20,TUE,1.07,481,514.67,68.4
A016,A,apple,2021-04-21,WED,1.07,475,508.25,73.7
A016,A,apple,2021-04-22,THU,1.09,487,530.83,62.8
A016,A,apple,2021-04-23,FRI,1.09,482,525.38,60.2
A016,A,apple,2021-04-24,SAT,1.09,525,572.25,58.6
A016,A,apple,2021-04-25,SUN,1.09,521,567.89,70.3
A016,A,apple,2021-04-26,MON,1.09,485,528.65,60.3
A016,A,apple,2021-04-27,TUE,1.09,485,528.65,68.9
A016,A,apple,2021-04-28,WED,1.09,472,514.48,66.9
A016,A,apple,2021-04-29,THU,1.1,487,535.7,68.4
A016,A,apple,2021-04-30,FRI,1.1,471,518.1,65.9
A016,A,apple,2021-05-01,SAT,1.1,519,570.9,69.4
A016,A,apple,2021-05-02,SUN,1.1,523,575.3,63.4
A016,A,apple,2021-05-03,MON,1.1,473,520.3,76.6
A016,A,apple,2021-05-04,TUE,1.1,485,533.5,72
A016,A,apple,2021-05-05,WED,1.1,483,531.3,77
A016,A,apple,2021-05-06,THU,1.11,484,537.24,71.7
A016,A,apple,2021-05-07,FRI,1.11,479,531.69,61.3
A016,A,apple,2021-05-08,SAT,1.11,522,579.42,83.4
A016,A,apple,2021-05-09,SUN,1.11,526,583.86,76
A016,A,apple,2021-05-10,MON,1.11,481,533.91,73.5
A016,A,apple,2021-05-11,TUE,1.11,477,529.47,72.5
A016,A,apple,2021-05-12,WED,1.11,485,538.35,70
A016,A,apple,2021-05-13,THU,1.12,480,537.6,87.9
A016,A,apple,2021-05-14,FRI,1.12,481,538.72,84.6
A016,A,apple,2021-05-15,SAT,1.12,528,591.36,90.2
A016,A,apple,2021-05-16,SUN,1.12,520,582.4,84
A016,A,apple,2021-05-17,MON,1.12,478,535.36,82.9
A016,A,apple,2021-05-18,TUE,1.12,479,536.48,78.9
A016,A,apple,2021-05-19,WED,1.12,485,543.2,74.8
A016,A,apple,2021-05-20,THU,1.11,474,526.14,81.9
A016,A,apple,2021-05-21,FRI,1.11,474,526.14,81.8
A016,A,apple,2021-05-22,SAT,1.11,526,583.86,83.3
A016,A,apple,2021-05-23,SUN,1.11,526,583.86,80.2
A016,A,apple,2021-05-24,MON,1.11,473,525.03,84.4
A016,A,apple,2021-05-25,TUE,1.11,470,521.7,75.7
A016,A,apple,2021-05-26,WED,1.11,486,539.46,79.4
A016,A,apple,2021-05-27,THU,1.11,481,533.91,75.3
A016,A,apple,2021-05-28,FRI,1.11,488,541.68,74.9
A016,A,apple,2021-05-29,SAT,1.11,526,583.86,65.5
A016,A,apple,2021-05-30,SUN,1.11,525,582.75,78.2
A016,A,apple,2021-05-31,MON,1.11,485,538.35,74.8
A016,A,apple,2021-06-01,TUE,1.11,480,532.8,62.7
A016,A,apple,2021-06-02,WED,1.11,476,528.36,63.1
A016,A,apple,2021-06-03,THU,1.12,488,546.56,74.6
A016,A,apple,2021-06-04,FRI,1.12,481,538.72,86.2
A016,A,apple,2021-06-05,SAT,1.12,524,586.88,69.4
A016,A,apple,2021-06-06,SUN,1.12,525,588,76.6
A016,A,apple,2021-06-07,MON,1.12,471,527.52,76.9
A016,A,apple,2021-06-08,TUE,1.12,489,547.68,68.2
A016,A,apple,2021-06-09,WED,1.12,476,533.12,68.3
A016,A,apple,2021-06-10,THU,1.15,484,556.6,79.6
A016,A,apple,2021-06-11,FRI,1.15,471,541.65,76.8
A016,A,apple,2021-06-12,SAT,1.15,528,607.2,69.2
A016,A,apple,2021-06-13,SUN,1.15,524,602.6,65.4
A016,A,apple,2021-06-14,MON,1.15,479,550.85,66.9
A016,A,apple,2021-06-15,TUE,1.15,488,561.2,63.2
A016,A,apple,2021-06-16,WED,1.15,484,556.6,69.7
A016,A,apple,2021-06-17,THU,1.16,482,559.12,89.3
A016,A,apple,2021-06-18,FRI,1.16,483,560.28,95.7
A016,A,apple,2021-06-19,SAT,1.16,526,610.16,91.6
A016,A,apple,2021-06-20,SUN,1.16,525,609,92.9
A016,A,apple,2021-06-21,MON,1.16,488,566.08,85.6
A016,A,apple,2021-06-22,TUE,1.16,475,551,73.7
A016,A,apple,2021-06-23,WED,1.16,489,567.24,68.9
A016,A,apple,2021-06-24,THU,1.17,487,569.79,85.9
A016,A,apple,2021-06-25,FRI,1.17,476,556.92,81.6
A016,A,apple,2021-06-26,SAT,1.17,525,614.25,81.8
A016,A,apple,2021-06-27,SUN,1.17,519,607.23,89.3
A016,A,apple,2021-06-28,MON,1.17,482,563.94,96.9
A016,A,apple,2021-06-29,TUE,1.17,486,568.62,86.8
A016,A,apple,2021-06-30,WED,1.17,483,565.11,82.1
A016,A,apple,2021-07-01,THU,1.19,487,579.53,75.1
A016,A,apple,2021-07-02,FRI,1.19,477,567.63,77.7
A016,A,apple,2021-07-03,SAT,1.19,519,617.61,83.3
A016,A,apple,2021-07-04,SUN,1.19,527,627.13,87
A016,A,apple,2021-07-05,MON,1.19,488,580.72,77.6
A016,A,apple,2021-07-06,TUE,1.19,482,573.58,83.8
A016,A,apple,2021-07-07,WED,1.19,489,581.91,80.4
A016,A,apple,2021-07-08,THU,1.22,489,596.58,80.7
A016,A,apple,2021-07-09,FRI,1.22,476,580.72,82.4
A016,A,apple,2021-07-10,SAT,1.22,526,641.72,82.1
A016,A,apple,2021-07-11,SUN,1.22,520,634.4,82.3
A016,A,apple,2021-07-12,MON,1.22,472,575.84,84.2
A016,A,apple,2021-07-13,TUE,1.22,475,579.5,82
A016,A,apple,2021-07-14,WED,1.22,478,583.16,75
A016,A,apple,2021-07-15,THU,1.23,482,592.86,79.4
A016,A,apple,2021-07-16,FRI,1.23,489,601.47,71.6
A016,A,apple,2021-07-17,SAT,1.23,522,642.06,66.3
A016,A,apple,2021-07-18,SUN,1.23,521,640.83,66.4
A016,A,apple,2021-07-19,MON,1.23,482,592.86,72.2
A016,A,apple,2021-07-20,TUE,1.23,479,589.17,73.4
A016,A,apple,2021-07-21,WED,1.23,482,592.86,77.3
A016,A,apple,2021-07-22,THU,1.23,485,596.55,69.6
A016,A,apple,2021-07-23,FRI,1.23,485,596.55,78.7
A016,A,apple,2021-07-24,SAT,1.23,522,642.06,82
A016,A,apple,2021-07-25,SUN,1.23,523,643.29,89.1
A016,A,apple,2021-07-26,MON,1.23,486,597.78,75.5
A016,A,apple,2021-07-27,TUE,1.23,481,591.63,80.9
A016,A,apple,2021-07-28,WED,1.23,488,600.24,80.7
A016,A,apple,2021-07-29,THU,1.26,487,613.62,67.8
A016,A,apple,2021-07-30,FRI,1.26,478,602.28,89
A016,A,apple,2021-07-31,SAT,1.26,521,656.46,83
A016,A,apple,2021-08-01,SUN,1.26,522,657.72,87.9
A016,A,apple,2021-08-02,MON,1.26,478,602.28,77.6
A016,A,apple,2021-08-03,TUE,1.26,481,606.06,77.1
A016,A,apple,2021-08-04,WED,1.26,481,606.06,69.7
A016,A,apple,2021-08-05,THU,1.27,484,614.68,83.5
A016,A,apple,2021-08-06,FRI,1.27,484,614.68,80.8
A016,A,apple,2021-08-07,SAT,1.27,520,660.4,82.6
A016,A,apple,2021-08-08,SUN,1.27,527,669.29,80.3
A016,A,apple,2021-08-09,MON,1.27,472,599.44,82
A016,A,apple,2021-08-10,TUE,1.27,485,615.95,77.3
A016,A,apple,2021-08-11,WED,1.27,477,605.79,72.8
A016,A,apple,2021-08-12,THU,1.27,476,604.52,81.6
A016,A,apple,2021-08-13,FRI,1.27,484,614.68,77.6
A016,A,apple,2021-08-14,SAT,1.27,521,661.67,75.3
A016,A,apple,2021-08-15,SUN,1.27,523,664.21,77.9
A016,A,apple,2021-08-16,MON,1.27,481,610.87,76.8
A016,A,apple,2021-08-17,TUE,1.27,478,607.06,81.3
A016,A,apple,2021-08-18,WED,1.27,487,618.49,76.1
A016,A,apple,2021-08-19,THU,1.27,480,609.6,76.5
A016,A,apple,2021-08-20,FRI,1.27,478,607.06,80.6
A016,A,apple,2021-08-21,SAT,1.27,525,666.75,89
A016,A,apple,2021-08-22,SUN,1.27,522,662.94,88.9
A016,A,apple,2021-08-23,MON,1.27,473,600.71,78.6
A016,A,apple,2021-08-24,TUE,1.27,477,605.79,77.1
A016,A,apple,2021-08-25,WED,1.27,486,617.22,80.1
A016,A,apple,2021-08-26,THU,1.27,488,619.76,73.1
A016,A,apple,2021-08-27,FRI,1.27,488,619.76,77.4
A016,A,apple,2021-08-28,SAT,1.27,519,659.13,78.7
A016,A,apple,2021-08-29,SUN,1.27,526,668.02,78.4
A016,A,apple,2021-08-30,MON,1.27,483,613.41,82.2
A016,A,apple,2021-08-31,TUE,1.27,486,617.22,83
A016,A,apple,2021-09-01,WED,1.27,473,600.71,80.1
A016,A,apple,2021-09-02,THU,1.27,479,608.33,78.9
A016,A,apple,2021-09-03,FRI,1.27,482,612.14,74.4
A016,A,apple,2021-09-04,SAT,1.27,526,668.02,83.1
A016,A,apple,2021-09-05,SUN,1.27,526,668.02,76.9
A016,A,apple,2021-09-06,MON,1.27,485,615.95,75.5
A016,A,apple,2021-09-07,TUE,1.27,483,613.41,66.7
A016,A,apple,2021-09-08,WED,1.27,484,614.68,63
A016,A,apple,2021-09-09,THU,1.26,472,594.72,85.9
A016,A,apple,2021-09-10,FRI,1.26,488,614.88,87.5
A016,A,apple,2021-09-11,SAT,1.26,521,656.46,76.1
A016,A,apple,2021-09-12,SUN,1.26,526,662.76,75.5
A016,A,apple,2021-09-13,MON,1.26,477,601.02,77.8
A016,A,apple,2021-09-14,TUE,1.26,488,614.88,94.1
A016,A,apple,2021-09-15,WED,1.26,486,612.36,84.2
A016,A,apple,2021-09-16,THU,1.29,489,630.81,83.4
A016,A,apple,2021-09-17,FRI,1.29,489,630.81,83.2
A016,A,apple,2021-09-18,SAT,1.29,527,679.83,78.4
A016,A,apple,2021-09-19,SUN,1.29,525,677.25,88.7
A016,A,apple,2021-09-20,MON,1.29,478,616.62,82
A016,A,apple,2021-09-21,TUE,1.29,472,608.88,80
A016,A,apple,2021-09-22,WED,1.29,477,615.33,81.8
A016,A,apple,2021-09-23,THU,1.3,484,629.2,77.4
A016,A,apple,2021-09-24,FRI,1.3,482,626.6,80.8
A016,A,apple,2021-09-25,SAT,1.3,528,686.4,91.7
A016,A,apple,2021-09-26,SUN,1.3,523,679.9,83.3
A016,A,apple,2021-09-27,MON,1.3,483,627.9,76.7
A016,A,apple,2021-09-28,TUE,1.3,470,611,85.1
A016,A,apple,2021-09-29,WED,1.3,481,625.3,76.5
A016,A,apple,2021-09-30,THU,1.3,488,634.4,88.3
A016,A,cherry,2021-04-01,THU,,,,
A016,A,cherry,2021-04-02,FRI,,,,
A016,A,cherry,2021-04-03,SAT,,,,
A016,A,cherry,2021-04-04,SUN,,,,
A016,A,cherry,2021-04-05,MON,,,,
A016,A,cherry,2021-04-06,TUE,,,,
A016,A,cherry,2021-04-07,WED,,,,
A016,A,cherry,2021-04-08,THU,,,,
A016,A,cherry,2021-04-09,FRI,,,,
A016,A,cherry,2021-04-10,SAT,,,,
A016,A,cherry,2021-04-11,SUN,,,,
A016,A,cherry,2021-04-12,MON,,,,
A016,A,cherry,2021-04-13,TUE,,,,
A016,A,cherry,2021-04-14,WED,,,,
A016,A,cherry,2021-04-15,THU,,,,
A016,A,cherry,2021-04-16,FRI,,,,
A016,A,cherry,2021-04-17,SAT,,,,
A016,A,cherry,2021-04-18,SUN,,,,
A016,A,cherry,2021-04-19,MON,,,,
A016,A,cherry,2021-04-20,TUE,,,,
A016,A,cherry,2021-04-21,WED,,,,
A016,A,cherry,2021-04-22,THU,,,,
A016,A,cherry,2021-04-23,FRI,,,,
A016,A,cherry,2021-04-24,SAT,,,,
A016,A,cherry,2021-04-25,SUN,,,,
A016,A,cherry,2021-04-26,MON,,,,
A016,A,cherry,2021-04-27,TUE,,,,
A016,A,cherry,2021-04-28,WED,,,,
A016,A,cherry,2021-04-29,THU,,,,
A016,A,cherry,2021-04-30,FRI,,,,
A016,A,cherry,2021-05-01,SAT,,,,
A016,A,cherry,2021-05-02,SUN,,,,
A016,A,cherry,2021-05-03,MON,,,,
A016,A,cherry,2021-05-04,TUE,,,,
A016,A,cherry,2021-05-05,WED,,,,
A016,A,cherry,2021-05-06,THU,,,,
A016,A,cherry,2021-05-07,FRI,,,,
A016,A,cherry,2021-05-08,SAT,,,,
A016,A,cherry,2021-05-09,SUN,,,,
A016,A,cherry,2021-05-10,MON,,,,
A016,A,cherry,2021-05-11,TUE,,,,
A016,A,cherry,2021-05-12,WED,,,,
A016,A,cherry,2021-05-13,THU,,,,
A016,A,cherry,2021-05-14,FRI,,,,
A016,A,cherry,2021-05-15,SAT,,,,
A016,A,cherry,2021-05-16,SUN,,,,
A016,A,cherry,2021-05-17,MON,,,,
A016,A,cherry,2021-05-18,TUE,,,,
A016,A,cherry,2021-05-19,WED,,,,
A016,A,cherry,2021-05-20,THU,,,,
A016,A,cherry,2021-05-21,FRI,,,,
A016,A,cherry,2021-05-22,SAT,,,,
A016,A,cherry,2021-05-23,SUN,,,,
A016,A,cherry,2021-05-24,MON,,,,
A016,A,cherry,2021-05-25,TUE,,,,
A016,A,cherry,2021-05-26,WED,,,,
A016,A,cherry,2021-05-27,THU,,,,
A016,A,cherry,2021-05-28,FRI,,,,
A016,A,cherry,2021-05-29,SAT,,,,
A016,A,cherry,2021-05-30,SUN,,,,
A016,A,cherry,2021-05-31,MON,,,,
A016,A,cherry,2021-06-01,TUE,,,,
A016,A,cherry,2021-06-02,WED,,,,
A016,A,cherry,2021-06-03,THU,,,,
A016,A,cherry,2021-06-04,FRI,,,,
A016,A,cherry,2021-06-05,SAT,,,,
A016,A,cherry,2021-06-06,SUN,,,,
A016,A,cherry,2021-06-07,MON,,,,
A016,A,cherry,2021-06-08,TUE,,,,
A016,A,cherry,2021-06-09,WED,,,,
A016,A,cherry,2021-06-10,THU,,,,
A016,A,cherry,2021-06-11,FRI,,,,
A016,A,cherry,2021-06-12,SAT,,,,
A016,A,cherry,2021-06-13,SUN,,,,
A016,A,cherry,2021-06-14,MON,,,,
A016,A,cherry,2021-06-15,TUE,,,,
A016,A,cherry,2021-06-16,WED,,,,
A016,A,cherry,2021-06-17,THU,,,,
A016,A,cherry,2021-06-18,FRI,,,,
A016,A,cherry,2021-06-19,SAT,,,,
A016,A,cherry,2021-06-20,SUN,,,,
A016,A,cherry,2021-06-21,MON,,,,
A016,A,cherry,2021-06-22,TUE,,,,
A016,A,cherry,2021-06-23,WED,,,,
A016,A,cherry,2021-06-24,THU,,,,
A016,A,cherry,2021-06-25,FRI,,,,
A016,A,cherry,2021-06-26,SAT,,,,
A016,A,cherry,2021-06-27,SUN,,,,
A016,A,cherry,2021-06-28,MON,,,,
A016,A,cherry,2021-06-29,TUE,,,,
A016,A,cherry,2021-06-30,WED,,,,
A016,A,cherry,2021-07-01,THU,,,,
A016,A,cherry,2021-07-02,FRI,,,,
A016,A,cherry,2021-07-03,SAT,,,,
A016,A,cherry,2021-07-04,SUN,,,,
A016,A,cherry,2021-07-05,MON,,,,
A016,A,cherry,2021-07-06,TUE,,,,
A016,A,cherry,2021-07-07,WED,,,,
A016,A,cherry,2021-07-08,THU,,,,
A016,A,cherry,2021-07-09,FRI,,,,
A016,A,cherry,2021-07-10,SAT,,,,
A016,A,cherry,2021-07-11,SUN,,,,
A016,A,cherry,2021-07-12,MON,,,,
A016,A,cherry,2021-07-13,TUE,,,,
A016,A,cherry,2021-07-14,WED,,,,
A016,A,cherry,2021-07-15,THU,,,,
A016,A,cherry,2021-07-16,FRI,,,,
A016,A,cherry,2021-07-17,SAT,,,,
A016,A,cherry,2021-07-18,SUN,,,,
A016,A,cherry,2021-07-19,MON,,,,
A016,A,cherry,2021-07-20,TUE,,,,
A016,A,cherry,2021-07-21,WED,,,,
A016,A,cherry,2021-07-22,THU,,,,
A016,A,cherry,2021-07-23,FRI,,,,
A016,A,cherry,2021-07-24,SAT,,,,
A016,A,cherry,2021-07-25,SUN,,,,
A016,A,cherry,2021-07-26,MON,,,,
A016,A,cherry,2021-07-27,TUE,,,,
A016,A,cherry,2021-07-28,WED,,,,
A016,A,cherry,2021-07-29,THU,,,,
A016,A,cherry,2021-07-30,FRI,,,,
A016,A,cherry,2021-07-31,SAT,,,,
A016,A,cherry,2021-08-01,SUN,,,,
A016,A,cherry,2021-08-02,MON,,,,
A016,A,cherry,2021-08-03,TUE,,,,
A016,A,cherry,2021-08-04,WED,,,,
A016,A,cherry,2021-08-05,THU,,,,
A016,A,cherry,2021-08-06,FRI,,,,
A016,A,cherry,2021-08-07,SAT,,,,
A016,A,cherry,2021-08-08,SUN,,,,
A016,A,cherry,2021-08-09,MON,,,,
A016,A,cherry,2021-08-10,TUE,,,,
A016,A,cherry,2021-08-11,WED,,,,
A016,A,cherry,2021-08-12,THU,,,,
A016,A,cherry,2021-08-13,FRI,,,,
A016,A,cherry,2021-08-14,SAT,,,,
A016,A,cherry,2021-08-15,SUN,,,,
A016,A,cherry,2021-08-16,MON,,,,
A016,A,cherry,2021-08-17,TUE,,,,
A016,A,cherry,2021-08-18,WED,,,,
A016,A,cherry,2021-08-19,THU,,,,
A016,A,cherry,2021-08-20,FRI,,,,
A016,A,cherry,2021-08-21,SAT,,,,
A016,A,cherry,2021-08-22,SUN,,,,
A016,A,cherry,2021-08-23,MON,,,,
A016,A,cherry,2021-08-24,TUE,,,,
A016,A,cherry,2021-08-25,WED,,,,
A016,A,cherry,2021-08-26,THU,,,,
A016,A,cherry,2021-08-27,FRI,,,,
A016,A,cherry,2021-08-28,SAT,,,,
A016,A,cherry,2021-08-29,SUN,,,,
A016,A,cherry,2021-08-30,MON,,,,
A016,A,cherry,2021-08-31,TUE,,,,
A016,A,cherry,2021-09-01,WED,,,,
A016,A,cherry,2021-09-02,THU,,,,
A016,A,cherry,2021-09-03,FRI,,,,
A016,A,cherry,2021-09-04,SAT,,,,
A016,A,cherry,2021-09-05,SUN,,,,
A016,A,cherry,2021-09-06,MON,,,,
A016,A,cherry,2021-09-07,TUE,,,,
A016,A,cherry,2021-09-08,WED,,,,
A016,A,cherry,2021-09-09,THU,,,,
A016,A,cherry,2021-09-10,FRI,,,,
A016,A,cherry,2021-09-11,SAT,,,,
A016,A,cherry,2021-09-12,SUN,,,,
A016,A,cherry,2021-09-13,MON,,,,
A016,A,cherry,2021-09-14,TUE,,,,
A016,A,cherry,2021-09-15,WED,,,,
A016,A,cherry,2021-09-16,THU,,,,
A016,A,cherry,2021-09-17,FRI,,,,
A016,A,cherry,2021-09-18,SAT,,,,
A016,A,cherry,2021-09-19,SUN,,,,
A016,A,cherry,2021-09-20,MON,,,,
A016,A,cherry,2021-09-21,TUE,,,,
A016,A,cherry,2021-09-22,WED,,,,
A016,A,cherry,2021-09-23,THU,,,,
A016,A,cherry,2021-09-24,FRI,,,,
A016,A,cherry,2021-09-25,SAT,,,,
A016,A,cherry,2021-09-26,SUN,,,,
A016,A,cherry,2021-09-27,MON,,,,
A016,A,cherry,2021-09-28,TUE,,,,
A016,A,cherry,2021-09-29,WED,,,,
A016,A,cherry,2021-09-30,THU,,,,
A017,A,apple,2021-04-01,THU,0.99,147,145.53,81.7
A017,A,apple,2021-04-02,FRI,0.99,149,147.51,70.6
A017,A,apple,2021-04-03,SAT,0.99,160,158.4,72.7
A017,A,apple,2021-04-04,SUN,0.99,160,158.4,70
A017,A,apple,2021-04-05,MON,0.99,145,143.55,50
A017,A,apple,2021-04-06,TUE,0.99,148,146.52,62.1
A017,A,apple,2021-04-07,WED,0.99,149,147.51,63.6
A017,A,apple,2021-04-08,THU,1,144,144,67.9
A017,A,apple,2021-04-09,FRI,1,149,149,81.3
A017,A,apple,2021-04-10,SAT,1,159,159,81.7
A017,A,apple,2021-04-11,SUN,1,159,159,75.8
A017,A,apple,2021-04-12,MON,1,150,150,64.1
A017,A,apple,2021-04-13,TUE,1,150,150,54.2
A017,A,apple,2021-04-14,WED,1,145,145,59.8
A017,A,apple,2021-04-15,THU,0.99,144,142.56,70.3
A017,A,apple,2021-04-16,FRI,0.99,145,143.55,70.8
A017,A,apple,2021-04-17,SAT,0.99,160,158.4,57.3
A017,A,apple,2021-04-18,SUN,0.99,160,158.4,55.7
A017,A,apple,2021-04-19,MON,0.99,145,143.55,66.6
A017,A,apple,2021-04-20,TUE,0.99,148,146.52,68.4
A017,A,apple,2021-04-21,WED,0.99,148,146.52,73.7
A017,A,apple,2021-04-22,THU,1,145,145,62.8
A017,A,apple,2021-04-23,FRI,1,147,147,60.2
A017,A,apple,2021-04-24,SAT,1,161,161,58.6
A017,A,apple,2021-04-25,SUN,1,159,159,70.3
A017,A,apple,2021-04-26,MON,1,149,149,60.3
A017,A,apple,2021-04-27,TUE,1,149,149,68.9
A017,A,apple,2021-04-28,WED,1,150,150,66.9
A017,A,apple,2021-04-29,THU,1.02,146,148.92,68.4
A017,A,apple,2021-04-30,FRI,1.02,149,151.98,65.9
A017,A,apple,2021-05-01,SAT,1.02,159,162.18,69.4
A017,A,apple,2021-05-02,SUN,1.02,160,163.2,63.4
A017,A,apple,2021-05-03,MON,1.02,145,147.9,76.6
A017,A,apple,2021-05-04,TUE,1.02,144,146.88,72
A017,A,apple,2021-05-05,WED,1.02,150,153,77
A017,A,apple,2021-05-06,THU,1.03,146,150.38,71.7
A017,A,apple,2021-05-07,FRI,1.03,147,151.41,61.3
A017,A,apple,2021-05-08,SAT,1.03,160,164.8,83.4
A017,A,apple,2021-05-09,SUN,1.03,161,165.83,76
A017,A,apple,2021-05-10,MON,1.03,147,151.41,73.5
A017,A,apple,2021-05-11,TUE,1.03,149,153.47,72.5
A017,A,apple,2021-05-12,WED,1.03,147,151.41,70
A017,A,apple,2021-05-13,THU,1.05,145,152.25,87.9
A017,A,apple,2021-05-14,FRI,1.05,147,154.35,84.6
A017,A,apple,2021-05-15,SAT,1.05,162,170.1,90.2
A017,A,apple,2021-05-16,SUN,1.05,159,166.95,84
A017,A,apple,2021-05-17,MON,1.05,149,156.45,82.9
A017,A,apple,2021-05-18,TUE,1.05,149,156.45,78.9
A017,A,apple,2021-05-19,WED,1.05,148,155.4,74.8
A017,A,apple,2021-05-20,THU,1.07,147,157.29,81.9
A017,A,apple,2021-05-21,FRI,1.07,145,155.15,81.8
A017,A,apple,2021-05-22,SAT,1.07,160,171.2,83.3
A017,A,apple,2021-05-23,SUN,1.07,160,171.2,80.2
A017,A,apple,2021-05-24,MON,1.07,146,156.22,84.4
A017,A,apple,2021-05-25,TUE,1.07,144,154.08,75.7
A017,A,apple,2021-05-26,WED,1.07,146,156.22,79.4
A017,A,apple,2021-05-27,THU,1.07,150,160.5,75.3
A017,A,apple,2021-05-28,FRI,1.07,145,155.15,74.9
A017,A,apple,2021-05-29,SAT,1.07,161,172.27,65.5
A017,A,apple,2021-05-30,SUN,1.07,160,171.2,78.2
A017,A,apple,2021-05-31,MON,1.07,145,155.15,74.8
A017,A,apple,2021-06-01,TUE,1.07,149,159.43,62.7
A017,A,apple,2021-06-02,WED,1.07,144,154.08,63.1
A017,A,apple,2021-06-03,THU,1.07,145,155.15,74.6
A017,A,apple,2021-06-04,FRI,1.07,146,156.22,86.2
A017,A,apple,2021-06-05,SAT,1.07,160,171.2,69.4
A017,A,apple,2021-06-06,SUN,1.07,161,172.27,76.6
A017,A,apple,2021-06-07,MON,1.07,148,158.36,76.9
A017,A,apple,2021-06-08,TUE,1.07,147,157.29,68.2
A017,A,apple,2021-06-09,WED,1.07,145,155.15,68.3
A017,A,apple,2021-06-10,THU,1.08,145,156.6,79.6
A017,A,apple,2021-06-11,FRI,1.08,149,160.92,76.8
A017,A,apple,2021-06-12,SAT,1.08,161,173.88,69.2
A017,A,apple,2021-06-13,SUN,1.08,159,171.72,65.4
A017,A,apple,2021-06-14,MON,1.08,147,158.76,66.9
A017,A,apple,2021-06-15,TUE,1.08,144,155.52,63.2
A017,A,apple,2021-06-16,WED,1.08,145,156.6,69.7
A017,A,apple,2021-06-17,THU,1.07,146,156.22,89.3
A017,A,apple,2021-06-18,FRI,1.07,150,160.5,95.7
A017,A,apple,2021-06-19,SAT,1.07,159,170.13,91.6
A017,A,apple,2021-06-20,SUN,1.07,159,170.13,92.9
A017,A,apple,2021-06-21,MON,1.07,146,156.22,85.6
A017,A,apple,2021-06-22,TUE,1.07,145,155.15,73.7
A017,A,apple,2021-06-23,WED,1.07,145,155.15,68.9
A017,A,apple,2021-06-24,THU,1.08,149,160.92,85.9
A017,A,apple,2021-06-25,FRI,1.08,147,158.76,81.6
A017,A,apple,2021-06-26,SAT,1.08,161,173.88,81.8
A017,A,apple,2021-06-27,SUN,1.08,160,172.8,89.3
A017,A,apple,2021-06-28,MON,1.08,148,159.84,96.9
A017,A,apple,2021-06-29,TUE,1.08,147,158.76,86.8
A017,A,apple,2021-06-30,WED,1.08,147,158.76,82.1
A017,A,apple,2021-07-01,THU,1.07,147,157.29,75.1
A017,A,apple,2021-07-02,FRI,1.07,150,160.5,77.7
A017,A,apple,2021-07-03,SAT,1.07,161,172.27,83.3
A017,A,apple,2021-07-04,SUN,1.07,160,171.2,87
A017,A,apple,2021-07-05,MON,1.07,149,159.43,77.6
A017,A,apple,2021-07-06,TUE,1.07,147,157.29,83.8
A017,A,apple,2021-07-07,WED,1.07,148,158.36,80.4
A017,A,apple,2021-07-08,THU,1.07,145,155.15,80.7
A017,A,apple,2021-07-09,FRI,1.07,150,160.5,82.4
A017,A,apple,2021-07-10,SAT,1.07,159,170.13,82.1
A017,A,apple,2021-07-11,SUN,1.07,162,173.34,82.3
A017,A,apple,2021-07-12,MON,1.07,145,155.15,84.2
A017,A,apple,2021-07-13,TUE,1.07,148,158.36,82
A017,A,apple,2021-07-14,WED,1.07,149,159.43,75
A017,A,apple,2021-07-15,THU,1.09,148,161.32,79.4
A017,A,apple,2021-07-16,FRI,1.09,146,159.14,71.6
A017,A,apple,2021-07-17,SAT,1.09,159,173.31,66.3
A017,A,apple,2021-07-18,SUN,1.09,159,173.31,66.4
A017,A,apple,2021-07-19,MON,1.09,146,159.14,72.2
A017,A,apple,2021-07-20,TUE,1.09,150,163.5,73.4
A017,A,apple,2021-07-21,WED,1.09,145,158.05,77.3
A017,A,apple,2021-07-22,THU,1.1,145,159.5,69.6
A017,A,apple,2021-07-23,FRI,1.1,145,159.5,78.7
A017,A,apple,2021-07-24,SAT,1.1,159,174.9,82
A017,A,apple,2021-07-25,SUN,1.1,159,174.9,89.1
A017,A,apple,2021-07-26,MON,1.1,147,161.7,75.5
A017,A,apple,2021-07-27,TUE,1.1,150,165,80.9
A017,A,apple,2021-07-28,WED,1.1,148,162.8,80.7
A017,A,apple,2021-07-29,THU,1.1,146,160.6,67.8
A017,A,apple,2021-07-30,FRI,1.1,144,158.4,89
A017,A,apple,2021-07-31,SAT,1.1,161,177.1,83
A017,A,apple,2021-08-01,SUN,1.1,159,174.9,87.9
A017,A,apple,2021-08-02,MON,1.1,145,159.5,77.6
A017,A,apple,2021-08-03,TUE,1.1,150,165,77.1
A017,A,apple,2021-08-04,WED,1.1,145,159.5,69.7
A017,A,apple,2021-08-05,THU,1.12,147,164.64,83.5
A017,A,apple,2021-08-06,FRI,1.12,149,166.88,80.8
A017,A,apple,2021-08-07,SAT,1.12,161,180.32,82.6
A017,A,apple,2021-08-08,SUN,1.12,160,179.2,80.3
A017,A,apple,2021-08-09,MON,1.12,147,164.64,82
A017,A,apple,2021-08-10,TUE,1.12,149,166.88,77.3
A017,A,apple,2021-08-11,WED,1.12,150,168,72.8
A017,A,apple,2021-08-12,THU,1.11,145,160.95,81.6
A017,A,apple,2021-08-13,FRI,1.11,148,164.28,77.6
A017,A,apple,2021-08-14,SAT,1.11,161,178.71,75.3
A017,A,apple,2021-08-15,SUN,1.11,159,176.49,77.9
A017,A,apple,2021-08-16,MON,1.11,146,162.06,76.8
A017,A,apple,2021-08-17,TUE,1.11,146,162.06,81.3
A017,A,apple,2021-08-18,WED,1.11,149,165.39,76.1
A017,A,apple,2021-08-19,THU,1.12,146,163.52,76.5
A017,A,apple,2021-08-20,FRI,1.12,146,163.52,80.6
A017,A,apple,2021-08-21,SAT,1.12,160,179.2,89
A017,A,apple,2021-08-22,SUN,1.12,162,181.44,88.9
A017,A,apple,2021-08-23,MON,1.12,145,162.4,78.6
A017,A,apple,2021-08-24,TUE,1.12,149,166.88,77.1
A017,A,apple,2021-08-25,WED,1.12,149,166.88,80.1
A017,A,apple,2021-08-26,THU,1.12,148,165.76,73.1
A017,A,apple,2021-08-27,FRI,1.12,150,168,77.4
A017,A,apple,2021-08-28,SAT,1.12,161,180.32,78.7
A017,A,apple,2021-08-29,SUN,1.12,162,181.44,78.4
A017,A,apple,2021-08-30,MON,1.12,146,163.52,82.2
A017,A,apple,2021-08-31,TUE,1.12,147,164.64,83
A017,A,apple,2021-09-01,WED,1.12,148,165.76,80.1
A017,A,apple,2021-09-02,THU,1.15,146,167.9,78.9
A017,A,apple,2021-09-03,FRI,1.15,147,169.05,74.4
A017,A,apple,2021-09-04,SAT,1.15,159,182.85,83.1
A017,A,apple,2021-09-05,SUN,1.15,160,184,76.9
A017,A,apple,2021-09-06,MON,1.15,146,167.9,75.5
A017,A,apple,2021-09-07,TUE,1.15,147,169.05,66.7
A017,A,apple,2021-09-08,WED,1.15,149,171.35,63
A017,A,apple,2021-09-09,THU,1.15,146,167.9,85.9
A017,A,apple,2021-09-10,FRI,1.15,150,172.5,87.5
A017,A,apple,2021-09-11,SAT,1.15,161,185.15,76.1
A017,A,apple,2021-09-12,SUN,1.15,160,184,75.5
A017,A,apple,2021-09-13,MON,1.15,145,166.75,77.8
A017,A,apple,2021-09-14,TUE,1.15,148,170.2,94.1
A017,A,apple,2021-09-15,WED,1.15,146,167.9,84.2
A017,A,apple,2021-09-16,THU,1.16,145,168.2,83.4
A017,A,apple,2021-09-17,FRI,1.16,146,169.36,83.2
A017,A,apple,2021-09-18,SAT,1.16,160,185.6,78.4
A017,A,apple,2021-09-19,SUN,1.16,161,186.76,88.7
A017,A,apple,2021-09-20,MON,1.16,147,170.52,82
A017,A,apple,2021-09-21,TUE,1.16,149,172.84,80
A017,A,apple,2021-09-22,WED,1.16,146,169.36,81.8
A017,A,apple,2021-09-23,THU,1.16,145,168.2,77.4
A017,A,apple,2021-09-24,FRI,1.16,145,168.2,80.8
A017,A,apple,2021-09-25,SAT,1.16,159,184.44,91.7
A017,A,apple,2021-09-26,SUN,1.16,161,186.76,83.3
A017,A,apple,2021-09-27,MON,1.16,145,168.2,76.7
A017,A,apple,2021-09-28,TUE,1.16,148,171.68,85.1
A017,A,apple,2021-09-29,WED,1.16,146,169.36,76.5
A017,A,apple,2021-09-30,THU,1.18,145,171.1,88.3
A017,A,banana,2021-04-01,THU,2.83,95,268.85,81.7
A017,A,banana,2021-04-02,FRI,2.83,95,268.85,70.6
A017,A,banana,2021-04-03,SAT,2.83,105,297.15,72.7
A017,A,banana,2021-04-04,SUN,2.83,105,297.15,70
A017,A,banana,2021-04-05,MON,2.83,96,271.68,50
A017,A,banana,2021-04-06,TUE,2.83,95,268.85,62.1
A017,A,banana,2021-04-07,WED,2.83,96,271.68,63.6
A017,A,banana,2021-04-08,THU,2.83,95,268.85,67.9
A017,A,banana,2021-04-09,FRI,2.83,98,277.34,81.3
A017,A,banana,2021-04-10,SAT,2.83,105,297.15,81.7
A017,A,banana,2021-04-11,SUN,2.83,105,297.15,75.8
A017,A,banana,2021-04-12,MON,2.83,95,268.85,64.1
A017,A,banana,2021-04-13,TUE,2.83,97,274.51,54.2
A017,A,banana,2021-04-14,WED,2.83,95,268.85,59.8
A017,A,banana,2021-04-15,THU,2.84,95,269.8,70.3
A017,A,banana,2021-04-16,FRI,2.84,95,269.8,70.8
A017,A,banana,2021-04-17,SAT,2.84,104,295.36,57.3
A017,A,banana,2021-04-18,SUN,2.84,105,298.2,55.7
A017,A,banana,2021-04-19,MON,2.84,96,272.64,66.6
A017,A,banana,2021-04-20,TUE,2.84,96,272.64,68.4
A017,A,banana,2021-04-21,WED,2.84,97,275.48,73.7
A017,A,banana,2021-04-22,THU,2.84,96,272.64,62.8
A017,A,banana,2021-04-23,FRI,2.84,98,278.32,60.2
A017,A,banana,2021-04-24,SAT,2.84,105,298.2,58.6
A017,A,banana,2021-04-25,SUN,2.84,104,295.36,70.3
A017,A,banana,2021-04-26,MON,2.84,96,272.64,60.3
A017,A,banana,2021-04-27,TUE,2.84,95,269.8,68.9
A017,A,banana,2021-04-28,WED,2.84,95,269.8,66.9
A017,A,banana,2021-04-29,THU,2.83,96,271.68,68.4
A017,A,banana,2021-04-30,FRI,2.83,97,274.51,65.9
A017,A,banana,2021-05-01,SAT,2.83,105,297.15,69.4
A017,A,banana,2021-05-02,SUN,2.83,105,297.15,63.4
A017,A,banana,2021-05-03,MON,2.83,97,274.51,76.6
A017,A,banana,2021-05-04,TUE,2.83,97,274.51,72
A017,A,banana,2021-05-05,WED,2.83,96,271.68,77
A017,A,banana,2021-05-06,THU,2.83,96,271.68,71.7
A017,A,banana,2021-05-07,FRI,2.83,96,271.68,61.3
A017,A,banana,2021-05-08,SAT,2.83,104,294.32,83.4
A017,A,banana,2021-05-09,SUN,2.83,105,297.15,76
A017,A,banana,2021-05-10,MON,2.83,96,271.68,73.5
A017,A,banana,2021-05-11,TUE,2.83,95,268.85,72.5
A017,A,banana,2021-05-12,WED,2.83,95,268.85,70
A017,A,banana,2021-05-13,THU,2.84,94,266.96,87.9
A017,A,banana,2021-05-14,FRI,2.84,97,275.48,84.6
A017,A,banana,2021-05-15,SAT,2.84,105,298.2,90.2
A017,A,banana,2021-05-16,SUN,2.84,104,295.36,84
A017,A,banana,2021-05-17,MON,2.84,97,275.48,82.9
A017,A,banana,2021-05-18,TUE,2.84,96,272.64,78.9
A017,A,banana,2021-05-19,WED,2.84,95,269.8,74.8
A017,A,banana,2021-05-20,THU,2.83,95,268.85,81.9
A017,A,banana,2021-05-21,FRI,2.83,96,271.68,81.8
A017,A,banana,2021-05-22,SAT,2.83,104,294.32,83.3
A017,A,banana,2021-05-23,SUN,2.83,104,294.32,80.2
A017,A,banana,2021-05-24,MON,2.83,97,274.51,84.4
A017,A,banana,2021-05-25,TUE,2.83,96,271.68,75.7
A017,A,banana,2021-05-26,WED,2.83,96,271.68,79.4
A017,A,banana,2021-05-27,THU,2.85,96,273.6,75.3
A017,A,banana,2021-05-28,FRI,2.85,98,279.3,74.9
A017,A,banana,2021-05-29,SAT,2.85,104,296.4,65.5
A017,A,banana,2021-05-30,SUN,2.85,105,299.25,78.2
A017,A,banana,2021-05-31,MON,2.85,97,276.45,74.8
A017,A,banana,2021-06-01,TUE,2.85,94,267.9,62.7
A017,A,banana,2021-06-02,WED,2.85,97,276.45,63.1
A017,A,banana,2021-06-03,THU,2.84,95,269.8,74.6
A017,A,banana,2021-06-04,FRI,2.84,95,269.8,86.2
A017,A,banana,2021-06-05,SAT,2.84,105,298.2,69.4
A017,A,banana,2021-06-06,SUN,2.84,104,295.36,76.6
A017,A,banana,2021-06-07,MON,2.84,94,266.96,76.9
A017,A,banana,2021-06-08,TUE,2.84,94,266.96,68.2
A017,A,banana,2021-06-09,WED,2.84,95,269.8,68.3
A017,A,banana,2021-06-10,THU,2.87,95,272.65,79.6
A017,A,banana,2021-06-11,FRI,2.87,95,272.65,76.8
A017,A,banana,2021-06-12,SAT,2.87,105,301.35,69.2
A017,A,banana,2021-06-13,SUN,2.87,104,298.48,65.4
A017,A,banana,2021-06-14,MON,2.87,98,281.26,66.9
A017,A,banana,2021-06-15,TUE,2.87,97,278.39,63.2
A017,A,banana,2021-06-16,WED,2.87,95,272.65,69.7
A017,A,banana,2021-06-17,THU,2.9,96,278.4,89.3
A017,A,banana,2021-06-18,FRI,2.9,96,278.4,95.7
A017,A,banana,2021-06-19,SAT,2.9,104,301.6,91.6
A017,A,banana,2021-06-20,SUN,2.9,104,301.6,92.9
A017,A,banana,2021-06-21,MON,2.9,97,281.3,85.6
A017,A,banana,2021-06-22,TUE,2.9,97,281.3,73.7
A017,A,banana,2021-06-23,WED,2.9,94,272.6,68.9
A017,A,banana,2021-06-24,THU,2.91,95,276.45,85.9
A017,A,banana,2021-06-25,FRI,2.91,97,282.27,81.6
A017,A,banana,2021-06-26,SAT,2.91,104,302.64,81.8
A017,A,banana,2021-06-27,SUN,2.91,104,302.64,89.3
A017,A,banana,2021-06-28,MON,2.91,94,273.54,96.9
A017,A,banana,2021-06-29,TUE,2.91,98,285.18,86.8
A017,A,banana,2021-06-30,WED,2.91,94,273.54,82.1
A017,A,banana,2021-07-01,THU,2.93,96,281.28,75.1
A017,A,banana,2021-07-02,FRI,2.93,96,281.28,77.7
A017,A,banana,2021-07-03,SAT,2.93,105,307.65,83.3
A017,A,banana,2021-07-04,SUN,2.93,105,307.65,87
A017,A,banana,2021-07-05,MON,2.93,96,281.28,77.6
A017,A,banana,2021-07-06,TUE,2.93,98,287.14,83.8
A017,A,banana,2021-07-07,WED,2.93,96,281.28,80.4
A017,A,banana,2021-07-08,THU,2.94,98,288.12,80.7
A017,A,banana,2021-07-09,FRI,2.94,97,285.18,82.4
A017,A,banana,2021-07-10,SAT,2.94,105,308.7,82.1
A017,A,banana,2021-07-11,SUN,2.94,104,305.76,82.3
A017,A,banana,2021-07-12,MON,2.94,95,279.3,84.2
A017,A,banana,2021-07-13,TUE,2.94,94,276.36,82
A017,A,banana,2021-07-14,WED,2.94,95,279.3,75
A017,A,banana,2021-07-15,THU,2.95,94,277.3,79.4
A017,A,banana,2021-07-16,FRI,2.95,98,289.1,71.6
A017,A,banana,2021-07-17,SAT,2.95,105,309.75,66.3
A017,A,banana,2021-07-18,SUN,2.95,104,306.8,66.4
A017,A,banana,2021-07-19,MON,2.95,95,280.25,72.2
A017,A,banana,2021-07-20,TUE,2.95,98,289.1,73.4
A017,A,banana,2021-07-21,WED,2.95,95,280.25,77.3
A017,A,banana,2021-07-22,THU,2.98,95,283.1,69.6
A017,A,banana,2021-07-23,FRI,2.98,98,292.04,78.7
A017,A,banana,2021-07-24,SAT,2.98,105,312.9,82
A017,A,banana,2021-07-25,SUN,2.98,105,312.9,89.1
A017,A,banana,2021-07-26,MON,2.98,97,289.06,75.5
A017,A,banana,2021-07-27,TUE,2.98,96,286.08,80.9
A017,A,banana,2021-07-28,WED,2.98,94,280.12,80.7
A017,A,banana,2021-07-29,THU,3,95,285,67.8
A017,A,banana,2021-07-30,FRI,3,97,291,89
A017,A,banana,2021-07-31,SAT,3,106,318,83
A017,A,banana,2021-08-01,SUN,3,105,315,87.9
A017,A,banana,2021-08-02,MON,3,98,294,77.6
A017,A,banana,2021-08-03,TUE,3,97,291,77.1
A017,A,banana,2021-08-04,WED,3,97,291,69.7
A017,A,banana,2021-08-05,THU,3.02,95,286.9,83.5
A017,A,banana,2021-08-06,FRI,3.02,95,286.9,80.8
A017,A,banana,2021-08-07,SAT,3.02,104,314.08,82.6
A017,A,banana,2021-08-08,SUN,3.02,104,314.08,80.3
A017,A,banana,2021-08-09,MON,3.02,95,286.9,82
A017,A,banana,2021-08-10,TUE,3.02,96,289.92,77.3
A017,A,banana,2021-08-11,WED,3.02,98,295.96,72.8
A017,A,banana,2021-08-12,THU,3.03,95,287.85,81.6
A017,A,banana,2021-08-13,FRI,3.03,98,296.94,77.6
A017,A,banana,2021-08-14,SAT,3.03,105,318.15,75.3
A017,A,banana,2021-08-15,SUN,3.03,104,315.12,77.9
A017,A,banana,2021-08-16,MON,3.03,97,293.91,76.8
A017,A,banana,2021-08-17,TUE,3.03,98,296.94,81.3
A017,A,banana,2021-08-18,WED,3.03,97,293.91,76.1
A017,A,banana,2021-08-19,THU,3.05,96,292.8,76.5
A017,A,banana,2021-08-20,FRI,3.05,95,289.75,80.6
A017,A,banana,2021-08-21,SAT,3.05,105,320.25,89
A017,A,banana,2021-08-22,SUN,3.05,104,317.2,88.9
A017,A,banana,2021-08-23,MON,3.05,95,289.75,78.6
A017,A,banana,2021-08-24,TUE,3.05,95,289.75,77.1
A017,A,banana,2021-08-25,WED,3.05,96,292.8,80.1
A017,A,banana,2021-08-26,THU,3.06,94,287.64,73.1
A017,A,banana,2021-08-27,FRI,3.06,97,296.82,77.4
A017,A,banana,2021-08-28,SAT,3.06,104,318.24,78.7
A017,A,banana,2021-08-29,SUN,3.06,105,321.3,78.4
A017,A,banana,2021-08-30,MON,3.06,95,290.7,82.2
A017,A,banana,2021-08-31,TUE,3.06,97,296.82,83
A017,A,banana,2021-09-01,WED,3.06,95,290.7,80.1
A017,A,banana,2021-09-02,THU,3.09,97,299.73,78.9
A017,A,banana,2021-09-03,FRI,3.09,96,296.64,74.4
A017,A,banana,2021-09-04,SAT,3.09,105,324.45,83.1
A017,A,banana,2021-09-05,SUN,3.09,105,324.45,76.9
A017,A,banana,2021-09-06,MON,3.09,95,293.55,75.5
A017,A,banana,2021-09-07,TUE,3.09,97,299.73,66.7
A017,A,banana,2021-09-08,WED,3.09,96,296.64,63
A017,A,banana,2021-09-09,THU,3.11,98,304.78,85.9
A017,A,banana,2021-09-10,FRI,3.11,96,298.56,87.5
A017,A,banana,2021-09-11,SAT,3.11,105,326.55,76.1
A017,A,banana,2021-09-12,SUN,3.11,104,323.44,75.5
A017,A,banana,2021-09-13,MON,3.11,95,295.45,77.8
A017,A,banana,2021-09-14,TUE,3.11,97,301.67,94.1
A017,A,banana,2021-09-15,WED,3.11,98,304.78,84.2
A017,A,banana,2021-09-16,THU,3.1,96,297.6,83.4
A017,A,banana,2021-09-17,FRI,3.1,98,303.8,83.2
A017,A,banana,2021-09-18,SAT,3.1,104,322.4,78.4
A017,A,banana,2021-09-19,SUN,3.1,104,322.4,88.7
A017,A,banana,2021-09-20,MON,3.1,97,300.7,82
A017,A,banana,2021-09-21,TUE,3.1,95,294.5,80
A017,A,banana,2021-09-22,WED,3.1,98,303.8,81.8
A017,A,banana,2021-09-23,THU,3.1,95,294.5,77.4
A017,A,banana,2021-09-24,FRI,3.1,96,297.6,80.8
A017,A,banana,2021-09-25,SAT,3.1,104,322.4,91.7
A017,A,banana,2021-09-26,SUN,3.1,105,325.5,83.3
A017,A,banana,2021-09-27,MON,3.1,97,300.7,76.7
A017,A,banana,2021-09-28,TUE,3.1,96,297.6,85.1
A017,A,banana,2021-09-29,WED,3.1,97,300.7,76.5
A017,A,banana,2021-09-30,THU,3.11,98,304.78,88.3
A018,A,apple,2021-04-01,THU,0.67,292,195.64,81.7
A018,A,apple,2021-04-02,FRI,0.67,297,198.99,70.6
A018,A,apple,2021-04-03,SAT,0.67,327,219.09,72.7
A018,A,apple,2021-04-04,SUN,0.67,328,219.76,70
A018,A,apple,2021-04-05,MON,0.67,293,196.31,50
A018,A,apple,2021-04-06,TUE,0.67,301,201.67,62.1
A018,A,apple,2021-04-07,WED,0.67,297,198.99,63.6
A018,A,apple,2021-04-08,THU,0.66,303,199.98,67.9
A018,A,apple,2021-04-09,FRI,0.66,300,198,81.3
A018,A,apple,2021-04-10,SAT,0.66,323,213.18,81.7
A018,A,apple,2021-04-11,SUN,0.66,325,214.5,75.8
A018,A,apple,2021-04-12,MON,0.66,297,196.02,64.1
A018,A,apple,2021-04-13,TUE,0.66,296,195.36,54.2
A018,A,apple,2021-04-14,WED,0.66,292,192.72,59.8
A018,A,apple,2021-04-15,THU,0.66,302,199.32,70.3
A018,A,apple,2021-04-16,FRI,0.66,297,196.02,70.8
A018,A,apple,2021-04-17,SAT,0.66,325,214.5,57.3
A018,A,apple,2021-04-18,SUN,0.66,324,213.84,55.7
A018,A,apple,2021-04-19,MON,0.66,295,194.7,66.6
A018,A,apple,2021-04-20,TUE,0.66,299,197.34,68.4
A018,A,apple,2021-04-21,WED,0.66,302,199.32,73.7
A018,A,apple,2021-04-22,THU,0.65,299,194.35,62.8
A018,A,apple,2021-04-23,FRI,0.65,297,193.05,60.2
A018,A,apple,2021-04-24,SAT,0.65,324,210.6,58.6
A018,A,apple,2021-04-25,SUN,0.65,323,209.95,70.3
A018,A,apple,2021-04-26,MON,0.65,302,196.3,60.3
A018,A,apple,2021-04-27,TUE,0.65,295,191.75,68.9
A018,A,apple,2021-04-28,WED,0.65,294,191.1,66.9
A018,A,apple,2021-04-29,THU,0.66,294,194.04,68.4
A018,A,apple,2021-04-30,FRI,0.66,298,196.68,65.9
A018,A,apple,2021-05-01,SAT,0.66,326,215.16,69.4
A018,A,apple,2021-05-02,SUN,0.66,328,216.48,63.4
A018,A,apple,2021-05-03,MON,0.66,303,199.98,76.6
A018,A,apple,2021-05-04,TUE,0.66,302,199.32,72
A018,A,apple,2021-05-05,WED,0.66,294,194.04,77
A018,A,apple,2021-05-06,THU,0.67,293,196.31,71.7
A018,A,apple,2021-05-07,FRI,0.67,292,195.64,61.3
A018,A,apple,2021-05-08,SAT,0.67,323,216.41,83.4
A018,A,apple,2021-05-09,SUN,0.67,323,216.41,76
A018,A,apple,2021-05-10,MON,0.67,292,195.64,73.5
A018,A,apple,2021-05-11,TUE,0.67,293,196.31,72.5
A018,A,apple,2021-05-12,WED,0.67,302,202.34,70
A018,A,apple,2021-05-13,THU,0.7,296,207.2,87.9
A018,A,apple,2021-05-14,FRI,0.7,299,209.3,84.6
A018,A,apple,2021-05-15,SAT,0.7,323,226.1,90.2
A018,A,apple,2021-05-16,SUN,0.7,323,226.1,84
A018,A,apple,2021-05-17,MON,0.7,302,211.4,82.9
A018,A,apple,2021-05-18,TUE,0.7,303,212.1,78.9
A018,A,apple,2021-05-19,WED,0.7,297,207.9,74.8
A018,A,apple,2021-05-20,THU,0.69,295,203.55,81.9
A018,A,apple,2021-05-21,FRI,0.69,301,207.69,81.8
A018,A,apple,2021-05-22,SAT,0.69,327,225.63,83.3
A018,A,apple,2021-05-23,SUN,0.69,325,224.25,80.2
A018,A,apple,2021-05-24,MON,0.69,293,202.17,84.4
A018,A,apple,2021-05-25,TUE,0.69,296,204.24,75.7
A018,A,apple,2021-05-26,WED,0.69,294,202.86,79.4
A018,A,apple,2021-05-27,THU,0.7,301,210.7,75.3
A018,A,apple,2021-05-28,FRI,0.7,296,207.2,74.9
A018,A,apple,2021-05-29,SAT,0.7,328,229.6,65.5
A018,A,apple,2021-05-30,SUN,0.7,325,227.5,78.2
A018,A,apple,2021-05-31,MON,0.7,292,204.4,74.8
A018,A,apple,2021-06-01,TUE,0.7,302,211.4,62.7
A018,A,apple,2021-06-02,WED,0.7,298,208.6,63.1
A018,A,apple,2021-06-03,THU,0.71,298,211.58,74.6
A018,A,apple,2021-06-04,FRI,0.71,301,213.71,86.2
A018,A,apple,2021-06-05,SAT,0.71,324,230.04,69.4
A018,A,apple,2021-06-06,SUN,0.71,324,230.04,76.6
A018,A,apple,2021-06-07,MON,0.71,298,211.58,76.9
A018,A,apple,2021-06-08,TUE,0.71,301,213.71,68.2
A018,A,apple,2021-06-09,WED,0.71,298,211.58,68.3
A018,A,apple,2021-06-10,THU,0.74,301,222.74,79.6
A018,A,apple,2021-06-11,FRI,0.74,302,223.48,76.8
A018,A,apple,2021-06-12,SAT,0.74,326,241.24,69.2
A018,A,apple,2021-06-13,SUN,0.74,324,239.76,65.4
A018,A,apple,2021-06-14,MON,0.74,292,216.08,66.9
A018,A,apple,2021-06-15,TUE,0.74,297,219.78,63.2
A018,A,apple,2021-06-16,WED,0.74,297,219.78,69.7
A018,A,apple,2021-06-17,THU,0.76,300,228,89.3
A018,A,apple,2021-06-18,FRI,0.76,298,226.48,95.7
A018,A,apple,2021-06-19,SAT,0.76,327,248.52,91.6
A018,A,apple,2021-06-20,SUN,0.76,328,249.28,92.9
A018,A,apple,2021-06-21,MON,0.76,300,228,85.6
A018,A,apple,2021-06-22,TUE,0.76,301,228.76,73.7
A018,A,apple,2021-06-23,WED,0.76,300,228,68.9
A018,A,apple,2021-06-24,THU,0.78,300,234,85.9
A018,A,apple,2021-06-25,FRI,0.78,300,234,81.6
A018,A,apple,2021-06-26,SAT,0.78,323,251.94,81.8
A018,A,apple,2021-06-27,SUN,0.78,326,254.28,89.3
A018,A,apple,2021-06-28,MON,0.78,293,228.54,96.9
A018,A,apple,2021-06-29,TUE,0.78,292,227.76,86.8
A018,A,apple,2021-06-30,WED,0.78,300,234,82.1
A018,A,apple,2021-07-01,THU,0.79,302,238.58,75.1
A018,A,apple,2021-07-02,FRI,0.79,293,231.47,77.7
A018,A,apple,2021-07-03,SAT,0.79,323,255.17,83.3
A018,A,apple,2021-07-04,SUN,0.79,326,257.54,87
A018,A,apple,2021-07-05,MON,0.79,296,233.84,77.6
A018,A,apple,2021-07-06,TUE,0.79,299,236.21,83.8
A018,A,apple,2021-07-07,WED,0.79,298,235.42,80.4
A018,A,apple,2021-07-08,THU,0.81,295,238.95,80.7
A018,A,apple,2021-07-09,FRI,0.81,299,242.19,82.4
A018,A,apple,2021-07-10,SAT,0.81,324,262.44,82.1
A018,A,apple,2021-07-11,SUN,0.81,327,264.87,82.3
A018,A,apple,2021-07-12,MON,0.81,298,241.38,84.2
A018,A,apple,2021-07-13,TUE,0.81,292,236.52,82
A018,A,apple,2021-07-14,WED,0.81,302,244.62,75
A018,A,apple,2021-07-15,THU,0.81,302,244.62,79.4
A018,A,apple,2021-07-16,FRI,0.81,301,243.81,71.6
A018,A,apple,2021-07-17,SAT,0.81,326,264.06,66.3
A018,A,apple,2021-07-18,SUN,0.81,322,260.82,66.4
A018,A,apple,2021-07-19,MON,0.81,297,240.57,72.2
A018,A,apple,2021-07-20,TUE,0.81,297,240.57,73.4
A018,A,apple,2021-07-21,WED,0.81,295,238.95,77.3
A018,A,apple,2021-07-22,THU,0.83,302,250.66,69.6
A018,A,apple,2021-07-23,FRI,0.83,292,242.36,78.7
A018,A,apple,2021-07-24,SAT,0.83,327,271.41,82
A018,A,apple,2021-07-25,SUN,0.83,323,268.09,89.1
A018,A,apple,2021-07-26,MON,0.83,294,244.02,75.5
A018,A,apple,2021-07-27,TUE,0.83,300,249,80.9
A018,A,apple,2021-07-28,WED,0.83,296,245.68,80.7
A018,A,apple,2021-07-29,THU,0.83,294,244.02,67.8
A018,A,apple,2021-07-30,FRI,0.83,298,247.34,89
A018,A,apple,2021-07-31,SAT,0.83,325,269.75,83
A018,A,apple,2021-08-01,SUN,0.83,325,269.75,87.9
A018,A,apple,2021-08-02,MON,0.83,296,245.68,77.6
A018,A,apple,2021-08-03,TUE,0.83,297,246.51,77.1
A018,A,apple,2021-08-04,WED,0.83,295,244.85,69.7
A018,A,apple,2021-08-05,THU,0.84,301,252.84,83.5
A018,A,apple,2021-08-06,FRI,0.84,298,250.32,80.8
A018,A,apple,2021-08-07,SAT,0.84,324,272.16,82.6
A018,A,apple,2021-08-08,SUN,0.84,324,272.16,80.3
A018,A,apple,2021-08-09,MON,0.84,301,252.84,82
A018,A,apple,2021-08-10,TUE,0.84,295,247.8,77.3
A018,A,apple,2021-08-11,WED,0.84,294,246.96,72.8
A018,A,apple,2021-08-12,THU,0.84,298,250.32,81.6
A018,A,apple,2021-08-13,FRI,0.84,296,248.64,77.6
A018,A,apple,2021-08-14,SAT,0.84,328,275.52,75.3
A018,A,apple,2021-08-15,SUN,0.84,323,271.32,77.9
A018,A,apple,2021-08-16,MON,0.84,301,252.84,76.8
A018,A,apple,2021-08-17,TUE,0.84,303,254.52,81.3
A018,A,apple,2021-08-18,WED,0.84,302,253.68,76.1
A018,A,apple,2021-08-19,THU,0.84,303,254.52,76.5
A018,A,apple,2021-08-20,FRI,0.84,294,246.96,80.6
A018,A,apple,2021-08-21,SAT,0.84,326,273.84,89
A018,A,apple,2021-08-22,SUN,0.84,325,273,88.9
A018,A,apple,2021-08-23,MON,0.84,297,249.48,78.6
A018,A,apple,2021-08-24,TUE,0.84,297,249.48,77.1
A018,A,apple,2021-08-25,WED,0.84,299,251.16,80.1
A018,A,apple,2021-08-26,THU,0.84,301,252.84,73.1
A018,A,apple,2021-08-27,FRI,0.84,295,247.8,77.4
A018,A,apple,2021-08-28,SAT,0.84,323,271.32,78.7
A018,A,apple,2021-08-29,SUN,0.84,323,271.32,78.4
A018,A,apple,2021-08-30,MON,0.84,298,250.32,82.2
A018,A,apple,2021-08-31,TUE,0.84,301,252.84,83
A018,A,apple,2021-09-01,WED,0.84,300,252,80.1
A018,A,apple,2021-09-02,THU,0.86,294,252.84,78.9
A018,A,apple,2021-09-03,FRI,0.86,293,251.98,74.4
A018,A,apple,2021-09-04,SAT,0.86,326,280.36,83.1
A018,A,apple,2021-09-05,SUN,0.86,327,281.22,76.9
A018,A,apple,2021-09-06,MON,0.86,304,261.44,75.5
A018,A,apple,2021-09-07,TUE,0.86,300,258,66.7
A018,A,apple,2021-09-08,WED,0.86,302,259.72,63
A018,A,apple,2021-09-09,THU,0.87,298,259.26,85.9
A018,A,apple,2021-09-10,FRI,0.87,296,257.52,87.5
A018,A,apple,2021-09-11,SAT,0.87,327,284.49,76.1
A018,A,apple,2021-09-12,SUN,0.87,327,284.49,75.5
A018,A,apple,2021-09-13,MON,0.87,294,255.78,77.8
A018,A,apple,2021-09-14,TUE,0.87,303,263.61,94.1
A018,A,apple,2021-09-15,WED,0.87,294,255.78,84.2
A018,A,apple,2021-09-16,THU,0.89,293,260.77,83.4
A018,A,apple,2021-09-17,FRI,0.89,298,265.22,83.2
A018,A,apple,2021-09-18,SAT,0.89,324,288.36,78.4
A018,A,apple,2021-09-19,SUN,0.89,322,286.58,88.7
A018,A,apple,2021-09-20,MON,0.89,298,265.22,82
A018,A,apple,2021-09-21,TUE,0.89,296,263.44,80
A018,A,apple,2021-09-22,WED,0.89,299,266.11,81.8
A018,A,apple,2021-09-23,THU,0.88,294,258.72,77.4
A018,A,apple,2021-09-24,FRI,0.88,296,260.48,80.8
A018,A,apple,2021-09-25,SAT,0.88,326,286.88,91.7
A018,A,apple,2021-09-26,SUN,0.88,327,287.76,83.3
A018,A,apple,2021-09-27,MON,0.88,294,258.72,76.7
A018,A,apple,2021-09-28,TUE,0.88,295,259.6,85.1
A018,A,apple,2021-09-29,WED,0.88,299,263.12,76.5
A018,A,apple,2021-09-30,THU,0.91,294,267.54,88.3
A018,A,banana,2021-04-01,THU,2.37,455,1078.35,81.7
A018,A,banana,2021-04-02,FRI,2.37,458,1085.46,70.6
A018,A,banana,2021-04-03,SAT,2.37,502,1189.74,72.7
A018,A,banana,2021-04-04,SUN,2.37,502,1189.74,70
A018,A,banana,2021-04-05,MON,2.37,468,1109.16,50
A018,A,banana,2021-04-06,TUE,2.37,464,1099.68,62.1
A018,A,banana,2021-04-07,WED,2.37,461,1092.57,63.6
A018,A,banana,2021-04-08,THU,2.37,450,1066.5,67.9
A018,A,banana,2021-04-09,FRI,2.37,458,1085.46,81.3
A018,A,banana,2021-04-10,SAT,2.37,505,1196.85,81.7
A018,A,banana,2021-04-11,SUN,2.37,500,1185,75.8
A018,A,banana,2021-04-12,MON,2.37,450,1066.5,64.1
A018,A,banana,2021-04-13,TUE,2.37,460,1090.2,54.2
A018,A,banana,2021-04-14,WED,2.37,464,1099.68,59.8
A018,A,banana,2021-04-15,THU,2.37,465,1102.05,70.3
A018,A,banana,2021-04-16,FRI,2.37,461,1092.57,70.8
A018,A,banana,2021-04-17,SAT,2.37,499,1182.63,57.3
A018,A,banana,2021-04-18,SUN,2.37,497,1177.89,55.7
A018,A,banana,2021-04-19,MON,2.37,465,1102.05,66.6
A018,A,banana,2021-04-20,TUE,2.37,457,1083.09,68.4
A018,A,banana,2021-04-21,WED,2.37,463,1097.31,73.7
A018,A,banana,2021-04-22,THU,2.39,455,1087.45,62.8
A018,A,banana,2021-04-23,FRI,2.39,460,1099.4,60.2
A018,A,banana,2021-04-24,SAT,2.39,499,1192.61,58.6
A018,A,banana,2021-04-25,SUN,2.39,503,1202.17,70.3
A018,A,banana,2021-04-26,MON,2.39,454,1085.06,60.3
A018,A,banana,2021-04-27,TUE,2.39,461,1101.79,68.9
A018,A,banana,2021-04-28,WED,2.39,464,1108.96,66.9
A018,A,banana,2021-04-29,THU,2.42,457,1105.94,68.4
A018,A,banana,2021-04-30,FRI,2.42,467,1130.14,65.9
A018,A,banana,2021-05-01,SAT,2.42,501,1212.42,69.4
A018,A,banana,2021-05-02,SUN,2.42,498,1205.16,63.4
A018,A,banana,2021-05-03,MON,2.42,455,1101.1,76.6
A018,A,banana,2021-05-04,TUE,2.42,459,1110.78,72
A018,A,banana,2021-05-05,WED,2.42,463,1120.46,77
A018,A,banana,2021-05-06,THU,2.45,455,1114.75,71.7
A018,A,banana,2021-05-07,FRI,2.45,456,1117.2,61.3
A018,A,banana,2021-05-08,SAT,2.45,500,1225,83.4
A018,A,banana,2021-05-09,SUN,2.45,502,1229.9,76
A018,A,banana,2021-05-10,MON,2.45,457,1119.65,73.5
A018,A,banana,2021-05-11,TUE,2.45,466,1141.7,72.5
A018,A,banana,2021-05-12,WED,2.45,466,1141.7,70
A018,A,banana,2021-05-13,THU,2.47,459,1133.73,87.9
A018,A,banana,2021-05-14,FRI,2.47,451,1113.97,84.6
A018,A,banana,2021-05-15,SAT,2.47,502,1239.94,90.2
A018,A,banana,2021-05-16,SUN,2.47,502,1239.94,84
A018,A,banana,2021-05-17,MON,2.47,464,1146.08,82.9
A018,A,banana,2021-05-18,TUE,2.47,468,1155.96,78.9
A018,A,banana,2021-05-19,WED,2.47,454,1121.38,74.8
A018,A,banana,2021-05-20,THU,2.47,462,1141.14,81.9
A018,A,banana,2021-05-21,FRI,2.47,457,1128.79,81.8
A018,A,banana,2021-05-22,SAT,2.47,497,1227.59,83.3
A018,A,banana,2021-05-23,SUN,2.47,505,1247.35,80.2
A018,A,banana,2021-05-24,MON,2.47,456,1126.32,84.4
A018,A,banana,2021-05-25,TUE,2.47,458,1131.26,75.7
A018,A,banana,2021-05-26,WED,2.47,457,1128.79,79.4
A018,A,banana,2021-05-27,THU,2.49,463,1152.87,75.3
A018,A,banana,2021-05-28,FRI,2.49,452,1125.48,74.9
A018,A,banana,2021-05-29,SAT,2.49,501,1247.49,65.5
A018,A,banana,2021-05-30,SUN,2.49,505,1257.45,78.2
A018,A,banana,2021-05-31,MON,2.49,460,1145.4,74.8
A018,A,banana,2021-06-01,TUE,2.49,455,1132.95,62.7
A018,A,banana,2021-06-02,WED,2.49,466,1160.34,63.1
A018,A,banana,2021-06-03,THU,2.51,461,1157.11,74.6
A018,A,banana,2021-06-04,FRI,2.51,465,1167.15,86.2
A018,A,banana,2021-06-05,SAT,2.51,499,1252.49,69.4
A018,A,banana,2021-06-06,SUN,2.51,499,1252.49,76.6
A018,A,banana,2021-06-07,MON,2.51,463,1162.13,76.9
A018,A,banana,2021-06-08,TUE,2.51,458,1149.58,68.2
A018,A,banana,2021-06-09,WED,2.51,464,1164.64,68.3
A018,A,banana,2021-06-10,THU,2.5,463,1157.5,79.6
A018,A,banana,2021-06-11,FRI,2.5,455,1137.5,76.8
A018,A,banana,2021-06-12,SAT,2.5,498,1245,69.2
A018,A,banana,2021-06-13,SUN,2.5,504,1260,65.4
A018,A,banana,2021-06-14,MON,2.5,451,1127.5,66.9
A018,A,banana,2021-06-15,TUE,2.5,454,1135,63.2
A018,A,banana,2021-06-16,WED,2.5,463,1157.5,69.7
A018,A,banana,2021-06-17,THU,2.5,467,1167.5,89.3
A018,A,banana,2021-06-18,FRI,2.5,452,1130,95.7
A018,A,banana,2021-06-19,SAT,2.5,499,1247.5,91.6
A018,A,banana,2021-06-20,SUN,2.5,502,1255,92.9
A018,A,banana,2021-06-21,MON,2.5,458,1145,85.6
A018,A,banana,2021-06-22,TUE,2.5,460,1150,73.7
A018,A,banana,2021-06-23,WED,2.5,464,1160,68.9
A018,A,banana,2021-06-24,THU,2.5,455,1137.5,85.9
A018,A,banana,2021-06-25,FRI,2.5,466,1165,81.6
A018,A,banana,2021-06-26,SAT,2.5,503,1257.5,81.8
A018,A,banana,2021-06-27,SUN,2.5,500,1250,89.3
A018,A,banana,2021-06-28,MON,2.5,450,1125,96.9
A018,A,banana,2021-06-29,TUE,2.5,465,1162.5,86.8
A018,A,banana,2021-06-30,WED,2.5,450,1125,82.1
A018,A,banana,2021-07-01,THU,2.53,466,1178.98,75.1
A018,A,banana,2021-07-02,FRI,2.53,461,1166.33,77.7
A018,A,banana,2021-07-03,SAT,2.53,500,1265,83.3
A018,A,banana,2021-07-04,SUN,2.53,502,1270.06,87
A018,A,banana,2021-07-05,MON,2.53,466,1178.98,77.6
A018,A,banana,2021-07-06,TUE,2.53,462,1168.86,83.8
A018,A,banana,2021-07-07,WED,2.53,467,1181.51,80.4
A018,A,banana,2021-07-08,THU,2.54,462,1173.48,80.7
A018,A,banana,2021-07-09,FRI,2.54,464,1178.56,82.4
A018,A,banana,2021-07-10,SAT,2.54,500,1270,82.1
A018,A,banana,2021-07-11,SUN,2.54,501,1272.54,82.3
A018,A,banana,2021-07-12,MON,2.54,453,1150.62,84.2
A018,A,banana,2021-07-13,TUE,2.54,452,1148.08,82
A018,A,banana,2021-07-14,WED,2.54,454,1153.16,75
A018,A,banana,2021-07-15,THU,2.54,460,1168.4,79.4
A018,A,banana,2021-07-16,FRI,2.54,467,1186.18,71.6
A018,A,banana,2021-07-17,SAT,2.54,499,1267.46,66.3
A018,A,banana,2021-07-18,SUN,2.54,501,1272.54,66.4
A018,A,banana,2021-07-19,MON,2.54,455,1155.7,72.2
A018,A,banana,2021-07-20,TUE,2.54,451,1145.54,73.4
A018,A,banana,2021-07-21,WED,2.54,464,1178.56,77.3
A018,A,banana,2021-07-22,THU,2.54,467,1186.18,69.6
A018,A,banana,2021-07-23,FRI,2.54,464,1178.56,78.7
A018,A,banana,2021-07-24,SAT,2.54,501,1272.54,82
A018,A,banana,2021-07-25,SUN,2.54,499,1267.46,89.1
A018,A,banana,2021-07-26,MON,2.54,451,1145.54,75.5
A018,A,banana,2021-07-27,TUE,2.54,458,1163.32,80.9
A018,A,banana,2021-07-28,WED,2.54,456,1158.24,80.7
A018,A,banana,2021-07-29,THU,2.54,460,1168.4,67.8
A018,A,banana,2021-07-30,FRI,2.54,466,1183.64,89
A018,A,banana,2021-07-31,SAT,2.54,502,1275.08,83
A018,A,banana,2021-08-01,SUN,2.54,501,1272.54,87.9
A018,A,banana,2021-08-02,MON,2.54,452,1148.08,77.6
A018,A,banana,2021-08-03,TUE,2.54,461,1170.94,77.1
A018,A,banana,2021-08-04,WED,2.54,466,1183.64,69.7
A018,A,banana,2021-08-05,THU,2.57,458,1177.06,83.5
A018,A,banana,2021-08-06,FRI,2.57,455,1169.35,80.8
A018,A,banana,2021-08-07,SAT,2.57,500,1285,82.6
A018,A,banana,2021-08-08,SUN,2.57,504,1295.28,80.3
A018,A,banana,2021-08-09,MON,2.57,452,1161.64,82
A018,A,banana,2021-08-10,TUE,2.57,462,1187.34,77.3
A018,A,banana,2021-08-11,WED,2.57,455,1169.35,72.8
A018,A,banana,2021-08-12,THU,2.59,463,1199.17,81.6
A018,A,banana,2021-08-13,FRI,2.59,461,1193.99,77.6
A018,A,banana,2021-08-14,SAT,2.59,497,1287.23,75.3
A018,A,banana,2021-08-15,SUN,2.59,501,1297.59,77.9
A018,A,banana,2021-08-16,MON,2.59,453,1173.27,76.8
A018,A,banana,2021-08-17,TUE,2.59,457,1183.63,81.3
A018,A,banana,2021-08-18,WED,2.59,459,1188.81,76.1
A018,A,banana,2021-08-19,THU,2.61,450,1174.5,76.5
A018,A,banana,2021-08-20,FRI,2.61,453,1182.33,80.6
A018,A,banana,2021-08-21,SAT,2.61,501,1307.61,89
A018,A,banana,2021-08-22,SUN,2.61,502,1310.22,88.9
A018,A,banana,2021-08-23,MON,2.61,460,1200.6,78.6
A018,A,banana,2021-08-24,TUE,2.61,452,1179.72,77.1
A018,A,banana,2021-08-25,WED,2.61,464,1211.04,80.1
A018,A,banana,2021-08-26,THU,2.64,466,1230.24,73.1
A018,A,banana,2021-08-27,FRI,2.64,450,1188,77.4
A018,A,banana,2021-08-28,SAT,2.64,499,1317.36,78.7
A018,A,banana,2021-08-29,SUN,2.64,502,1325.28,78.4
A018,A,banana,2021-08-30,MON,2.64,462,1219.68,82.2
A018,A,banana,2021-08-31,TUE,2.64,454,1198.56,83
A018,A,banana,2021-09-01,WED,2.64,456,1203.84,80.1
A018,A,banana,2021-09-02,THU,2.64,457,1206.48,78.9
A018,A,banana,2021-09-03,FRI,2.64,455,1201.2,74.4
A018,A,banana,2021-09-04,SAT,2.64,498,1314.72,83.1
A018,A,banana,2021-09-05,SUN,2.64,498,1314.72,76.9
A018,A,banana,2021-09-06,MON,2.64,468,1235.52,75.5
A018,A,banana,2021-09-07,TUE,2.64,460,1214.4,66.7
A018,A,banana,2021-09-08,WED,2.64,468,1235.52,63
A018,A,banana,2021-09-09,THU,2.64,450,1188,85.9
A018,A,banana,2021-09-10,FRI,2.64,452,1193.28,87.5
A018,A,banana,2021-09-11,SAT,2.64,502,1325.28,76.1
A018,A,banana,2021-09-12,SUN,2.64,500,1320,75.5
A018,A,banana,2021-09-13,MON,2.64,461,1217.04,77.8
A018,A,banana,2021-09-14,TUE,2.64,466,1230.24,94.1
A018,A,banana,2021-09-15,WED,2.64,465,1227.6,84.2
A018,A,banana,2021-09-16,THU,2.66,455,1210.3,83.4
A018,A,banana,2021-09-17,FRI,2.66,460,1223.6,83.2
A018,A,banana,2021-09-18,SAT,2.66,499,1327.34,78.4
A018,A,banana,2021-09-19,SUN,2.66,505,1343.3,88.7
A018,A,banana,2021-09-20,MON,2.66,453,1204.98,82
A018,A,banana,2021-09-21,TUE,2.66,464,1234.24,80
A018,A,banana,2021-09-22,WED,2.66,461,1226.26,81.8
A018,A,banana,2021-09-23,THU,2.67,464,1238.88,77.4
A018,A,banana,2021-09-24,FRI,2.67,455,1214.85,80.8
A018,A,banana,2021-09-25,SAT,2.67,502,1340.34,91.7
A018,A,banana,2021-09-26,SUN,2.67,496,1324.32,83.3
A018,A,banana,2021-09-27,MON,2.67,451,1204.17,76.7
A018,A,banana,2021-09-28,TUE,2.67,467,1246.89,85.1
A018,A,banana,2021-09-29,WED,2.67,456,1217.52,76.5
A018,A,banana,2021-09-30,THU,2.66,468,1244.88,88.3
A018,A,cherry,2021-04-01,THU,4.77,233,1111.41,81.7
A018,A,cherry,2021-04-02,FRI,4.77,232,1106.64,70.6
A018,A,cherry,2021-04-03,SAT,4.77,256,1221.12,72.7
A018,A,cherry,2021-04-04,SUN,4.77,256,1221.12,70
A018,A,cherry,2021-04-05,MON,4.77,231,1101.87,50
A018,A,cherry,2021-04-06,TUE,4.77,231,1101.87,62.1
A018,A,cherry,2021-04-07,WED,4.77,236,1125.72,63.6
A018,A,cherry,2021-04-08,THU,4.76,232,1104.32,67.9
A018,A,cherry,2021-04-09,FRI,4.76,238,1132.88,81.3
A018,A,cherry,2021-04-10,SAT,4.76,257,1223.32,81.7
A018,A,cherry,2021-04-11,SUN,4.76,253,1204.28,75.8
A018,A,cherry,2021-04-12,MON,4.76,236,1123.36,64.1
A018,A,cherry,2021-04-13,TUE,4.76,233,1109.08,54.2
A018,A,cherry,2021-04-14,WED,4.76,236,1123.36,59.8
A018,A,cherry,2021-04-15,THU,4.76,236,1123.36,70.3
A018,A,cherry,2021-04-16,FRI,4.76,237,1128.12,70.8
A018,A,cherry,2021-04-17,SAT,4.76,256,1218.56,57.3
A018,A,cherry,2021-04-18,SUN,4.76,253,1204.28,55.7
A018,A,cherry,2021-04-19,MON,4.76,235,1118.6,66.6
A018,A,cherry,2021-04-20,TUE,4.76,232,1104.32,68.4
A018,A,cherry,2021-04-21,WED,4.76,231,1099.56,73.7
A018,A,cherry,2021-04-22,THU,4.79,236,1130.44,62.8
A018,A,cherry,2021-04-23,FRI,4.79,235,1125.65,60.2
A018,A,cherry,2021-04-24,SAT,4.79,257,1231.03,58.6
A018,A,cherry,2021-04-25,SUN,4.79,254,1216.66,70.3
A018,A,cherry,2021-04-26,MON,4.79,235,1125.65,60.3
A018,A,cherry,2021-04-27,TUE,4.79,230,1101.7,68.9
A018,A,cherry,2021-04-28,WED,4.79,236,1130.44,66.9
A018,A,cherry,2021-04-29,THU,4.81,232,1115.92,68.4
A018,A,cherry,2021-04-30,FRI,4.81,234,1125.54,65.9
A018,A,cherry,2021-05-01,SAT,4.81,257,1236.17,69.4
A018,A,cherry,2021-05-02,SUN,4.81,256,1231.36,63.4
A018,A,cherry,2021-05-03,MON,4.81,232,1115.92,76.6
A018,A,cherry,2021-05-04,TUE,4.81,233,1120.73,72
A018,A,cherry,2021-05-05,WED,4.81,231,1111.11,77
A018,A,cherry,2021-05-06,THU,4.83,235,1135.05,71.7
A018,A,cherry,2021-05-07,FRI,4.83,230,1110.9,61.3
A018,A,cherry,2021-05-08,SAT,4.83,255,1231.65,83.4
A018,A,cherry,2021-05-09,SUN,4.83,257,1241.31,76
A018,A,cherry,2021-05-10,MON,4.83,237,1144.71,73.5
A018,A,cherry,2021-05-11,TUE,4.83,235,1135.05,72.5
A018,A,cherry,2021-05-12,WED,4.83,237,1144.71,70
A018,A,cherry,2021-05-13,THU,4.85,230,1115.5,87.9
A018,A,cherry,2021-05-14,FRI,4.85,235,1139.75,84.6
A018,A,cherry,2021-05-15,SAT,4.85,254,1231.9,90.2
A018,A,cherry,2021-05-16,SUN,4.85,256,1241.6,84
A018,A,cherry,2021-05-17,MON,4.85,231,1120.35,82.9
A018,A,cherry,2021-05-18,TUE,4.85,236,1144.6,78.9
A018,A,cherry,2021-05-19,WED,4.85,229,1110.65,74.8
A018,A,cherry,2021-05-20,THU,4.87,232,1129.84,81.9
A018,A,cherry,2021-05-21,FRI,4.87,235,1144.45,81.8
A018,A,cherry,2021-05-22,SAT,4.87,253,1232.11,83.3
A018,A,cherry,2021-05-23,SUN,4.87,257,1251.59,80.2
A018,A,cherry,2021-05-24,MON,4.87,238,1159.06,84.4
A018,A,cherry,2021-05-25,TUE,4.87,235,1144.45,75.7
A018,A,cherry,2021-05-26,WED,4.87,232,1129.84,79.4
A018,A,cherry,2021-05-27,THU,4.89,238,1163.82,75.3
A018,A,cherry,2021-05-28,FRI,4.89,233,1139.37,74.9
A018,A,cherry,2021-05-29,SAT,4.89,257,1256.73,65.5
A018,A,cherry,2021-05-30,SUN,4.89,253,1237.17,78.2
A018,A,cherry,2021-05-31,MON,4.89,232,1134.48,74.8
A018,A,cherry,2021-06-01,TUE,4.89,237,1158.93,62.7
A018,A,cherry,2021-06-02,WED,4.89,232,1134.48,63.1
A018,A,cherry,2021-06-03,THU,4.92,235,1156.2,74.6
A018,A,cherry,2021-06-04,FRI,4.92,232,1141.44,86.2
A018,A,cherry,2021-06-05,SAT,4.92,256,1259.52,69.4
A018,A,cherry,2021-06-06,SUN,4.92,255,1254.6,76.6
A018,A,cherry,2021-06-07,MON,4.92,238,1170.96,76.9
A018,A,cherry,2021-06-08,TUE,4.92,234,1151.28,68.2
A018,A,cherry,2021-06-09,WED,4.92,237,1166.04,68.3
A018,A,cherry,2021-06-10,THU,4.93,234,1153.62,79.6
A018,A,cherry,2021-06-11,FRI,4.93,236,1163.48,76.8
A018,A,cherry,2021-06-12,SAT,4.93,256,1262.08,69.2
A018,A,cherry,2021-06-13,SUN,4.93,254,1252.22,65.4
A018,A,cherry,2021-06-14,MON,4.93,231,1138.83,66.9
A018,A,cherry,2021-06-15,TUE,4.93,232,1143.76,63.2
A018,A,cherry,2021-06-16,WED,4.93,231,1138.83,69.7
A018,A,cherry,2021-06-17,THU,4.94,236,1165.84,89.3
A018,A,cherry,2021-06-18,FRI,4.94,238,1175.72,95.7
A018,A,cherry,2021-06-19,SAT,4.94,255,1259.7,91.6
A018,A,cherry,2021-06-20,SUN,4.94,257,1269.58,92.9
A018,A,cherry,2021-06-21,MON,4.94,234,1155.96,85.6
A018,A,cherry,2021-06-22,TUE,4.94,237,1170.78,73.7
A018,A,cherry,2021-06-23,WED,4.94,232,1146.08,68.9
A018,A,cherry,2021-06-24,THU,4.96,232,1150.72,85.9
A018,A,cherry,2021-06-25,FRI,4.96,230,1140.8,81.6
A018,A,cherry,2021-06-26,SAT,4.96,255,1264.8,81.8
A018,A,cherry,2021-06-27,SUN,4.96,253,1254.88,89.3
A018,A,cherry,2021-06-28,MON,4.96,238,1180.48,96.9
A018,A,cherry,2021-06-29,TUE,4.96,236,1170.56,86.8
A018,A,cherry,2021-06-30,WED,4.96,236,1170.56,82.1
A018,A,cherry,2021-07-01,THU,4.98,234,1165.32,75.1
A018,A,cherry,2021-07-02,FRI,4.98,236,1175.28,77.7
A018,A,cherry,2021-07-03,SAT,4.98,254,1264.92,83.3
A018,A,cherry,2021-07-04,SUN,4.98,257,1279.86,87
A018,A,cherry,2021-07-05,MON,4.98,235,1170.3,77.6
A018,A,cherry,2021-07-06,TUE,4.98,237,1180.26,83.8
A018,A,cherry,2021-07-07,WED,4.98,230,1145.4,80.4
A018,A,cherry,2021-07-08,THU,5,238,1190,80.7
A018,A,cherry,2021-07-09,FRI,5,230,1150,82.4
A018,A,cherry,2021-07-10,SAT,5,254,1270,82.1
A018,A,cherry,2021-07-11,SUN,5,254,1270,82.3
A018,A,cherry,2021-07-12,MON,5,236,1180,84.2
A018,A,cherry,2021-07-13,TUE,5,232,1160,82
A018,A,cherry,2021-07-14,WED,5,231,1155,75
A018,A,cherry,2021-07-15,THU,5.02,231,1159.62,79.4
A018,A,cherry,2021-07-16,FRI,5.02,236,1184.72,71.6
A018,A,cherry,2021-07-17,SAT,5.02,256,1285.12,66.3
A018,A,cherry,2021-07-18,SUN,5.02,256,1285.12,66.4
A018,A,cherry,2021-07-19,MON,5.02,233,1169.66,72.2
A018,A,cherry,2021-07-20,TUE,5.02,234,1174.68,73.4
A018,A,cherry,2021-07-21,WED,5.02,229,1149.58,77.3
A018,A,cherry,2021-07-22,THU,5.02,237,1189.74,69.6
A018,A,cherry,2021-07-23,FRI,5.02,231,1159.62,78.7
A018,A,cherry,2021-07-24,SAT,5.02,255,1280.1,82
A018,A,cherry,2021-07-25,SUN,5.02,255,1280.1,89.1
A018,A,cherry,2021-07-26,MON,5.02,234,1174.68,75.5
A018,A,cherry,2021-07-27,TUE,5.02,232,1164.64,80.9
A018,A,cherry,2021-07-28,WED,5.02,235,1179.7,80.7
A018,A,cherry,2021-07-29,THU,5.04,230,1159.2,67.8
A018,A,cherry,2021-07-30,FRI,5.04,230,1159.2,89
A018,A,cherry,2021-07-31,SAT,5.04,256,1290.24,83
A018,A,cherry,2021-08-01,SUN,5.04,254,1280.16,87.9
A018,A,cherry,2021-08-02,MON,5.04,236,1189.44,77.6
A018,A,cherry,2021-08-03,TUE,5.04,234,1179.36,77.1
A018,A,cherry,2021-08-04,WED,5.04,231,1164.24,69.7
A018,A,cherry,2021-08-05,THU,5.03,232,1166.96,83.5
A018,A,cherry,2021-08-06,FRI,5.03,232,1166.96,80.8
A018,A,cherry,2021-08-07,SAT,5.03,257,1292.71,82.6
A018,A,cherry,2021-08-08,SUN,5.03,257,1292.71,80.3
A018,A,cherry,2021-08-09,MON,5.03,231,1161.93,82
A018,A,cherry,2021-08-10,TUE,5.03,229,1151.87,77.3
A018,A,cherry,2021-08-11,WED,5.03,235,1182.05,72.8
A018,A,cherry,2021-08-12,THU,5.05,229,1156.45,81.6
A018,A,cherry,2021-08-13,FRI,5.05,236,1191.8,77.6
A018,A,cherry,2021-08-14,SAT,5.05,254,1282.7,75.3
A018,A,cherry,2021-08-15,SUN,5.05,256,1292.8,77.9
A018,A,cherry,2021-08-16,MON,5.05,231,1166.55,76.8
A018,A,cherry,2021-08-17,TUE,5.05,234,1181.7,81.3
A018,A,cherry,2021-08-18,WED,5.05,236,1191.8,76.1
A018,A,cherry,2021-08-19,THU,5.07,236,1196.52,76.5
A018,A,cherry,2021-08-20,FRI,5.07,233,1181.31,80.6
A018,A,cherry,2021-08-21,SAT,5.07,257,1302.99,89
A018,A,cherry,2021-08-22,SUN,5.07,255,1292.85,88.9
A018,A,cherry,2021-08-23,MON,5.07,235,1191.45,78.6
A018,A,cherry,2021-08-24,TUE,5.07,229,1161.03,77.1
A018,A,cherry,2021-08-25,WED,5.07,235,1191.45,80.1
A018,A,cherry,2021-08-26,THU,5.09,237,1206.33,73.1
A018,A,cherry,2021-08-27,FRI,5.09,232,1180.88,77.4
A018,A,cherry,2021-08-28,SAT,5.09,257,1308.13,78.7
A018,A,cherry,2021-08-29,SUN,5.09,257,1308.13,78.4
A018,A,cherry,2021-08-30,MON,5.09,238,1211.42,82.2
A018,A,cherry,2021-08-31,TUE,5.09,238,1211.42,83
A018,A,cherry,2021-09-01,WED,5.09,233,1185.97,80.1
A018,A,cherry,2021-09-02,THU,5.08,233,1183.64,78.9
A018,A,cherry,2021-09-03,FRI,5.08,238,1209.04,74.4
A018,A,cherry,2021-09-04,SAT,5.08,254,1290.32,83.1
A018,A,cherry,2021-09-05,SUN,5.08,255,1295.4,76.9
A018,A,cherry,2021-09-06,MON,5.08,232,1178.56,75.5
A018,A,cherry,2021-09-07,TUE,5.08,237,1203.96,66.7
A018,A,cherry,2021-09-08,WED,5.08,230,1168.4,63
A018,A,cherry,2021-09-09,THU,5.1,233,1188.3,85.9
A018,A,cherry,2021-09-10,FRI,5.1,236,1203.6,87.5
A018,A,cherry,2021-09-11,SAT,5.1,256,1305.6,76.1
A018,A,cherry,2021-09-12,SUN,5.1,257,1310.7,75.5
A018,A,cherry,2021-09-13,MON,5.1,236,1203.6,77.8
A018,A,cherry,2021-09-14,TUE,5.1,235,1198.5,94.1
A018,A,cherry,2021-09-15,WED,5.1,237,1208.7,84.2
A018,A,cherry,2021-09-16,THU,5.13,231,1185.03,83.4
A018,A,cherry,2021-09-17,FRI,5.13,236,1210.68,83.2
A018,A,cherry,2021-09-18,SAT,5.13,257,1318.41,78.4
A018,A,cherry,2021-09-19,SUN,5.13,254,1303.02,88.7
A018,A,cherry,2021-09-20,MON,5.13,232,1190.16,82
A018,A,cherry,2021-09-21,TUE,5.13,236,1210.68,80
A018,A,cherry,2021-09-22,WED,5.13,236,1210.68,81.8
A018,A,cherry,2021-09-23,THU,5.12,232,1187.84,77.4
A018,A,cherry,2021-09-24,FRI,5.12,231,1182.72,80.8
A018,A,cherry,2021-09-25,SAT,5.12,256,1310.72,91.7
A018,A,cherry,2021-09-26,SUN,5.12,254,1300.48,83.3
A018,A,cherry,2021-09-27,MON,5.12,238,1218.56,76.7
A018,A,cherry,2021-09-28,TUE,5.12,233,1192.96,85.1
A018,A,cherry,2021-09-29,WED,5.12,236,1208.32,76.5
A018,A,cherry,2021-09-30,THU,5.13,230,1179.9,88.3
A019,A,apple,2021-04-01,THU,1.13,240,271.2,81.7
A019,A,apple,2021-04-02,FRI,1.13,236,266.68,70.6
A019,A,apple,2021-04-03,SAT,1.13,259,292.67,72.7
A019,A,apple,2021-04-04,SUN,1.13,261,294.93,70
A019,A,apple,2021-04-05,MON,1.13,243,274.59,50
A019,A,apple,2021-04-06,TUE,1.13,241,272.33,62.1
A019,A,apple,2021-04-07,WED,1.13,236,266.68,63.6
A019,A,apple,2021-04-08,THU,1.16,238,276.08,67.9
A019,A,apple,2021-04-09,FRI,1.16,234,271.44,81.3
A019,A,apple,2021-04-10,SAT,1.16,257,298.12,81.7
A019,A,apple,2021-04-11,SUN,1.16,258,299.28,75.8
A019,A,apple,2021-04-12,MON,1.16,238,276.08,64.1
A019,A,apple,2021-04-13,TUE,1.16,237,274.92,54.2
A019,A,apple,2021-04-14,WED,1.16,238,276.08,59.8
A019,A,apple,2021-04-15,THU,1.18,240,283.2,70.3
A019,A,apple,2021-04-16,FRI,1.18,241,284.38,70.8
A019,A,apple,2021-04-17,SAT,1.18,258,304.44,57.3
A019,A,apple,2021-04-18,SUN,1.18,259,305.62,55.7
A019,A,apple,2021-04-19,MON,1.18,241,284.38,66.6
A019,A,apple,2021-04-20,TUE,1.18,234,276.12,68.4
A019,A,apple,2021-04-21,WED,1.18,241,284.38,73.7
A019,A,apple,2021-04-22,THU,1.21,242,292.82,62.8
A019,A,apple,2021-04-23,FRI,1.21,237,286.77,60.2
A019,A,apple,2021-04-24,SAT,1.21,260,314.6,58.6
A019,A,apple,2021-04-25,SUN,1.21,262,317.02,70.3
A019,A,apple,2021-04-26,MON,1.21,236,285.56,60.3
A019,A,apple,2021-04-27,TUE,1.21,241,291.61,68.9
A019,A,apple,2021-04-28,WED,1.21,242,292.82,66.9
A019,A,apple,2021-04-29,THU,1.23,236,290.28,68.4
A019,A,apple,2021-04-30,FRI,1.23,242,297.66,65.9
A019,A,apple,2021-05-01,SAT,1.23,259,318.57,69.4
A019,A,apple,2021-05-02,SUN,1.23,258,317.34,63.4
A019,A,apple,2021-05-03,MON,1.23,235,289.05,76.6
A019,A,apple,2021-05-04,TUE,1.23,242,297.66,72
A019,A,apple,2021-05-05,WED,1.23,235,289.05,77
A019,A,apple,2021-05-06,THU,1.22,237,289.14,71.7
A019,A,apple,2021-05-07,FRI,1.22,235,286.7,61.3
A019,A,apple,2021-05-08,SAT,1.22,258,314.76,83.4
A019,A,apple,2021-05-09,SUN,1.22,262,319.64,76
A019,A,apple,2021-05-10,MON,1.22,235,286.7,73.5
A019,A,apple,2021-05-11,TUE,1.22,238,290.36,72.5
A019,A,apple,2021-05-12,WED,1.22,236,287.92,70
A019,A,apple,2021-05-13,THU,1.24,235,291.4,87.9
A019,A,apple,2021-05-14,FRI,1.24,235,291.4,84.6
A019,A,apple,2021-05-15,SAT,1.24,259,321.16,90.2
A019,A,apple,2021-05-16,SUN,1.24,262,324.88,84
A019,A,apple,2021-05-17,MON,1.24,234,290.16,82.9
A019,A,apple,2021-05-18,TUE,1.24,241,298.84,78.9
A019,A,apple,2021-05-19,WED,1.24,243,301.32,74.8
A019,A,apple,2021-05-20,THU,1.23,234,287.82,81.9
A019,A,apple,2021-05-21,FRI,1.23,234,287.82,81.8
A019,A,apple,2021-05-22,SAT,1.23,261,321.03,83.3
A019,A,apple,2021-05-23,SUN,1.23,259,318.57,80.2
A019,A,apple,2021-05-24,MON,1.23,235,289.05,84.4
A019,A,apple,2021-05-25,TUE,1.23,236,290.28,75.7
A019,A,apple,2021-05-26,WED,1.23,238,292.74,79.4
A019,A,apple,2021-05-27,THU,1.26,239,301.14,75.3
A019,A,apple,2021-05-28,FRI,1.26,242,304.92,74.9
A019,A,apple,2021-05-29,SAT,1.26,261,328.86,65.5
A019,A,apple,2021-05-30,SUN,1.26,259,326.34,78.2
A019,A,apple,2021-05-31,MON,1.26,241,303.66,74.8
A019,A,apple,2021-06-01,TUE,1.26,234,294.84,62.7
A019,A,apple,2021-06-02,WED,1.26,240,302.4,63.1
A019,A,apple,2021-06-03,THU,1.26,241,303.66,74.6
A019,A,apple,2021-06-04,FRI,1.26,241,303.66,86.2
A019,A,apple,2021-06-05,SAT,1.26,258,325.08,69.4
A019,A,apple,2021-06-06,SUN,1.26,261,328.86,76.6
A019,A,apple,2021-06-07,MON,1.26,235,296.1,76.9
A019,A,apple,2021-06-08,TUE,1.26,237,298.62,68.2
A019,A,apple,2021-06-09,WED,1.26,238,299.88,68.3
A019,A,apple,2021-06-10,THU,1.26,241,303.66,79.6
A019,A,apple,2021-06-11,FRI,1.26,239,301.14,76.8
A019,A,apple,2021-06-12,SAT,1.26,260,327.6,69.2
A019,A,apple,2021-06-13,SUN,1.26,261,328.86,65.4
A019,A,apple,2021-06-14,MON,1.26,233,293.58,66.9
A019,A,apple,2021-06-15,TUE,1.26,241,303.66,63.2
A019,A,apple,2021-06-16,WED,1.26,240,302.4,69.7
A019,A,apple,2021-06-17,THU,1.25,236,295,89.3
A019,A,apple,2021-06-18,FRI,1.25,235,293.75,95.7
A019,A,apple,2021-06-19,SAT,1.25,261,326.25,91.6
A019,A,apple,2021-06-20,SUN,1.25,258,322.5,92.9
A019,A,apple,2021-06-21,MON,1.25,240,300,85.6
A019,A,apple,2021-06-22,TUE,1.25,242,302.5,73.7
A019,A,apple,2021-06-23,WED,1.25,239,298.75,68.9
A019,A,apple,2021-06-24,THU,1.24,234,290.16,85.9
A019,A,apple,2021-06-25,FRI,1.24,235,291.4,81.6
A019,A,apple,2021-06-26,SAT,1.24,258,319.92,81.8
A019,A,apple,2021-06-27,SUN,1.24,258,319.92,89.3
A019,A,apple,2021-06-28,MON,1.24,236,292.64,96.9
A019,A,apple,2021-06-29,TUE,1.24,234,290.16,86.8
A019,A,apple,2021-06-30,WED,1.24,237,293.88,82.1
A019,A,apple,2021-07-01,THU,1.27,236,299.72,75.1
A019,A,apple,2021-07-02,FRI,1.27,241,306.07,77.7
A019,A,apple,2021-07-03,SAT,1.27,257,326.39,83.3
A019,A,apple,2021-07-04,SUN,1.27,259,328.93,87
A019,A,apple,2021-07-05,MON,1.27,237,300.99,77.6
A019,A,apple,2021-07-06,TUE,1.27,235,298.45,83.8
A019,A,apple,2021-07-07,WED,1.27,242,307.34,80.4
A019,A,apple,2021-07-08,THU,1.29,237,305.73,80.7
A019,A,apple,2021-07-09,FRI,1.29,234,301.86,82.4
A019,A,apple,2021-07-10,SAT,1.29,262,337.98,82.1
A019,A,apple,2021-07-11,SUN,1.29,262,337.98,82.3
A019,A,apple,2021-07-12,MON,1.29,239,308.31,84.2
A019,A,apple,2021-07-13,TUE,1.29,242,312.18,82
A019,A,apple,2021-07-14,WED,1.29,237,305.73,75
A019,A,apple,2021-07-15,THU,1.29,236,304.44,79.4
A019,A,apple,2021-07-16,FRI,1.29,236,304.44,71.6
A019,A,apple,2021-07-17,SAT,1.29,259,334.11,66.3
A019,A,apple,2021-07-18,SUN,1.29,262,337.98,66.4
A019,A,apple,2021-07-19,MON,1.29,235,303.15,72.2
A019,A,apple,2021-07-20,TUE,1.29,240,309.6,73.4
A019,A,apple,2021-07-21,WED,1.29,240,309.6,77.3
A019,A,apple,2021-07-22,THU,1.31,243,318.33,69.6
A019,A,apple,2021-07-23,FRI,1.31,240,314.4,78.7
A019,A,apple,2021-07-24,SAT,1.31,260,340.6,82
A019,A,apple,2021-07-25,SUN,1.31,258,337.98,89.1
A019,A,apple,2021-07-26,MON,1.31,234,306.54,75.5
A019,A,apple,2021-07-27,TUE,1.31,234,306.54,80.9
A019,A,apple,2021-07-28,WED,1.31,235,307.85,80.7
A019,A,apple,2021-07-29,THU,1.31,238,311.78,67.8
A019,A,apple,2021-07-30,FRI,1.31,242,317.02,89
A019,A,apple,2021-07-31,SAT,1.31,259,339.29,83
A019,A,apple,2021-08-01,SUN,1.31,258,337.98,87.9
A019,A,apple,2021-08-02,MON,1.31,233,305.23,77.6
A019,A,apple,2021-08-03,TUE,1.31,243,318.33,77.1
A019,A,apple,2021-08-04,WED,1.31,234,306.54,69.7
A019,A,apple,2021-08-05,THU,1.31,238,311.78,83.5
A019,A,apple,2021-08-06,FRI,1.31,235,307.85,80.8
A019,A,apple,2021-08-07,SAT,1.31,258,337.98,82.6
A019,A,apple,2021-08-08,SUN,1.31,259,339.29,80.3
A019,A,apple,2021-08-09,MON,1.31,234,306.54,82
A019,A,apple,2021-08-10,TUE,1.31,239,313.09,77.3
A019,A,apple,2021-08-11,WED,1.31,239,313.09,72.8
A019,A,apple,2021-08-12,THU,1.31,234,306.54,81.6
A019,A,apple,2021-08-13,FRI,1.31,238,311.78,77.6
A019,A,apple,2021-08-14,SAT,1.31,261,341.91,75.3
A019,A,apple,2021-08-15,SUN,1.31,258,337.98,77.9
A019,A,apple,2021-08-16,MON,1.31,237,310.47,76.8
A019,A,apple,2021-08-17,TUE,1.31,235,307.85,81.3
A019,A,apple,2021-08-18,WED,1.31,234,306.54,76.1
A019,A,apple,2021-08-19,THU,1.32,242,319.44,76.5
A019,A,apple,2021-08-20,FRI,1.32,240,316.8,80.6
A019,A,apple,2021-08-21,SAT,1.32,262,345.84,89
A019,A,apple,2021-08-22,SUN,1.32,260,343.2,88.9
A019,A,apple,2021-08-23,MON,1.32,238,314.16,78.6
A019,A,apple,2021-08-24,TUE,1.32,240,316.8,77.1
A019,A,apple,2021-08-25,WED,1.32,234,308.88,80.1
A019,A,apple,2021-08-26,THU,1.31,242,317.02,73.1
A019,A,apple,2021-08-27,FRI,1.31,240,314.4,77.4
A019,A,apple,2021-08-28,SAT,1.31,261,341.91,78.7
A019,A,apple,2021-08-29,SUN,1.31,259,339.29,78.4
A019,A,apple,2021-08-30,MON,1.31,237,310.47,82.2
A019,A,apple,2021-08-31,TUE,1.31,238,311.78,83
A019,A,apple,2021-09-01,WED,1.31,241,315.71,80.1
A019,A,apple,2021-09-02,THU,1.32,242,319.44,78.9
A019,A,apple,2021-09-03,FRI,1.32,239,315.48,74.4
A019,A,apple,2021-09-04,SAT,1.32,258,340.56,83.1
A019,A,apple,2021-09-05,SUN,1.32,260,343.2,76.9
A019,A,apple,2021-09-06,MON,1.32,234,308.88,75.5
A019,A,apple,2021-09-07,TUE,1.32,236,311.52,66.7
A019,A,apple,2021-09-08,WED,1.32,240,316.8,63
A019,A,apple,2021-09-09,THU,1.33,242,321.86,85.9
A019,A,apple,2021-09-10,FRI,1.33,240,319.2,87.5
A019,A,apple,2021-09-11,SAT,1.33,260,345.8,76.1
A019,A,apple,2021-09-12,SUN,1.33,261,347.13,75.5
A019,A,apple,2021-09-13,MON,1.33,238,316.54,77.8
A019,A,apple,2021-09-14,TUE,1.33,238,316.54,94.1
A019,A,apple,2021-09-15,WED,1.33,239,317.87,84.2
A019,A,apple,2021-09-16,THU,1.34,236,316.24,83.4
A019,A,apple,2021-09-17,FRI,1.34,237,317.58,83.2
A019,A,apple,2021-09-18,SAT,1.34,261,349.74,78.4
A019,A,apple,2021-09-19,SUN,1.34,260,348.4,88.7
A019,A,apple,2021-09-20,MON,1.34,242,324.28,82
A019,A,apple,2021-09-21,TUE,1.34,242,324.28,80
A019,A,apple,2021-09-22,WED,1.34,236,316.24,81.8
A019,A,apple,2021-09-23,THU,1.36,240,326.4,77.4
A019,A,apple,2021-09-24,FRI,1.36,242,329.12,80.8
A019,A,apple,2021-09-25,SAT,1.36,260,353.6,91.7
A019,A,apple,2021-09-26,SUN,1.36,258,350.88,83.3
A019,A,apple,2021-09-27,MON,1.36,238,323.68,76.7
A019,A,apple,2021-09-28,TUE,1.36,234,318.24,85.1
A019,A,apple,2021-09-29,WED,1.36,236,320.96,76.5
A019,A,apple,2021-09-30,THU,1.38,241,332.58,88.3
A019,A,banana,2021-04-01,THU,2.71,190,514.9,81.7
A019,A,banana,2021-04-02,FRI,2.71,193,523.03,70.6
A019,A,banana,2021-04-03,SAT,2.71,211,571.81,72.7
A019,A,banana,2021-04-04,SUN,2.71,211,571.81,70
A019,A,banana,2021-04-05,MON,2.71,196,531.16,50
A019,A,banana,2021-04-06,TUE,2.71,191,517.61,62.1
A019,A,banana,2021-04-07,WED,2.71,194,525.74,63.6
A019,A,banana,2021-04-08,THU,2.73,198,540.54,67.9
A019,A,banana,2021-04-09,FRI,2.73,197,537.81,81.3
A019,A,banana,2021-04-10,SAT,2.73,210,573.3,81.7
A019,A,banana,2021-04-11,SUN,2.73,211,576.03,75.8
A019,A,banana,2021-04-12,MON,2.73,191,521.43,64.1
A019,A,banana,2021-04-13,TUE,2.73,197,537.81,54.2
A019,A,banana,2021-04-14,WED,2.73,190,518.7,59.8
A019,A,banana,2021-04-15,THU,2.73,194,529.62,70.3
A019,A,banana,2021-04-16,FRI,2.73,193,526.89,70.8
A019,A,banana,2021-04-17,SAT,2.73,213,581.49,57.3
A019,A,banana,2021-04-18,SUN,2.73,212,578.76,55.7
A019,A,banana,2021-04-19,MON,2.73,192,524.16,66.6
A019,A,banana,2021-04-20,TUE,2.73,196,535.08,68.4
A019,A,banana,2021-04-21,WED,2.73,190,518.7,73.7
A019,A,banana,2021-04-22,THU,2.76,195,538.2,62.8
A019,A,banana,2021-04-23,FRI,2.76,191,527.16,60.2
A019,A,banana,2021-04-24,SAT,2.76,211,582.36,58.6
A019,A,banana,2021-04-25,SUN,2.76,213,587.88,70.3
A019,A,banana,2021-04-26,MON,2.76,194,535.44,60.3
A019,A,banana,2021-04-27,TUE,2.76,194,535.44,68.9
A019,A,banana,2021-04-28,WED,2.76,194,535.44,66.9
A019,A,banana,2021-04-29,THU,2.75,193,530.75,68.4
A019,A,banana,2021-04-30,FRI,2.75,197,541.75,65.9
A019,A,banana,2021-05-01,SAT,2.75,210,577.5,69.4
A019,A,banana,2021-05-02,SUN,2.75,210,577.5,63.4
A019,A,banana,2021-05-03,MON,2.75,191,525.25,76.6
A019,A,banana,2021-05-04,TUE,2.75,198,544.5,72
A019,A,banana,2021-05-05,WED,2.75,192,528,77
A019,A,banana,2021-05-06,THU,2.77,194,537.38,71.7
A019,A,banana,2021-05-07,FRI,2.77,195,540.15,61.3
A019,A,banana,2021-05-08,SAT,2.77,212,587.24,83.4
A019,A,banana,2021-05-09,SUN,2.77,210,581.7,76
A019,A,banana,2021-05-10,MON,2.77,197,545.69,73.5
A019,A,banana,2021-05-11,TUE,2.77,191,529.07,72.5
A019,A,banana,2021-05-12,WED,2.77,196,542.92,70
A019,A,banana,2021-05-13,THU,2.78,197,547.66,87.9
A019,A,banana,2021-05-14,FRI,2.78,195,542.1,84.6
A019,A,banana,2021-05-15,SAT,2.78,211,586.58,90.2
A019,A,banana,2021-05-16,SUN,2.78,210,583.8,84
A019,A,banana,2021-05-17,MON,2.78,192,533.76,82.9
A019,A,banana,2021-05-18,TUE,2.78,191,530.98,78.9
A019,A,banana,2021-05-19,WED,2.78,196,544.88,74.8
A019,A,banana,2021-05-20,THU,2.81,194,545.14,81.9
A019,A,banana,2021-05-21,FRI,2.81,191,536.71,81.8
A019,A,banana,2021-05-22,SAT,2.81,212,595.72,83.3
A019,A,banana,2021-05-23,SUN,2.81,212,595.72,80.2
A019,A,banana,2021-05-24,MON,2.81,197,553.57,84.4
A019,A,banana,2021-05-25,TUE,2.81,195,547.95,75.7
A019,A,banana,2021-05-26,WED,2.81,192,539.52,79.4
A019,A,banana,2021-05-27,THU,2.82,191,538.62,75.3
A019,A,banana,2021-05-28,FRI,2.82,197,555.54,74.9
A019,A,banana,2021-05-29,SAT,2.82,210,592.2,65.5
A019,A,banana,2021-05-30,SUN,2.82,213,600.66,78.2
A019,A,banana,2021-05-31,MON,2.82,197,555.54,74.8
A019,A,banana,2021-06-01,TUE,2.82,192,541.44,62.7
A019,A,banana,2021-06-02,WED,2.82,194,547.08,63.1
A019,A,banana,2021-06-03,THU,2.84,191,542.44,74.6
A019,A,banana,2021-06-04,FRI,2.84,195,553.8,86.2
A019,A,banana,2021-06-05,SAT,2.84,213,604.92,69.4
A019,A,banana,2021-06-06,SUN,2.84,211,599.24,76.6
A019,A,banana,2021-06-07,MON,2.84,198,562.32,76.9
A019,A,banana,2021-06-08,TUE,2.84,191,542.44,68.2
A019,A,banana,2021-06-09,WED,2.84,192,545.28,68.3
A019,A,banana,2021-06-10,THU,2.87,192,551.04,79.6
A019,A,banana,2021-06-11,FRI,2.87,190,545.3,76.8
A019,A,banana,2021-06-12,SAT,2.87,210,602.7,69.2
A019,A,banana,2021-06-13,SUN,2.87,210,602.7,65.4
A019,A,banana,2021-06-14,MON,2.87,195,559.65,66.9
A019,A,banana,2021-06-15,TUE,2.87,194,556.78,63.2
A019,A,banana,2021-06-16,WED,2.87,193,553.91,69.7
A019,A,banana,2021-06-17,THU,2.87,194,556.78,89.3
A019,A,banana,2021-06-18,FRI,2.87,191,548.17,95.7
A019,A,banana,2021-06-19,SAT,2.87,210,602.7,91.6
A019,A,banana,2021-06-20,SUN,2.87,210,602.7,92.9
A019,A,banana,2021-06-21,MON,2.87,195,559.65,85.6
A019,A,banana,2021-06-22,TUE,2.87,194,556.78,73.7
A019,A,banana,2021-06-23,WED,2.87,193,553.91,68.9
A019,A,banana,2021-06-24,THU,2.89,192,554.88,85.9
A019,A,banana,2021-06-25,FRI,2.89,195,563.55,81.6
A019,A,banana,2021-06-26,SAT,2.89,211,609.79,81.8
A019,A,banana,2021-06-27,SUN,2.89,212,612.68,89.3
A019,A,banana,2021-06-28,MON,2.89,194,560.66,96.9
A019,A,banana,2021-06-29,TUE,2.89,191,551.99,86.8
A019,A,banana,2021-06-30,WED,2.89,198,572.22,82.1
A019,A,banana,2021-07-01,THU,2.89,194,560.66,75.1
A019,A,banana,2021-07-02,FRI,2.89,196,566.44,77.7
A019,A,banana,2021-07-03,SAT,2.89,211,609.79,83.3
A019,A,banana,2021-07-04,SUN,2.89,213,615.57,87
A019,A,banana,2021-07-05,MON,2.89,193,557.77,77.6
A019,A,banana,2021-07-06,TUE,2.89,195,563.55,83.8
A019,A,banana,2021-07-07,WED,2.89,192,554.88,80.4
A019,A,banana,2021-07-08,THU,2.92,198,578.16,80.7
A019,A,banana,2021-07-09,FRI,2.92,190,554.8,82.4
A019,A,banana,2021-07-10,SAT,2.92,213,621.96,82.1
A019,A,banana,2021-07-11,SUN,2.92,210,613.2,82.3
A019,A,banana,2021-07-12,MON,2.92,193,563.56,84.2
A019,A,banana,2021-07-13,TUE,2.92,195,569.4,82
A019,A,banana,2021-07-14,WED,2.92,198,578.16,75
A019,A,banana,2021-07-15,THU,2.94,191,561.54,79.4
A019,A,banana,2021-07-16,FRI,2.94,191,561.54,71.6
A019,A,banana,2021-07-17,SAT,2.94,213,626.22,66.3
A019,A,banana,2021-07-18,SUN,2.94,212,623.28,66.4
A019,A,banana,2021-07-19,MON,2.94,197,579.18,72.2
A019,A,banana,2021-07-20,TUE,2.94,194,570.36,73.4
A019,A,banana,2021-07-21,WED,2.94,195,573.3,77.3
A019,A,banana,2021-07-22,THU,2.95,197,581.15,69.6
A019,A,banana,2021-07-23,FRI,2.95,193,569.35,78.7
A019,A,banana,2021-07-24,SAT,2.95,212,625.4,82
A019,A,banana,2021-07-25,SUN,2.95,210,619.5,89.1
A019,A,banana,2021-07-26,MON,2.95,191,563.45,75.5
A019,A,banana,2021-07-27,TUE,2.95,198,584.1,80.9
A019,A,banana,2021-07-28,WED,2.95,195,575.25,80.7
A019,A,banana,2021-07-29,THU,2.95,197,581.15,67.8
A019,A,banana,2021-07-30,FRI,2.95,195,575.25,89
A019,A,banana,2021-07-31,SAT,2.95,213,628.35,83
A019,A,banana,2021-08-01,SUN,2.95,212,625.4,87.9
A019,A,banana,2021-08-02,MON,2.95,194,572.3,77.6
A019,A,banana,2021-08-03,TUE,2.95,191,563.45,77.1
A019,A,banana,2021-08-04,WED,2.95,198,584.1,69.7
A019,A,banana,2021-08-05,THU,2.97,196,582.12,83.5
A019,A,banana,2021-08-06,FRI,2.97,193,573.21,80.8
A019,A,banana,2021-08-07,SAT,2.97,212,629.64,82.6
A019,A,banana,2021-08-08,SUN,2.97,212,629.64,80.3
A019,A,banana,2021-08-09,MON,2.97,197,585.09,82
A019,A,banana,2021-08-10,TUE,2.97,193,573.21,77.3
A019,A,banana,2021-08-11,WED,2.97,192,570.24,72.8
A019,A,banana,2021-08-12,THU,2.97,197,585.09,81.6
A019,A,banana,2021-08-13,FRI,2.97,197,585.09,77.6
A019,A,banana,2021-08-14,SAT,2.97,213,632.61,75.3
A019,A,banana,2021-08-15,SUN,2.97,210,623.7,77.9
A019,A,banana,2021-08-16,MON,2.97,197,585.09,76.8
A019,A,banana,2021-08-17,TUE,2.97,197,585.09,81.3
A019,A,banana,2021-08-18,WED,2.97,194,576.18,76.1
A019,A,banana,2021-08-19,THU,2.96,197,583.12,76.5
A019,A,banana,2021-08-20,FRI,2.96,193,571.28,80.6
A019,A,banana,2021-08-21,SAT,2.96,210,621.6,89
A019,A,banana,2021-08-22,SUN,2.96,211,624.56,88.9
A019,A,banana,2021-08-23,MON,2.96,192,568.32,78.6
A019,A,banana,2021-08-24,TUE,2.96,191,565.36,77.1
A019,A,banana,2021-08-25,WED,2.96,197,583.12,80.1
A019,A,banana,2021-08-26,THU,2.98,194,578.12,73.1
A019,A,banana,2021-08-27,FRI,2.98,197,587.06,77.4
A019,A,banana,2021-08-28,SAT,2.98,213,634.74,78.7
A019,A,banana,2021-08-29,SUN,2.98,211,628.78,78.4
A019,A,banana,2021-08-30,MON,2.98,198,590.04,82.2
A019,A,banana,2021-08-31,TUE,2.98,193,575.14,83
A019,A,banana,2021-09-01,WED,2.98,190,566.2,80.1
A019,A,banana,2021-09-02,THU,2.97,191,567.27,78.9
A019,A,banana,2021-09-03,FRI,2.97,194,576.18,74.4
A019,A,banana,2021-09-04,SAT,2.97,210,623.7,83.1
A019,A,banana,2021-09-05,SUN,2.97,212,629.64,76.9
A019,A,banana,2021-09-06,MON,2.97,195,579.15,75.5
A019,A,banana,2021-09-07,TUE,2.97,191,567.27,66.7
A019,A,banana,2021-09-08,WED,2.97,192,570.24,63
A019,A,banana,2021-09-09,THU,2.97,194,576.18,85.9
A019,A,banana,2021-09-10,FRI,2.97,198,588.06,87.5
A019,A,banana,2021-09-11,SAT,2.97,211,626.67,76.1
A019,A,banana,2021-09-12,SUN,2.97,213,632.61,75.5
A019,A,banana,2021-09-13,MON,2.97,192,570.24,77.8
A019,A,banana,2021-09-14,TUE,2.97,194,576.18,94.1
A019,A,banana,2021-09-15,WED,2.97,193,573.21,84.2
A019,A,banana,2021-09-16,THU,2.96,195,577.2,83.4
A019,A,banana,2021-09-17,FRI,2.96,198,586.08,83.2
A019,A,banana,2021-09-18,SAT,2.96,211,624.56,78.4
A019,A,banana,2021-09-19,SUN,2.96,211,624.56,88.7
A019,A,banana,2021-09-20,MON,2.96,198,586.08,82
A019,A,banana,2021-09-21,TUE,2.96,192,568.32,80
A019,A,banana,2021-09-22,WED,2.96,191,565.36,81.8
A019,A,banana,2021-09-23,THU,2.96,191,565.36,77.4
A019,A,banana,2021-09-24,FRI,2.96,193,571.28,80.8
A019,A,banana,2021-09-25,SAT,2.96,210,621.6,91.7
A019,A,banana,2021-09-26,SUN,2.96,210,621.6,83.3
A019,A,banana,2021-09-27,MON,2.96,190,562.4,76.7
A019,A,banana,2021-09-28,TUE,2.96,197,583.12,85.1
A019,A,banana,2021-09-29,WED,2.96,194,574.24,76.5
A019,A,banana,2021-09-30,THU,2.95,195,575.25,88.3
A019,A,cherry,2021-04-01,THU,5.83,369,2151.27,81.7
A019,A,cherry,2021-04-02,FRI,5.83,360,2098.8,70.6
A019,A,cherry,2021-04-03,SAT,5.83,396,2308.68,72.7
A019,A,cherry,2021-04-04,SUN,5.83,398,2320.34,70
A019,A,cherry,2021-04-05,MON,5.83,361,2104.63,50
A019,A,cherry,2021-04-06,TUE,5.83,358,2087.14,62.1
A019,A,cherry,2021-04-07,WED,5.83,362,2110.46,63.6
A019,A,cherry,2021-04-08,THU,5.85,363,2123.55,67.9
A019,A,cherry,2021-04-09,FRI,5.85,367,2146.95,81.3
A019,A,cherry,2021-04-10,SAT,5.85,397,2322.45,81.7
A019,A,cherry,2021-04-11,SUN,5.85,395,2310.75,75.8
A019,A,cherry,2021-04-12,MON,5.85,360,2106,64.1
A019,A,cherry,2021-04-13,TUE,5.85,366,2141.1,54.2
A019,A,cherry,2021-04-14,WED,5.85,363,2123.55,59.8
A019,A,cherry,2021-04-15,THU,5.86,363,2127.18,70.3
A019,A,cherry,2021-04-16,FRI,5.86,368,2156.48,70.8
A019,A,cherry,2021-04-17,SAT,5.86,400,2344,57.3
A019,A,cherry,2021-04-18,SUN,5.86,398,2332.28,55.7
A019,A,cherry,2021-04-19,MON,5.86,370,2168.2,66.6
A019,A,cherry,2021-04-20,TUE,5.86,363,2127.18,68.4
A019,A,cherry,2021-04-21,WED,5.86,360,2109.6,73.7
A019,A,cherry,2021-04-22,THU,5.85,371,2170.35,62.8
A019,A,cherry,2021-04-23,FRI,5.85,366,2141.1,60.2
A019,A,cherry,2021-04-24,SAT,5.85,397,2322.45,58.6
A019,A,cherry,2021-04-25,SUN,5.85,395,2310.75,70.3
A019,A,cherry,2021-04-26,MON,5.85,363,2123.55,60.3
A019,A,cherry,2021-04-27,TUE,5.85,362,2117.7,68.9
A019,A,cherry,2021-04-28,WED,5.85,362,2117.7,66.9
A019,A,cherry,2021-04-29,THU,5.84,371,2166.64,68.4
A019,A,cherry,2021-04-30,FRI,5.84,358,2090.72,65.9
A019,A,cherry,2021-05-01,SAT,5.84,400,2336,69.4
A019,A,cherry,2021-05-02,SUN,5.84,400,2336,63.4
A019,A,cherry,2021-05-03,MON,5.84,366,2137.44,76.6
A019,A,cherry,2021-05-04,TUE,5.84,361,2108.24,72
A019,A,cherry,2021-05-05,WED,5.84,369,2154.96,77
A019,A,cherry,2021-05-06,THU,5.86,364,2133.04,71.7
A019,A,cherry,2021-05-07,FRI,5.86,367,2150.62,61.3
A019,A,cherry,2021-05-08,SAT,5.86,400,2344,83.4
A019,A,cherry,2021-05-09,SUN,5.86,401,2349.86,76
A019,A,cherry,2021-05-10,MON,5.86,360,2109.6,73.5
A019,A,cherry,2021-05-11,TUE,5.86,358,2097.88,72.5
A019,A,cherry,2021-05-12,WED,5.86,371,2174.06,70
A019,A,cherry,2021-05-13,THU,5.85,358,2094.3,87.9
A019,A,cherry,2021-05-14,FRI,5.85,361,2111.85,84.6
A019,A,cherry,2021-05-15,SAT,5.85,398,2328.3,90.2
A019,A,cherry,2021-05-16,SUN,5.85,400,2340,84
A019,A,cherry,2021-05-17,MON,5.85,359,2100.15,82.9
A019,A,cherry,2021-05-18,TUE,5.85,358,2094.3,78.9
A019,A,cherry,2021-05-19,WED,5.85,367,2146.95,74.8
A019,A,cherry,2021-05-20,THU,5.85,358,2094.3,81.9
A019,A,cherry,2021-05-21,FRI,5.85,369,2158.65,81.8
A019,A,cherry,2021-05-22,SAT,5.85,397,2322.45,83.3
A019,A,cherry,2021-05-23,SUN,5.85,399,2334.15,80.2
A019,A,cherry,2021-05-24,MON,5.85,363,2123.55,84.4
A019,A,cherry,2021-05-25,TUE,5.85,365,2135.25,75.7
A019,A,cherry,2021-05-26,WED,5.85,366,2141.1,79.4
A019,A,cherry,2021-05-27,THU,5.84,359,2096.56,75.3
A019,A,cherry,2021-05-28,FRI,5.84,366,2137.44,74.9
A019,A,cherry,2021-05-29,SAT,5.84,397,2318.48,65.5
A019,A,cherry,2021-05-30,SUN,5.84,400,2336,78.2
A019,A,cherry,2021-05-31,MON,5.84,368,2149.12,74.8
A019,A,cherry,2021-06-01,TUE,5.84,370,2160.8,62.7
A019,A,cherry,2021-06-02,WED,5.84,359,2096.56,63.1
A019,A,cherry,2021-06-03,THU,5.86,371,2174.06,74.6
A019,A,cherry,2021-06-04,FRI,5.86,372,2179.92,86.2
A019,A,cherry,2021-06-05,SAT,5.86,396,2320.56,69.4
A019,A,cherry,2021-06-06,SUN,5.86,399,2338.14,76.6
A019,A,cherry,2021-06-07,MON,5.86,362,2121.32,76.9
A019,A,cherry,2021-06-08,TUE,5.86,368,2156.48,68.2
A019,A,cherry,2021-06-09,WED,5.86,369,2162.34,68.3
A019,A,cherry,2021-06-10,THU,5.86,359,2103.74,79.6
A019,A,cherry,2021-06-11,FRI,5.86,372,2179.92,76.8
A019,A,cherry,2021-06-12,SAT,5.86,400,2344,69.2
A019,A,cherry,2021-06-13,SUN,5.86,400,2344,65.4
A019,A,cherry,2021-06-14,MON,5.86,372,2179.92,66.9
A019,A,cherry,2021-06-15,TUE,5.86,364,2133.04,63.2
A019,A,cherry,2021-06-16,WED,5.86,372,2179.92,69.7
A019,A,cherry,2021-06-17,THU,5.88,369,2169.72,89.3
A019,A,cherry,2021-06-18,FRI,5.88,363,2134.44,95.7
A019,A,cherry,2021-06-19,SAT,5.88,397,2334.36,91.6
A019,A,cherry,2021-06-20,SUN,5.88,399,2346.12,92.9
A019,A,cherry,2021-06-21,MON,5.88,365,2146.2,85.6
A019,A,cherry,2021-06-22,TUE,5.88,358,2105.04,73.7
A019,A,cherry,2021-06-23,WED,5.88,369,2169.72,68.9
A019,A,cherry,2021-06-24,THU,5.91,369,2180.79,85.9
A019,A,cherry,2021-06-25,FRI,5.91,372,2198.52,81.6
A019,A,cherry,2021-06-26,SAT,5.91,395,2334.45,81.8
A019,A,cherry,2021-06-27,SUN,5.91,398,2352.18,89.3
A019,A,cherry,2021-06-28,MON,5.91,358,2115.78,96.9
A019,A,cherry,2021-06-29,TUE,5.91,361,2133.51,86.8
A019,A,cherry,2021-06-30,WED,5.91,363,2145.33,82.1
A019,A,cherry,2021-07-01,THU,5.93,369,2188.17,75.1
A019,A,cherry,2021-07-02,FRI,5.93,371,2200.03,77.7
A019,A,cherry,2021-07-03,SAT,5.93,397,2354.21,83.3
A019,A,cherry,2021-07-04,SUN,5.93,399,2366.07,87
A019,A,cherry,2021-07-05,MON,5.93,358,2122.94,77.6
A019,A,cherry,2021-07-06,TUE,5.93,370,2194.1,83.8
A019,A,cherry,2021-07-07,WED,5.93,363,2152.59,80.4
A019,A,cherry,2021-07-08,THU,5.94,371,2203.74,80.7
A019,A,cherry,2021-07-09,FRI,5.94,367,2179.98,82.4
A019,A,cherry,2021-07-10,SAT,5.94,398,2364.12,82.1
A019,A,cherry,2021-07-11,SUN,5.94,400,2376,82.3
A019,A,cherry,2021-07-12,MON,5.94,366,2174.04,84.2
A019,A,cherry,2021-07-13,TUE,5.94,368,2185.92,82
A019,A,cherry,2021-07-14,WED,5.94,364,2162.16,75
A019,A,cherry,2021-07-15,THU,5.95,359,2136.05,79.4
A019,A,cherry,2021-07-16,FRI,5.95,366,2177.7,71.6
A019,A,cherry,2021-07-17,SAT,5.95,397,2362.15,66.3
A019,A,cherry,2021-07-18,SUN,5.95,397,2362.15,66.4
A019,A,cherry,2021-07-19,MON,5.95,369,2195.55,72.2
A019,A,cherry,2021-07-20,TUE,5.95,365,2171.75,73.4
A019,A,cherry,2021-07-21,WED,5.95,367,2183.65,77.3
A019,A,cherry,2021-07-22,THU,5.94,372,2209.68,69.6
A019,A,cherry,2021-07-23,FRI,5.94,363,2156.22,78.7
A019,A,cherry,2021-07-24,SAT,5.94,399,2370.06,82
A019,A,cherry,2021-07-25,SUN,5.94,394,2340.36,89.1
A019,A,cherry,2021-07-26,MON,5.94,366,2174.04,75.5
A019,A,cherry,2021-07-27,TUE,5.94,366,2174.04,80.9
A019,A,cherry,2021-07-28,WED,5.94,360,2138.4,80.7
A019,A,cherry,2021-07-29,THU,5.96,369,2199.24,67.8
A019,A,cherry,2021-07-30,FRI,5.96,362,2157.52,89
A019,A,cherry,2021-07-31,SAT,5.96,398,2372.08,83
A019,A,cherry,2021-08-01,SUN,5.96,395,2354.2,87.9
A019,A,cherry,2021-08-02,MON,5.96,360,2145.6,77.6
A019,A,cherry,2021-08-03,TUE,5.96,363,2163.48,77.1
A019,A,cherry,2021-08-04,WED,5.96,365,2175.4,69.7
A019,A,cherry,2021-08-05,THU,5.99,370,2216.3,83.5
A019,A,cherry,2021-08-06,FRI,5.99,369,2210.31,80.8
A019,A,cherry,2021-08-07,SAT,5.99,401,2401.99,82.6
A019,A,cherry,2021-08-08,SUN,5.99,397,2378.03,80.3
A019,A,cherry,2021-08-09,MON,5.99,362,2168.38,82
A019,A,cherry,2021-08-10,TUE,5.99,362,2168.38,77.3
A019,A,cherry,2021-08-11,WED,5.99,359,2150.41,72.8
A019,A,cherry,2021-08-12,THU,6.01,366,2199.66,81.6
A019,A,cherry,2021-08-13,FRI,6.01,371,2229.71,77.6
A019,A,cherry,2021-08-14,SAT,6.01,401,2410.01,75.3
A019,A,cherry,2021-08-15,SUN,6.01,397,2385.97,77.9
A019,A,cherry,2021-08-16,MON,6.01,359,2157.59,76.8
A019,A,cherry,2021-08-17,TUE,6.01,369,2217.69,81.3
A019,A,cherry,2021-08-18,WED,6.01,370,2223.7,76.1
A019,A,cherry,2021-08-19,THU,6.02,361,2173.22,76.5
A019,A,cherry,2021-08-20,FRI,6.02,371,2233.42,80.6
A019,A,cherry,2021-08-21,SAT,6.02,399,2401.98,89
A019,A,cherry,2021-08-22,SUN,6.02,396,2383.92,88.9
A019,A,cherry,2021-08-23,MON,6.02,368,2215.36,78.6
A019,A,cherry,2021-08-24,TUE,6.02,372,2239.44,77.1
A019,A,cherry,2021-08-25,WED,6.02,367,2209.34,80.1
A019,A,cherry,2021-08-26,THU,6.03,364,2194.92,73.1
A019,A,cherry,2021-08-27,FRI,6.03,361,2176.83,77.4
A019,A,cherry,2021-08-28,SAT,6.03,401,2418.03,78.7
A019,A,cherry,2021-08-29,SUN,6.03,399,2405.97,78.4
A019,A,cherry,2021-08-30,MON,6.03,369,2225.07,82.2
A019,A,cherry,2021-08-31,TUE,6.03,358,2158.74,83
A019,A,cherry,2021-09-01,WED,6.03,360,2170.8,80.1
A019,A,cherry,2021-09-02,THU,6.06,366,2217.96,78.9
A019,A,cherry,2021-09-03,FRI,6.06,358,2169.48,74.4
A019,A,cherry,2021-09-04,SAT,6.06,397,2405.82,83.1
A019,A,cherry,2021-09-05,SUN,6.06,398,2411.88,76.9
A019,A,cherry,2021-09-06,MON,6.06,360,2181.6,75.5
A019,A,cherry,2021-09-07,TUE,6.06,369,2236.14,66.7
A019,A,cherry,2021-09-08,WED,6.06,362,2193.72,63
A019,A,cherry,2021-09-09,THU,6.06,370,2242.2,85.9
A019,A,cherry,2021-09-10,FRI,6.06,367,2224.02,87.5
A019,A,cherry,2021-09-11,SAT,6.06,398,2411.88,76.1
A019,A,cherry,2021-09-12,SUN,6.06,396,2399.76,75.5
A019,A,cherry,2021-09-13,MON,6.06,366,2217.96,77.8
A019,A,cherry,2021-09-14,TUE,6.06,363,2199.78,94.1
A019,A,cherry,2021-09-15,WED,6.06,368,2230.08,84.2
A019,A,cherry,2021-09-16,THU,6.06,371,2248.26,83.4
A019,A,cherry,2021-09-17,FRI,6.06,360,2181.6,83.2
A019,A,cherry,2021-09-18,SAT,6.06,396,2399.76,78.4
A019,A,cherry,2021-09-19,SUN,6.06,400,2424,88.7
A019,A,cherry,2021-09-20,MON,6.06,362,2193.72,82
A019,A,cherry,2021-09-21,TUE,6.06,364,2205.84,80
A019,A,cherry,2021-09-22,WED,6.06,372,2254.32,81.8
A019,A,cherry,2021-09-23,THU,6.07,370,2245.9,77.4
A019,A,cherry,2021-09-24,FRI,6.07,362,2197.34,80.8
A019,A,cherry,2021-09-25,SAT,6.07,400,2428,91.7
A019,A,cherry,2021-09-26,SUN,6.07,397,2409.79,83.3
A019,A,cherry,2021-09-27,MON,6.07,358,2173.06,76.7
A019,A,cherry,2021-09-28,TUE,6.07,372,2258.04,85.1
A019,A,cherry,2021-09-29,WED,6.07,369,2239.83,76.5
A019,A,cherry,2021-09-30,THU,6.09,372,2265.48,88.3
A020,A,apple,2021-04-01,THU,1.01,408,412.08,81.7
A020,A,apple,2021-04-02,FRI,1.01,407,411.07,70.6
A020,A,apple,2021-04-03,SAT,1.01,447,451.47,72.7
A020,A,apple,2021-04-04,SUN,1.01,448,452.48,70
A020,A,apple,2021-04-05,MON,1.01,404,408.04,50
A020,A,apple,2021-04-06,TUE,1.01,411,415.11,62.1
A020,A,apple,2021-04-07,WED,1.01,403,407.03,63.6
A020,A,apple,2021-04-08,THU,1.03,413,425.39,67.9
A020,A,apple,2021-04-09,FRI,1.03,409,421.27,81.3
A020,A,apple,2021-04-10,SAT,1.03,445,458.35,81.7
A020,A,apple,2021-04-11,SUN,1.03,443,456.29,75.8
A020,A,apple,2021-04-12,MON,1.03,412,424.36,64.1
A020,A,apple,2021-04-13,TUE,1.03,414,426.42,54.2
A020,A,apple,2021-04-14,WED,1.03,403,415.09,59.8
A020,A,apple,2021-04-15,THU,1.04,413,429.52,70.3
A020,A,apple,2021-04-16,FRI,1.04,417,433.68,70.8
A020,A,apple,2021-04-17,SAT,1.04,448,465.92,57.3
A020,A,apple,2021-04-18,SUN,1.04,447,464.88,55.7
A020,A,apple,2021-04-19,MON,1.04,402,418.08,66.6
A020,A,apple,2021-04-20,TUE,1.04,414,430.56,68.4
A020,A,apple,2021-04-21,WED,1.04,404,420.16,73.7
A020,A,apple,2021-04-22,THU,1.06,411,435.66,62.8
A020,A,apple,2021-04-23,FRI,1.06,416,440.96,60.2
A020,A,apple,2021-04-24,SAT,1.06,448,474.88,58.6
A020,A,apple,2021-04-25,SUN,1.06,447,473.82,70.3
A020,A,apple,2021-04-26,MON,1.06,407,431.42,60.3
A020,A,apple,2021-04-27,TUE,1.06,412,436.72,68.9
A020,A,apple,2021-04-28,WED,1.06,416,440.96,66.9
A020,A,apple,2021-04-29,THU,1.08,416,449.28,68.4
A020,A,apple,2021-04-30,FRI,1.08,415,448.2,65.9
A020,A,apple,2021-05-01,SAT,1.08,447,482.76,69.4
A020,A,apple,2021-05-02,SUN,1.08,446,481.68,63.4
A020,A,apple,2021-05-03,MON,1.08,411,443.88,76.6
A020,A,apple,2021-05-04,TUE,1.08,414,447.12,72
A020,A,apple,2021-05-05,WED,1.08,411,443.88,77
A020,A,apple,2021-05-06,THU,1.09,418,455.62,71.7
A020,A,apple,2021-05-07,FRI,1.09,409,445.81,61.3
A020,A,apple,2021-05-08,SAT,1.09,449,489.41,83.4
A020,A,apple,2021-05-09,SUN,1.09,450,490.5,76
A020,A,apple,2021-05-10,MON,1.09,414,451.26,73.5
A020,A,apple,2021-05-11,TUE,1.09,404,440.36,72.5
A020,A,apple,2021-05-12,WED,1.09,417,454.53,70
A020,A,apple,2021-05-13,THU,1.1,403,443.3,87.9
A020,A,apple,2021-05-14,FRI,1.1,405,445.5,84.6
A020,A,apple,2021-05-15,SAT,1.1,443,487.3,90.2
A020,A,apple,2021-05-16,SUN,1.1,446,490.6,84
A020,A,apple,2021-05-17,MON,1.1,414,455.4,82.9
A020,A,apple,2021-05-18,TUE,1.1,405,445.5,78.9
A020,A,apple,2021-05-19,WED,1.1,404,444.4,74.8
A020,A,apple,2021-05-20,THU,1.12,404,452.48,81.9
A020,A,apple,2021-05-21,FRI,1.12,403,451.36,81.8
A020,A,apple,2021-05-22,SAT,1.12,446,499.52,83.3
A020,A,apple,2021-05-23,SUN,1.12,448,501.76,80.2
A020,A,apple,2021-05-24,MON,1.12,414,463.68,84.4
A020,A,apple,2021-05-25,TUE,1.12,418,468.16,75.7
A020,A,apple,2021-05-26,WED,1.12,405,453.6,79.4
A020,A,apple,2021-05-27,THU,1.11,411,456.21,75.3
A020,A,apple,2021-05-28,FRI,1.11,406,450.66,74.9
A020,A,apple,2021-05-29,SAT,1.11,450,499.5,65.5
A020,A,apple,2021-05-30,SUN,1.11,445,493.95,78.2
A020,A,apple,2021-05-31,MON,1.11,412,457.32,74.8
A020,A,apple,2021-06-01,TUE,1.11,415,460.65,62.7
A020,A,apple,2021-06-02,WED,1.11,414,459.54,63.1
A020,A,apple,2021-06-03,THU,1.14,414,471.96,74.6
A020,A,apple,2021-06-04,FRI,1.14,402,458.28,86.2
A020,A,apple,2021-06-05,SAT,1.14,450,513,69.4
A020,A,apple,2021-06-06,SUN,1.14,447,509.58,76.6
A020,A,apple,2021-06-07,MON,1.14,405,461.7,76.9
A020,A,apple,2021-06-08,TUE,1.14,413,470.82,68.2
A020,A,apple,2021-06-09,WED,1.14,415,473.1,68.3
A020,A,apple,2021-06-10,THU,1.17,406,475.02,79.6
A020,A,apple,2021-06-11,FRI,1.17,406,475.02,76.8
A020,A,apple,2021-06-12,SAT,1.17,444,519.48,69.2
A020,A,apple,2021-06-13,SUN,1.17,448,524.16,65.4
A020,A,apple,2021-06-14,MON,1.17,411,480.87,66.9
A020,A,apple,2021-06-15,TUE,1.17,410,479.7,63.2
A020,A,apple,2021-06-16,WED,1.17,408,477.36,69.7
A020,A,apple,2021-06-17,THU,1.18,409,482.62,89.3
A020,A,apple,2021-06-18,FRI,1.18,407,480.26,95.7
A020,A,apple,2021-06-19,SAT,1.18,449,529.82,91.6
A020,A,apple,2021-06-20,SUN,1.18,443,522.74,92.9
A020,A,apple,2021-06-21,MON,1.18,407,480.26,85.6
A020,A,apple,2021-06-22,TUE,1.18,410,483.8,73.7
A020,A,apple,2021-06-23,WED,1.18,415,489.7,68.9
A020,A,apple,2021-06-24,THU,1.2,417,500.4,85.9
A020,A,apple,2021-06-25,FRI,1.2,418,501.6,81.6
A020,A,apple,2021-06-26,SAT,1.2,443,531.6,81.8
A020,A,apple,2021-06-27,SUN,1.2,444,532.8,89.3
A020,A,apple,2021-06-28,MON,1.2,405,486,96.9
A020,A,apple,2021-06-29,TUE,1.2,413,495.6,86.8
A020,A,apple,2021-06-30,WED,1.2,411,493.2,82.1
A020,A,apple,2021-07-01,THU,1.2,409,490.8,75.1
A020,A,apple,2021-07-02,FRI,1.2,415,498,77.7
A020,A,apple,2021-07-03,SAT,1.2,445,534,83.3
A020,A,apple,2021-07-04,SUN,1.2,451,541.2,87
A020,A,apple,2021-07-05,MON,1.2,407,488.4,77.6
A020,A,apple,2021-07-06,TUE,1.2,413,495.6,83.8
A020,A,apple,2021-07-07,WED,1.2,410,492,80.4
A020,A,apple,2021-07-08,THU,1.19,417,496.23,80.7
A020,A,apple,2021-07-09,FRI,1.19,402,478.38,82.4
A020,A,apple,2021-07-10,SAT,1.19,445,529.55,82.1
A020,A,apple,2021-07-11,SUN,1.19,446,530.74,82.3
A020,A,apple,2021-07-12,MON,1.19,414,492.66,84.2
A020,A,apple,2021-07-13,TUE,1.19,402,478.38,82
A020,A,apple,2021-07-14,WED,1.19,416,495.04,75
A020,A,apple,2021-07-15,THU,1.19,407,484.33,79.4
A020,A,apple,2021-07-16,FRI,1.19,404,480.76,71.6
A020,A,apple,2021-07-17,SAT,1.19,448,533.12,66.3
A020,A,apple,2021-07-18,SUN,1.19,449,534.31,66.4
A020,A,apple,2021-07-19,MON,1.19,409,486.71,72.2
A020,A,apple,2021-07-20,TUE,1.19,405,481.95,73.4
A020,A,apple,2021-07-21,WED,1.19,408,485.52,77.3
A020,A,apple,2021-07-22,THU,1.18,406,479.08,69.6
A020,A,apple,2021-07-23,FRI,1.18,412,486.16,78.7
A020,A,apple,2021-07-24,SAT,1.18,446,526.28,82
A020,A,apple,2021-07-25,SUN,1.18,443,522.74,89.1
A020,A,apple,2021-07-26,MON,1.18,408,481.44,75.5
A020,A,apple,2021-07-27,TUE,1.18,404,476.72,80.9
A020,A,apple,2021-07-28,WED,1.18,404,476.72,80.7
A020,A,apple,2021-07-29,THU,1.18,414,488.52,67.8
A020,A,apple,2021-07-30,FRI,1.18,402,474.36,89
A020,A,apple,2021-07-31,SAT,1.18,443,522.74,83
A020,A,apple,2021-08-01,SUN,1.18,445,525.1,87.9
A020,A,apple,2021-08-02,MON,1.18,407,480.26,77.6
A020,A,apple,2021-08-03,TUE,1.18,413,487.34,77.1
A020,A,apple,2021-08-04,WED,1.18,415,489.7,69.7
A020,A,apple,2021-08-05,THU,1.2,410,492,83.5
A020,A,apple,2021-08-06,FRI,1.2,414,496.8,80.8
A020,A,apple,2021-08-07,SAT,1.2,448,537.6,82.6
A020,A,apple,2021-08-08,SUN,1.2,447,536.4,80.3
A020,A,apple,2021-08-09,MON,1.2,408,489.6,82
A020,A,apple,2021-08-10,TUE,1.2,404,484.8,77.3
A020,A,apple,2021-08-11,WED,1.2,406,487.2,72.8
A020,A,apple,2021-08-12,THU,1.21,416,503.36,81.6
A020,A,apple,2021-08-13,FRI,1.21,410,496.1,77.6
A020,A,apple,2021-08-14,SAT,1.21,443,536.03,75.3
A020,A,apple,2021-08-15,SUN,1.21,447,540.87,77.9
A020,A,apple,2021-08-16,MON,1.21,413,499.73,76.8
A020,A,apple,2021-08-17,TUE,1.21,413,499.73,81.3
A020,A,apple,2021-08-18,WED,1.21,405,490.05,76.1
A020,A,apple,2021-08-19,THU,1.21,411,497.31,76.5
A020,A,apple,2021-08-20,FRI,1.21,412,498.52,80.6
A020,A,apple,2021-08-21,SAT,1.21,445,538.45,89
A020,A,apple,2021-08-22,SUN,1.21,449,543.29,88.9
A020,A,apple,2021-08-23,MON,1.21,407,492.47,78.6
A020,A,apple,2021-08-24,TUE,1.21,411,497.31,77.1
A020,A,apple,2021-08-25,WED,1.21,407,492.47,80.1
A020,A,apple,2021-08-26,THU,1.21,413,499.73,73.1
A020,A,apple,2021-08-27,FRI,1.21,405,490.05,77.4
A020,A,apple,2021-08-28,SAT,1.21,450,544.5,78.7
A020,A,apple,2021-08-29,SUN,1.21,449,543.29,78.4
A020,A,apple,2021-08-30,MON,1.21,418,505.78,82.2
A020,A,apple,2021-08-31,TUE,1.21,404,488.84,83
A020,A,apple,2021-09-01,WED,1.21,405,490.05,80.1
A020,A,apple,2021-09-02,THU,1.22,417,508.74,78.9
A020,A,apple,2021-09-03,FRI,1.22,409,498.98,74.4
A020,A,apple,2021-09-04,SAT,1.22,449,547.78,83.1
A020,A,apple,2021-09-05,SUN,1.22,450,549,76.9
A020,A,apple,2021-09-06,MON,1.22,405,494.1,75.5
A020,A,apple,2021-09-07,TUE,1.22,415,506.3,66.7
A020,A,apple,2021-09-08,WED,1.22,417,508.74,63
A020,A,apple,2021-09-09,THU,1.23,415,510.45,85.9
A020,A,apple,2021-09-10,FRI,1.23,407,500.61,87.5
A020,A,apple,2021-09-11,SAT,1.23,445,547.35,76.1
A020,A,apple,2021-09-12,SUN,1.23,445,547.35,75.5
A020,A,apple,2021-09-13,MON,1.23,409,503.07,77.8
A020,A,apple,2021-09-14,TUE,1.23,407,500.61,94.1
A020,A,apple,2021-09-15,WED,1.23,409,503.07,84.2
A020,A,apple,2021-09-16,THU,1.23,407,500.61,83.4
A020,A,apple,2021-09-17,FRI,1.23,403,495.69,83.2
A020,A,apple,2021-09-18,SAT,1.23,447,549.81,78.4
A020,A,apple,2021-09-19,SUN,1.23,444,546.12,88.7
A020,A,apple,2021-09-20,MON,1.23,403,495.69,82
A020,A,apple,2021-09-21,TUE,1.23,403,495.69,80
A020,A,apple,2021-09-22,WED,1.23,413,507.99,81.8
A020,A,apple,2021-09-23,THU,1.26,413,520.38,77.4
A020,A,apple,2021-09-24,FRI,1.26,412,519.12,80.8
A020,A,apple,2021-09-25,SAT,1.26,443,558.18,91.7
A020,A,apple,2021-09-26,SUN,1.26,449,565.74,83.3
A020,A,apple,2021-09-27,MON,1.26,406,511.56,76.7
A020,A,apple,2021-09-28,TUE,1.26,417,525.42,85.1
A020,A,apple,2021-09-29,WED,1.26,416,524.16,76.5
A020,A,apple,2021-09-30,THU,1.25,412,515,88.3
A020,A,banana,2021-04-01,THU,2.43,317,770.31,81.7
A020,A,banana,2021-04-02,FRI,2.43,323,784.89,70.6
A020,A,banana,2021-04-03,SAT,2.43,352,855.36,72.7
A020,A,banana,2021-04-04,SUN,2.43,352,855.36,70
A020,A,banana,2021-04-05,MON,2.43,315,765.45,50
A020,A,banana,2021-04-06,TUE,2.43,322,782.46,62.1
A020,A,banana,2021-04-07,WED,2.43,315,765.45,63.6
A020,A,banana,2021-04-08,THU,2.43,316,767.88,67.9
A020,A,banana,2021-04-09,FRI,2.43,323,784.89,81.3
A020,A,banana,2021-04-10,SAT,2.43,349,848.07,81.7
A020,A,banana,2021-04-11,SUN,2.43,351,852.93,75.8
A020,A,banana,2021-04-12,MON,2.43,326,792.18,64.1
A020,A,banana,2021-04-13,TUE,2.43,325,789.75,54.2
A020,A,banana,2021-04-14,WED,2.43,325,789.75,59.8
A020,A,banana,2021-04-15,THU,2.45,320,784,70.3
A020,A,banana,2021-04-16,FRI,2.45,319,781.55,70.8
A020,A,banana,2021-04-17,SAT,2.45,350,857.5,57.3
A020,A,banana,2021-04-18,SUN,2.45,351,859.95,55.7
A020,A,banana,2021-04-19,MON,2.45,318,779.1,66.6
A020,A,banana,2021-04-20,TUE,2.45,317,776.65,68.4
A020,A,banana,2021-04-21,WED,2.45,318,779.1,73.7
A020,A,banana,2021-04-22,THU,2.47,314,775.58,62.8
A020,A,banana,2021-04-23,FRI,2.47,323,797.81,60.2
A020,A,banana,2021-04-24,SAT,2.47,352,869.44,58.6
A020,A,banana,2021-04-25,SUN,2.47,346,854.62,70.3
A020,A,banana,2021-04-26,MON,2.47,323,797.81,60.3
A020,A,banana,2021-04-27,TUE,2.47,315,778.05,68.9
A020,A,banana,2021-04-28,WED,2.47,326,805.22,66.9
A020,A,banana,2021-04-29,THU,2.47,316,780.52,68.4
A020,A,banana,2021-04-30,FRI,2.47,318,785.46,65.9
A020,A,banana,2021-05-01,SAT,2.47,351,866.97,69.4
A020,A,banana,2021-05-02,SUN,2.47,351,866.97,63.4
A020,A,banana,2021-05-03,MON,2.47,322,795.34,76.6
A020,A,banana,2021-05-04,TUE,2.47,317,782.99,72
A020,A,banana,2021-05-05,WED,2.47,321,792.87,77
A020,A,banana,2021-05-06,THU,2.5,315,787.5,71.7
A020,A,banana,2021-05-07,FRI,2.5,321,802.5,61.3
A020,A,banana,2021-05-08,SAT,2.5,346,865,83.4
A020,A,banana,2021-05-09,SUN,2.5,346,865,76
A020,A,banana,2021-05-10,MON,2.5,325,812.5,73.5
A020,A,banana,2021-05-11,TUE,2.5,324,810,72.5
A020,A,banana,2021-05-12,WED,2.5,319,797.5,70
A020,A,banana,2021-05-13,THU,2.53,321,812.13,87.9
A020,A,banana,2021-05-14,FRI,2.53,320,809.6,84.6
A020,A,banana,2021-05-15,SAT,2.53,348,880.44,90.2
A020,A,banana,2021-05-16,SUN,2.53,349,882.97,84
A020,A,banana,2021-05-17,MON,2.53,321,812.13,82.9
A020,A,banana,2021-05-18,TUE,2.53,320,809.6,78.9
A020,A,banana,2021-05-19,WED,2.53,326,824.78,74.8
A020,A,banana,2021-05-20,THU,2.54,324,822.96,81.9
A020,A,banana,2021-05-21,FRI,2.54,320,812.8,81.8
A020,A,banana,2021-05-22,SAT,2.54,350,889,83.3
A020,A,banana,2021-05-23,SUN,2.54,349,886.46,80.2
A020,A,banana,2021-05-24,MON,2.54,315,800.1,84.4
A020,A,banana,2021-05-25,TUE,2.54,319,810.26,75.7
A020,A,banana,2021-05-26,WED,2.54,324,822.96,79.4
A020,A,banana,2021-05-27,THU,2.53,323,817.19,75.3
A020,A,banana,2021-05-28,FRI,2.53,320,809.6,74.9
A020,A,banana,2021-05-29,SAT,2.53,348,880.44,65.5
A020,A,banana,2021-05-30,SUN,2.53,347,877.91,78.2
A020,A,banana,2021-05-31,MON,2.53,318,804.54,74.8
A020,A,banana,2021-06-01,TUE,2.53,316,799.48,62.7
A020,A,banana,2021-06-02,WED,2.53,314,794.42,63.1
A020,A,banana,2021-06-03,THU,2.56,324,829.44,74.6
A020,A,banana,2021-06-04,FRI,2.56,325,832,86.2
A020,A,banana,2021-06-05,SAT,2.56,351,898.56,69.4
A020,A,banana,2021-06-06,SUN,2.56,352,901.12,76.6
A020,A,banana,2021-06-07,MON,2.56,325,832,76.9
A020,A,banana,2021-06-08,TUE,2.56,314,803.84,68.2
A020,A,banana,2021-06-09,WED,2.56,316,808.96,68.3
A020,A,banana,2021-06-10,THU,2.56,321,821.76,79.6
A020,A,banana,2021-06-11,FRI,2.56,316,808.96,76.8
A020,A,banana,2021-06-12,SAT,2.56,348,890.88,69.2
A020,A,banana,2021-06-13,SUN,2.56,349,893.44,65.4
A020,A,banana,2021-06-14,MON,2.56,324,829.44,66.9
A020,A,banana,2021-06-15,TUE,2.56,319,816.64,63.2
A020,A,banana,2021-06-16,WED,2.56,321,821.76,69.7
A020,A,banana,2021-06-17,THU,2.57,325,835.25,89.3
A020,A,banana,2021-06-18,FRI,2.57,320,822.4,95.7
A020,A,banana,2021-06-19,SAT,2.57,349,896.93,91.6
A020,A,banana,2021-06-20,SUN,2.57,350,899.5,92.9
A020,A,banana,2021-06-21,MON,2.57,319,819.83,85.6
A020,A,banana,2021-06-22,TUE,2.57,320,822.4,73.7
A020,A,banana,2021-06-23,WED,2.57,321,824.97,68.9
A020,A,banana,2021-06-24,THU,2.56,316,808.96,85.9
A020,A,banana,2021-06-25,FRI,2.56,315,806.4,81.6
A020,A,banana,2021-06-26,SAT,2.56,348,890.88,81.8
A020,A,banana,2021-06-27,SUN,2.56,347,888.32,89.3
A020,A,banana,2021-06-28,MON,2.56,321,821.76,96.9
A020,A,banana,2021-06-29,TUE,2.56,320,819.2,86.8
A020,A,banana,2021-06-30,WED,2.56,324,829.44,82.1
A020,A,banana,2021-07-01,THU,2.58,316,815.28,75.1
A020,A,banana,2021-07-02,FRI,2.58,326,841.08,77.7
A020,A,banana,2021-07-03,SAT,2.58,348,897.84,83.3
A020,A,banana,2021-07-04,SUN,2.58,351,905.58,87
A020,A,banana,2021-07-05,MON,2.58,322,830.76,77.6
A020,A,banana,2021-07-06,TUE,2.58,320,825.6,83.8
A020,A,banana,2021-07-07,WED,2.58,322,830.76,80.4
A020,A,banana,2021-07-08,THU,2.6,322,837.2,80.7
A020,A,banana,2021-07-09,FRI,2.6,316,821.6,82.4
A020,A,banana,2021-07-10,SAT,2.6,348,904.8,82.1
A020,A,banana,2021-07-11,SUN,2.6,350,910,82.3
A020,A,banana,2021-07-12,MON,2.6,320,832,84.2
A020,A,banana,2021-07-13,TUE,2.6,320,832,82
A020,A,banana,2021-07-14,WED,2.6,326,847.6,75
A020,A,banana,2021-07-15,THU,2.63,314,825.82,79.4
A020,A,banana,2021-07-16,FRI,2.63,320,841.6,71.6
A020,A,banana,2021-07-17,SAT,2.63,351,923.13,66.3
A020,A,banana,2021-07-18,SUN,2.63,350,920.5,66.4
A020,A,banana,2021-07-19,MON,2.63,325,854.75,72.2
A020,A,banana,2021-07-20,TUE,2.63,325,854.75,73.4
A020,A,banana,2021-07-21,WED,2.63,323,849.49,77.3
A020,A,banana,2021-07-22,THU,2.63,324,852.12,69.6
A020,A,banana,2021-07-23,FRI,2.63,318,836.34,78.7
A020,A,banana,2021-07-24,SAT,2.63,349,917.87,82
A020,A,banana,2021-07-25,SUN,2.63,348,915.24,89.1
A020,A,banana,2021-07-26,MON,2.63,316,831.08,75.5
A020,A,banana,2021-07-27,TUE,2.63,315,828.45,80.9
A020,A,banana,2021-07-28,WED,2.63,319,838.97,80.7
A020,A,banana,2021-07-29,THU,2.66,324,861.84,67.8
A020,A,banana,2021-07-30,FRI,2.66,314,835.24,89
A020,A,banana,2021-07-31,SAT,2.66,351,933.66,83
A020,A,banana,2021-08-01,SUN,2.66,346,920.36,87.9
A020,A,banana,2021-08-02,MON,2.66,325,864.5,77.6
A020,A,banana,2021-08-03,TUE,2.66,324,861.84,77.1
A020,A,banana,2021-08-04,WED,2.66,322,856.52,69.7
A020,A,banana,2021-08-05,THU,2.67,314,838.38,83.5
A020,A,banana,2021-08-06,FRI,2.67,326,870.42,80.8
A020,A,banana,2021-08-07,SAT,2.67,351,937.17,82.6
A020,A,banana,2021-08-08,SUN,2.67,346,923.82,80.3
A020,A,banana,2021-08-09,MON,2.67,322,859.74,82
A020,A,banana,2021-08-10,TUE,2.67,316,843.72,77.3
A020,A,banana,2021-08-11,WED,2.67,314,838.38,72.8
A020,A,banana,2021-08-12,THU,2.67,325,867.75,81.6
A020,A,banana,2021-08-13,FRI,2.67,316,843.72,77.6
A020,A,banana,2021-08-14,SAT,2.67,349,931.83,75.3
A020,A,banana,2021-08-15,SUN,2.67,348,929.16,77.9
A020,A,banana,2021-08-16,MON,2.67,318,849.06,76.8
A020,A,banana,2021-08-17,TUE,2.67,315,841.05,81.3
A020,A,banana,2021-08-18,WED,2.67,324,865.08,76.1
A020,A,banana,2021-08-19,THU,2.67,319,851.73,76.5
A020,A,banana,2021-08-20,FRI,2.67,317,846.39,80.6
A020,A,banana,2021-08-21,SAT,2.67,349,931.83,89
A020,A,banana,2021-08-22,SUN,2.67,346,923.82,88.9
A020,A,banana,2021-08-23,MON,2.67,322,859.74,78.6
A020,A,banana,2021-08-24,TUE,2.67,319,851.73,77.1
A020,A,banana,2021-08-25,WED,2.67,326,870.42,80.1
A020,A,banana,2021-08-26,THU,2.68,318,852.24,73.1
A020,A,banana,2021-08-27,FRI,2.68,324,868.32,77.4
A020,A,banana,2021-08-28,SAT,2.68,348,932.64,78.7
A020,A,banana,2021-08-29,SUN,2.68,350,938,78.4
A020,A,banana,2021-08-30,MON,2.68,321,860.28,82.2
A020,A,banana,2021-08-31,TUE,2.68,324,868.32,83
A020,A,banana,2021-09-01,WED,2.68,322,862.96,80.1
A020,A,banana,2021-09-02,THU,2.69,322,866.18,78.9
A020,A,banana,2021-09-03,FRI,2.69,315,847.35,74.4
A020,A,banana,2021-09-04,SAT,2.69,346,930.74,83.1
A020,A,banana,2021-09-05,SUN,2.69,351,944.19,76.9
A020,A,banana,2021-09-06,MON,2.69,317,852.73,75.5
A020,A,banana,2021-09-07,TUE,2.69,326,876.94,66.7
A020,A,banana,2021-09-08,WED,2.69,314,844.66,63
A020,A,banana,2021-09-09,THU,2.7,321,866.7,85.9
A020,A,banana,2021-09-10,FRI,2.7,325,877.5,87.5
A020,A,banana,2021-09-11,SAT,2.7,347,936.9,76.1
A020,A,banana,2021-09-12,SUN,2.7,350,945,75.5
A020,A,banana,2021-09-13,MON,2.7,323,872.1,77.8
A020,A,banana,2021-09-14,TUE,2.7,318,858.6,94.1
A020,A,banana,2021-09-15,WED,2.7,322,869.4,84.2
A020,A,banana,2021-09-16,THU,2.73,321,876.33,83.4
A020,A,banana,2021-09-17,FRI,2.73,315,859.95,83.2
A020,A,banana,2021-09-18,SAT,2.73,351,958.23,78.4
A020,A,banana,2021-09-19,SUN,2.73,349,952.77,88.7
A020,A,banana,2021-09-20,MON,2.73,323,881.79,82
A020,A,banana,2021-09-21,TUE,2.73,320,873.6,80
A020,A,banana,2021-09-22,WED,2.73,322,879.06,81.8
A020,A,banana,2021-09-23,THU,2.73,322,879.06,77.4
A020,A,banana,2021-09-24,FRI,2.73,316,862.68,80.8
A020,A,banana,2021-09-25,SAT,2.73,346,944.58,91.7
A020,A,banana,2021-09-26,SUN,2.73,347,947.31,83.3
A020,A,banana,2021-09-27,MON,2.73,314,857.22,76.7
A020,A,banana,2021-09-28,TUE,2.73,322,879.06,85.1
A020,A,banana,2021-09-29,WED,2.73,319,870.87,76.5
A020,A,banana,2021-09-30,THU,2.75,317,871.75,88.3
A020,A,cherry,2021-04-01,THU,4.51,98,441.98,81.7
A020,A,cherry,2021-04-02,FRI,4.51,96,432.96,70.6
A020,A,cherry,2021-04-03,SAT,4.51,104,469.04,72.7
A020,A,cherry,2021-04-04,SUN,4.51,104,469.04,70
A020,A,cherry,2021-04-05,MON,4.51,95,428.45,50
A020,A,cherry,2021-04-06,TUE,4.51,95,428.45,62.1
A020,A,cherry,2021-04-07,WED,4.51,98,441.98,63.6
A020,A,cherry,2021-04-08,THU,4.5,96,432,67.9
A020,A,cherry,2021-04-09,FRI,4.5,96,432,81.3
A020,A,cherry,2021-04-10,SAT,4.5,104,468,81.7
A020,A,cherry,2021-04-11,SUN,4.5,104,468,75.8
A020,A,cherry,2021-04-12,MON,4.5,95,427.5,64.1
A020,A,cherry,2021-04-13,TUE,4.5,96,432,54.2
A020,A,cherry,2021-04-14,WED,4.5,97,436.5,59.8
A020,A,cherry,2021-04-15,THU,4.52,96,433.92,70.3
A020,A,cherry,2021-04-16,FRI,4.52,95,429.4,70.8
A020,A,cherry,2021-04-17,SAT,4.52,104,470.08,57.3
A020,A,cherry,2021-04-18,SUN,4.52,105,474.6,55.7
A020,A,cherry,2021-04-19,MON,4.52,95,429.4,66.6
A020,A,cherry,2021-04-20,TUE,4.52,96,433.92,68.4
A020,A,cherry,2021-04-21,WED,4.52,95,429.4,73.7
A020,A,cherry,2021-04-22,THU,4.53,97,439.41,62.8
A020,A,cherry,2021-04-23,FRI,4.53,94,425.82,60.2
A020,A,cherry,2021-04-24,SAT,4.53,105,475.65,58.6
A020,A,cherry,2021-04-25,SUN,4.53,104,471.12,70.3
A020,A,cherry,2021-04-26,MON,4.53,95,430.35,60.3
A020,A,cherry,2021-04-27,TUE,4.53,96,434.88,68.9
A020,A,cherry,2021-04-28,WED,4.53,97,439.41,66.9
A020,A,cherry,2021-04-29,THU,4.55,95,432.25,68.4
A020,A,cherry,2021-04-30,FRI,4.55,95,432.25,65.9
A020,A,cherry,2021-05-01,SAT,4.55,105,477.75,69.4
A020,A,cherry,2021-05-02,SUN,4.55,104,473.2,63.4
A020,A,cherry,2021-05-03,MON,4.55,96,436.8,76.6
A020,A,cherry,2021-05-04,TUE,4.55,96,436.8,72
A020,A,cherry,2021-05-05,WED,4.55,96,436.8,77
A020,A,cherry,2021-05-06,THU,4.54,97,440.38,71.7
A020,A,cherry,2021-05-07,FRI,4.54,95,431.3,61.3
A020,A,cherry,2021-05-08,SAT,4.54,105,476.7,83.4
A020,A,cherry,2021-05-09,SUN,4.54,105,476.7,76
A020,A,cherry,2021-05-10,MON,4.54,95,431.3,73.5
A020,A,cherry,2021-05-11,TUE,4.54,96,435.84,72.5
A020,A,cherry,2021-05-12,WED,4.54,95,431.3,70
A020,A,cherry,2021-05-13,THU,4.56,97,442.32,87.9
A020,A,cherry,2021-05-14,FRI,4.56,95,433.2,84.6
A020,A,cherry,2021-05-15,SAT,4.56,105,478.8,90.2
A020,A,cherry,2021-05-16,SUN,4.56,104,474.24,84
A020,A,cherry,2021-05-17,MON,4.56,98,446.88,82.9
A020,A,cherry,2021-05-18,TUE,4.56,95,433.2,78.9
A020,A,cherry,2021-05-19,WED,4.56,96,437.76,74.8
A020,A,cherry,2021-05-20,THU,4.55,96,436.8,81.9
A020,A,cherry,2021-05-21,FRI,4.55,98,445.9,81.8
A020,A,cherry,2021-05-22,SAT,4.55,104,473.2,83.3
A020,A,cherry,2021-05-23,SUN,4.55,104,473.2,80.2
A020,A,cherry,2021-05-24,MON,4.55,97,441.35,84.4
A020,A,cherry,2021-05-25,TUE,4.55,94,427.7,75.7
A020,A,cherry,2021-05-26,WED,4.55,95,432.25,79.4
A020,A,cherry,2021-05-27,THU,4.55,96,436.8,75.3
A020,A,cherry,2021-05-28,FRI,4.55,95,432.25,74.9
A020,A,cherry,2021-05-29,SAT,4.55,105,477.75,65.5
A020,A,cherry,2021-05-30,SUN,4.55,105,477.75,78.2
A020,A,cherry,2021-05-31,MON,4.55,97,441.35,74.8
A020,A,cherry,2021-06-01,TUE,4.55,96,436.8,62.7
A020,A,cherry,2021-06-02,WED,4.55,95,432.25,63.1
A020,A,cherry,2021-06-03,THU,4.57,97,443.29,74.6
A020,A,cherry,2021-06-04,FRI,4.57,94,429.58,86.2
A020,A,cherry,2021-06-05,SAT,4.57,105,479.85,69.4
A020,A,cherry,2021-06-06,SUN,4.57,105,479.85,76.6
A020,A,cherry,2021-06-07,MON,4.57,96,438.72,76.9
A020,A,cherry,2021-06-08,TUE,4.57,96,438.72,68.2
A020,A,cherry,2021-06-09,WED,4.57,96,438.72,68.3
A020,A,cherry,2021-06-10,THU,4.6,96,441.6,79.6
A020,A,cherry,2021-06-11,FRI,4.6,97,446.2,76.8
A020,A,cherry,2021-06-12,SAT,4.6,104,478.4,69.2
A020,A,cherry,2021-06-13,SUN,4.6,105,483,65.4
A020,A,cherry,2021-06-14,MON,4.6,96,441.6,66.9
A020,A,cherry,2021-06-15,TUE,4.6,97,446.2,63.2
A020,A,cherry,2021-06-16,WED,4.6,96,441.6,69.7
A020,A,cherry,2021-06-17,THU,4.59,95,436.05,89.3
A020,A,cherry,2021-06-18,FRI,4.59,94,431.46,95.7
A020,A,cherry,2021-06-19,SAT,4.59,104,477.36,91.6
A020,A,cherry,2021-06-20,SUN,4.59,104,477.36,92.9
A020,A,cherry,2021-06-21,MON,4.59,95,436.05,85.6
A020,A,cherry,2021-06-22,TUE,4.59,97,445.23,73.7
A020,A,cherry,2021-06-23,WED,4.59,97,445.23,68.9
A020,A,cherry,2021-06-24,THU,4.59,97,445.23,85.9
A020,A,cherry,2021-06-25,FRI,4.59,97,445.23,81.6
A020,A,cherry,2021-06-26,SAT,4.59,105,481.95,81.8
A020,A,cherry,2021-06-27,SUN,4.59,106,486.54,89.3
A020,A,cherry,2021-06-28,MON,4.59,95,436.05,96.9
A020,A,cherry,2021-06-29,TUE,4.59,96,440.64,86.8
A020,A,cherry,2021-06-30,WED,4.59,95,436.05,82.1
A020,A,cherry,2021-07-01,THU,4.6,95,437,75.1
A020,A,cherry,2021-07-02,FRI,4.6,97,446.2,77.7
A020,A,cherry,2021-07-03,SAT,4.6,105,483,83.3
A020,A,cherry,2021-07-04,SUN,4.6,104,478.4,87
A020,A,cherry,2021-07-05,MON,4.6,96,441.6,77.6
A020,A,cherry,2021-07-06,TUE,4.6,96,441.6,83.8
A020,A,cherry,2021-07-07,WED,4.6,95,437,80.4
A020,A,cherry,2021-07-08,THU,4.63,97,449.11,80.7
A020,A,cherry,2021-07-09,FRI,4.63,96,444.48,82.4
A020,A,cherry,2021-07-10,SAT,4.63,105,486.15,82.1
A020,A,cherry,2021-07-11,SUN,4.63,104,481.52,82.3
A020,A,cherry,2021-07-12,MON,4.63,94,435.22,84.2
A020,A,cherry,2021-07-13,TUE,4.63,96,444.48,82
A020,A,cherry,2021-07-14,WED,4.63,95,439.85,75
A020,A,cherry,2021-07-15,THU,4.64,95,440.8,79.4
A020,A,cherry,2021-07-16,FRI,4.64,96,445.44,71.6
A020,A,cherry,2021-07-17,SAT,4.64,104,482.56,66.3
A020,A,cherry,2021-07-18,SUN,4.64,105,487.2,66.4
A020,A,cherry,2021-07-19,MON,4.64,98,454.72,72.2
A020,A,cherry,2021-07-20,TUE,4.64,95,440.8,73.4
A020,A,cherry,2021-07-21,WED,4.64,98,454.72,77.3
A020,A,cherry,2021-07-22,THU,4.66,97,452.02,69.6
A020,A,cherry,2021-07-23,FRI,4.66,96,447.36,78.7
A020,A,cherry,2021-07-24,SAT,4.66,106,493.96,82
A020,A,cherry,2021-07-25,SUN,4.66,104,484.64,89.1
A020,A,cherry,2021-07-26,MON,4.66,95,442.7,75.5
A020,A,cherry,2021-07-27,TUE,4.66,97,452.02,80.9
A020,A,cherry,2021-07-28,WED,4.66,95,442.7,80.7
A020,A,cherry,2021-07-29,THU,4.67,95,443.65,67.8
A020,A,cherry,2021-07-30,FRI,4.67,96,448.32,89
A020,A,cherry,2021-07-31,SAT,4.67,104,485.68,83
A020,A,cherry,2021-08-01,SUN,4.67,105,490.35,87.9
A020,A,cherry,2021-08-02,MON,4.67,98,457.66,77.6
A020,A,cherry,2021-08-03,TUE,4.67,96,448.32,77.1
A020,A,cherry,2021-08-04,WED,4.67,97,452.99,69.7
A020,A,cherry,2021-08-05,THU,4.7,94,441.8,83.5
A020,A,cherry,2021-08-06,FRI,4.7,94,441.8,80.8
A020,A,cherry,2021-08-07,SAT,4.7,105,493.5,82.6
A020,A,cherry,2021-08-08,SUN,4.7,104,488.8,80.3
A020,A,cherry,2021-08-09,MON,4.7,94,441.8,82
A020,A,cherry,2021-08-10,TUE,4.7,98,460.6,77.3
A020,A,cherry,2021-08-11,WED,4.7,95,446.5,72.8
A020,A,cherry,2021-08-12,THU,4.72,98,462.56,81.6
A020,A,cherry,2021-08-13,FRI,4.72,97,457.84,77.6
A020,A,cherry,2021-08-14,SAT,4.72,105,495.6,75.3
A020,A,cherry,2021-08-15,SUN,4.72,104,490.88,77.9
A020,A,cherry,2021-08-16,MON,4.72,95,448.4,76.8
A020,A,cherry,2021-08-17,TUE,4.72,96,453.12,81.3
A020,A,cherry,2021-08-18,WED,4.72,97,457.84,76.1
A020,A,cherry,2021-08-19,THU,4.75,98,465.5,76.5
A020,A,cherry,2021-08-20,FRI,4.75,95,451.25,80.6
A020,A,cherry,2021-08-21,SAT,4.75,104,494,89
A020,A,cherry,2021-08-22,SUN,4.75,104,494,88.9
A020,A,cherry,2021-08-23,MON,4.75,94,446.5,78.6
A020,A,cherry,2021-08-24,TUE,4.75,96,456,77.1
A020,A,cherry,2021-08-25,WED,4.75,97,460.75,80.1
A020,A,cherry,2021-08-26,THU,4.77,97,462.69,73.1
A020,A,cherry,2021-08-27,FRI,4.77,97,462.69,77.4
A020,A,cherry,2021-08-28,SAT,4.77,105,500.85,78.7
A020,A,cherry,2021-08-29,SUN,4.77,105,500.85,78.4
A020,A,cherry,2021-08-30,MON,4.77,96,457.92,82.2
A020,A,cherry,2021-08-31,TUE,4.77,97,462.69,83
A020,A,cherry,2021-09-01,WED,4.77,95,453.15,80.1
A020,A,cherry,2021-09-02,THU,4.8,94,451.2,78.9
A020,A,cherry,2021-09-03,FRI,4.8,95,456,74.4
A020,A,cherry,2021-09-04,SAT,4.8,105,504,83.1
A020,A,cherry,2021-09-05,SUN,4.8,105,504,76.9
A020,A,cherry,2021-09-06,MON,4.8,95,456,75.5
A020,A,cherry,2021-09-07,TUE,4.8,96,460.8,66.7
A020,A,cherry,2021-09-08,WED,4.8,94,451.2,63
A020,A,cherry,2021-09-09,THU,4.81,96,461.76,85.9
A020,A,cherry,2021-09-10,FRI,4.81,97,466.57,87.5
A020,A,cherry,2021-09-11,SAT,4.81,105,505.05,76.1
A020,A,cherry,2021-09-12,SUN,4.81,105,505.05,75.5
A020,A,cherry,2021-09-13,MON,4.81,96,461.76,77.8
A020,A,cherry,2021-09-14,TUE,4.81,96,461.76,94.1
A020,A,cherry,2021-09-15,WED,4.81,96,461.76,84.2
A020,A,cherry,2021-09-16,THU,4.81,94,452.14,83.4
A020,A,cherry,2021-09-17,FRI,4.81,95,456.95,83.2
A020,A,cherry,2021-09-18,SAT,4.81,104,500.24,78.4
A020,A,cherry,2021-09-19,SUN,4.81,104,500.24,88.7
A020,A,cherry,2021-09-20,MON,4.81,97,466.57,82
A020,A,cherry,2021-09-21,TUE,4.81,97,466.57,80
A020,A,cherry,2021-09-22,WED,4.81,97,466.57,81.8
A020,A,cherry,2021-09-23,THU,4.83,98,473.34,77.4
A020,A,cherry,2021-09-24,FRI,4.83,96,463.68,80.8
A020,A,cherry,2021-09-25,SAT,4.83,104,502.32,91.7
A020,A,cherry,2021-09-26,SUN,4.83,104,502.32,83.3
A020,A,cherry,2021-09-27,MON,4.83,95,458.85,76.7
A020,A,cherry,2021-09-28,TUE,4.83,96,463.68,85.1
A020,A,cherry,2021-09-29,WED,4.83,98,473.34,76.5
A020,A,cherry,2021-09-30,THU,4.86,97,471.42,88.3
B001,B,apple,2021-04-01,THU,1.1,239,262.9,96
B001,B,apple,2021-04-02,FRI,1.1,245,269.5,87
B001,B,apple,2021-04-03,SAT,1.1,261,287.1,90.3
B001,B,apple,2021-04-04,SUN,1.1,263,289.3,95.2
B001,B,apple,2021-04-05,MON,,,,
B001,B,apple,2021-04-06,TUE,1.1,243,267.3,84.9
B001,B,apple,2021-04-07,WED,1.1,245,269.5,88.9
B001,B,apple,2021-04-08,THU,1.1,239,262.9,82.5
B001,B,apple,2021-04-09,FRI,1.1,245,269.5,95
B001,B,apple,2021-04-10,SAT,1.1,264,290.4,95
B001,B,apple,2021-04-11,SUN,1.1,264,290.4,92.9
B001,B,apple,2021-04-12,MON,,,,
B001,B,apple,2021-04-13,TUE,1.1,237,260.7,80.8
B001,B,apple,2021-04-14,WED,1.1,243,267.3,81.9
B001,B,apple,2021-04-15,THU,1.12,238,266.56,93.2
B001,B,apple,2021-04-16,FRI,1.12,238,266.56,97.6
B001,B,apple,2021-04-17,SAT,1.12,265,296.8,85.6
B001,B,apple,2021-04-18,SUN,1.12,261,292.32,86.1
B001,B,apple,2021-04-19,MON,,,,
B001,B,apple,2021-04-20,TUE,1.12,240,268.8,93.5
B001,B,apple,2021-04-21,WED,1.12,238,266.56,96.4
B001,B,apple,2021-04-22,THU,1.11,241,267.51,89.6
B001,B,apple,2021-04-23,FRI,1.11,242,268.62,97.6
B001,B,apple,2021-04-24,SAT,1.11,262,290.82,85.8
B001,B,apple,2021-04-25,SUN,1.11,261,289.71,94.9
B001,B,apple,2021-04-26,MON,,,,
B001,B,apple,2021-04-27,TUE,1.11,241,267.51,90.6
B001,B,apple,2021-04-28,WED,1.11,243,269.73,92
B001,B,apple,2021-04-29,THU,1.11,243,269.73,87.4
B001,B,apple,2021-04-30,FRI,1.11,241,267.51,93.7
B001,B,apple,2021-05-01,SAT,1.11,262,290.82,95.8
B001,B,apple,2021-05-02,SUN,1.11,263,291.93,92.6
B001,B,apple,2021-05-03,MON,,,,
B001,B,apple,2021-05-04,TUE,1.11,240,266.4,86.3
B001,B,apple,2021-05-05,WED,1.11,237,263.07,92.9
B001,B,apple,2021-05-06,THU,1.14,238,271.32,94.7
B001,B,apple,2021-05-07,FRI,1.14,243,277.02,86.6
B001,B,apple,2021-05-08,SAT,1.14,263,299.82,97.4
B001,B,apple,2021-05-09,SUN,1.14,261,297.54,90.2
B001,B,apple,2021-05-10,MON,,,,
B001,B,apple,2021-05-11,TUE,1.14,241,274.74,97
B001,B,apple,2021-05-12,WED,1.14,242,275.88,91
B001,B,apple,2021-05-13,THU,1.15,239,274.85,96.4
B001,B,apple,2021-05-14,FRI,1.15,241,277.15,96.6
B001,B,apple,2021-05-15,SAT,1.15,265,304.75,96.2
B001,B,apple,2021-05-16,SUN,1.15,263,302.45,96.6
B001,B,apple,2021-05-17,MON,,,,
B001,B,apple,2021-05-18,TUE,1.15,242,278.3,94.5
B001,B,apple,2021-05-19,WED,1.15,245,281.75,95.8
B001,B,apple,2021-05-20,THU,1.14,241,274.74,96
B001,B,apple,2021-05-21,FRI,1.14,240,273.6,92.8
B001,B,apple,2021-05-22,SAT,1.14,265,302.1,96
B001,B,apple,2021-05-23,SUN,1.14,263,299.82,95
B001,B,apple,2021-05-24,MON,,,,
B001,B,apple,2021-05-25,TUE,1.14,238,271.32,94.2
B001,B,apple,2021-05-26,WED,1.14,244,278.16,94.6
B001,B,apple,2021-05-27,THU,1.14,237,270.18,96.6
B001,B,apple,2021-05-28,FRI,1.14,241,274.74,95.9
B001,B,apple,2021-05-29,SAT,1.14,262,298.68,88.9
B001,B,apple,2021-05-30,SUN,1.14,261,297.54,98.6
B001,B,apple,2021-05-31,MON,,,,
B001,B,apple,2021-06-01,TUE,1.14,241,274.74,91.2
B001,B,apple,2021-06-02,WED,1.14,240,273.6,91.2
B001,B,apple,2021-06-03,THU,1.16,237,274.92,92.7
B001,B,apple,2021-06-04,FRI,1.16,243,281.88,94.5
B001,B,apple,2021-06-05,SAT,1.16,264,306.24,96.8
B001,B,apple,2021-06-06,SUN,1.16,262,303.92,95.1
B001,B,apple,2021-06-07,MON,,,,
B001,B,apple,2021-06-08,TUE,1.16,245,284.2,95.1
B001,B,apple,2021-06-09,WED,1.16,238,276.08,92.1
B001,B,apple,2021-06-10,THU,1.18,241,284.38,95.1
B001,B,apple,2021-06-11,FRI,1.18,240,283.2,93.9
B001,B,apple,2021-06-12,SAT,1.18,262,309.16,94
B001,B,apple,2021-06-13,SUN,1.18,261,307.98,88.8
B001,B,apple,2021-06-14,MON,,,,
B001,B,apple,2021-06-15,TUE,1.18,242,285.56,83.8
B001,B,apple,2021-06-16,WED,1.18,240,283.2,93.8
B001,B,apple,2021-06-17,THU,1.2,245,294,95.9
B001,B,apple,2021-06-18,FRI,1.2,242,290.4,97.3
B001,B,apple,2021-06-19,SAT,1.2,260,312,96.7
B001,B,apple,2021-06-20,SUN,1.2,263,315.6,96.7
B001,B,apple,2021-06-21,MON,,,,
B001,B,apple,2021-06-22,TUE,1.2,244,292.8,93.1
B001,B,apple,2021-06-23,WED,1.2,244,292.8,95.5
B001,B,apple,2021-06-24,THU,1.2,241,289.2,97
B001,B,apple,2021-06-25,FRI,1.2,245,294,97
B001,B,apple,2021-06-26,SAT,1.2,262,314.4,96
B001,B,apple,2021-06-27,SUN,1.2,262,314.4,98.1
B001,B,apple,2021-06-28,MON,,,,
B001,B,apple,2021-06-29,TUE,1.2,238,285.6,97.3
B001,B,apple,2021-06-30,WED,1.2,245,294,95
B001,B,apple,2021-07-01,THU,1.19,244,290.36,94.7
B001,B,apple,2021-07-02,FRI,1.19,238,283.22,98.1
B001,B,apple,2021-07-03,SAT,1.19,262,311.78,94.6
B001,B,apple,2021-07-04,SUN,1.19,261,310.59,95.9
B001,B,apple,2021-07-05,MON,,,,
B001,B,apple,2021-07-06,TUE,1.19,240,285.6,97.3
B001,B,apple,2021-07-07,WED,1.19,245,291.55,93.6
B001,B,apple,2021-07-08,THU,1.2,240,288,94.6
B001,B,apple,2021-07-09,FRI,1.2,239,286.8,96.7
B001,B,apple,2021-07-10,SAT,1.2,261,313.2,95.5
B001,B,apple,2021-07-11,SUN,1.2,262,314.4,98.4
B001,B,apple,2021-07-12,MON,,,,
B001,B,apple,2021-07-13,TUE,1.2,241,289.2,97
B001,B,apple,2021-07-14,WED,1.2,240,288,93.9
B001,B,apple,2021-07-15,THU,1.22,240,292.8,92.1
B001,B,apple,2021-07-16,FRI,1.22,243,296.46,95.4
B001,B,apple,2021-07-17,SAT,1.22,264,322.08,88.9
B001,B,apple,2021-07-18,SUN,1.22,261,318.42,93.2
B001,B,apple,2021-07-19,MON,,,,
B001,B,apple,2021-07-20,TUE,1.22,242,295.24,96.7
B001,B,apple,2021-07-21,WED,1.22,242,295.24,98.2
B001,B,apple,2021-07-22,THU,1.23,242,297.66,97.7
B001,B,apple,2021-07-23,FRI,1.23,239,293.97,95.4
B001,B,apple,2021-07-24,SAT,1.23,262,322.26,93.3
B001,B,apple,2021-07-25,SUN,1.23,261,321.03,97.8
B001,B,apple,2021-07-26,MON,,,,
B001,B,apple,2021-07-27,TUE,1.23,237,291.51,95
B001,B,apple,2021-07-28,WED,1.23,246,302.58,96
B001,B,apple,2021-07-29,THU,1.24,238,295.12,91.3
B001,B,apple,2021-07-30,FRI,1.24,242,300.08,96.5
B001,B,apple,2021-07-31,SAT,1.24,264,327.36,95.1
B001,B,apple,2021-08-01,SUN,1.24,265,328.6,96.5
B001,B,apple,2021-08-02,MON,,,,
B001,B,apple,2021-08-03,TUE,1.24,244,302.56,97.1
B001,B,apple,2021-08-04,WED,1.24,241,298.84,97.5
B001,B,apple,2021-08-05,THU,1.24,239,296.36,96.3
B001,B,apple,2021-08-06,FRI,1.24,241,298.84,94.5
B001,B,apple,2021-08-07,SAT,1.24,263,326.12,96
B001,B,apple,2021-08-08,SUN,1.24,263,326.12,91
B001,B,apple,2021-08-09,MON,,,,
B001,B,apple,2021-08-10,TUE,1.24,240,297.6,96.4
B001,B,apple,2021-08-11,WED,1.24,238,295.12,94.4
B001,B,apple,2021-08-12,THU,1.24,240,297.6,93
B001,B,apple,2021-08-13,FRI,1.24,241,298.84,91.8
B001,B,apple,2021-08-14,SAT,1.24,261,323.64,93.9
B001,B,apple,2021-08-15,SUN,1.24,264,327.36,95.9
B001,B,apple,2021-08-16,MON,,,,
B001,B,apple,2021-08-17,TUE,1.24,239,296.36,95.3
B001,B,apple,2021-08-18,WED,1.24,242,300.08,95.2
B001,B,apple,2021-08-19,THU,1.27,239,303.53,93.9
B001,B,apple,2021-08-20,FRI,1.27,241,306.07,94.9
B001,B,apple,2021-08-21,SAT,1.27,264,335.28,97.4
B001,B,apple,2021-08-22,SUN,1.27,264,335.28,97.4
B001,B,apple,2021-08-23,MON,,,,
B001,B,apple,2021-08-24,TUE,1.27,237,300.99,97.5
B001,B,apple,2021-08-25,WED,1.27,237,300.99,93.2
B001,B,apple,2021-08-26,THU,1.27,245,311.15,92.8
B001,B,apple,2021-08-27,FRI,1.27,240,304.8,89.4
B001,B,apple,2021-08-28,SAT,1.27,261,331.47,98
B001,B,apple,2021-08-29,SUN,1.27,265,336.55,96.9
B001,B,apple,2021-08-30,MON,,,,
B001,B,apple,2021-08-31,TUE,1.27,241,306.07,95.2
B001,B,apple,2021-09-01,WED,1.27,239,303.53,91.1
B001,B,apple,2021-09-02,THU,1.28,244,312.32,91.4
B001,B,apple,2021-09-03,FRI,1.28,241,308.48,89.7
B001,B,apple,2021-09-04,SAT,1.28,264,337.92,95
B001,B,apple,2021-09-05,SUN,1.28,263,336.64,95.7
B001,B,apple,2021-09-06,MON,,,,
B001,B,apple,2021-09-07,TUE,1.28,238,304.64,98.6
B001,B,apple,2021-09-08,WED,1.28,245,313.6,93.2
B001,B,apple,2021-09-09,THU,1.3,240,312,98.6
B001,B,apple,2021-09-10,FRI,1.3,241,313.3,94.8
B001,B,apple,2021-09-11,SAT,1.3,262,340.6,94.8
B001,B,apple,2021-09-12,SUN,1.3,265,344.5,94
B001,B,apple,2021-09-13,MON,,,,
B001,B,apple,2021-09-14,TUE,1.3,243,315.9,97.8
B001,B,apple,2021-09-15,WED,1.3,237,308.1,96.2
B001,B,apple,2021-09-16,THU,1.3,239,310.7,97.9
B001,B,apple,2021-09-17,FRI,1.3,236,306.8,98.4
B001,B,apple,2021-09-18,SAT,1.3,262,340.6,99.6
B001,B,apple,2021-09-19,SUN,1.3,263,341.9,98.1
B001,B,apple,2021-09-20,MON,,,,
B001,B,apple,2021-09-21,TUE,1.3,240,312,98.2
B001,B,apple,2021-09-22,WED,1.3,240,312,98.3
B001,B,apple,2021-09-23,THU,1.32,242,319.44,93.9
B001,B,apple,2021-09-24,FRI,1.32,242,319.44,98.4
B001,B,apple,2021-09-25,SAT,1.32,264,348.48,98.2
B001,B,apple,2021-09-26,SUN,1.32,261,344.52,99.3
B001,B,apple,2021-09-27,MON,,,,
B001,B,apple,2021-09-28,TUE,1.32,244,322.08,97
B001,B,apple,2021-09-29,WED,1.32,242,319.44,97
B001,B,apple,2021-09-30,THU,1.34,243,325.62,95.8
B001,B,banana,2021-04-01,THU,2.81,443,1244.83,96
B001,B,banana,2021-04-02,FRI,2.81,450,1264.5,87
B001,B,banana,2021-04-03,SAT,2.81,490,1376.9,90.3
B001,B,banana,2021-04-04,SUN,2.81,495,1390.95,95.2
B001,B,banana,2021-04-05,MON,,,,
B001,B,banana,2021-04-06,TUE,2.81,450,1264.5,84.9
B001,B,banana,2021-04-07,WED,2.81,444,1247.64,88.9
B001,B,banana,2021-04-08,THU,2.82,452,1274.64,82.5
B001,B,banana,2021-04-09,FRI,2.82,452,1274.64,95
B001,B,banana,2021-04-10,SAT,2.82,491,1384.62,95
B001,B,banana,2021-04-11,SUN,2.82,489,1378.98,92.9
B001,B,banana,2021-04-12,MON,,,,
B001,B,banana,2021-04-13,TUE,2.82,456,1285.92,80.8
B001,B,banana,2021-04-14,WED,2.82,459,1294.38,81.9
B001,B,banana,2021-04-15,THU,2.83,456,1290.48,93.2
B001,B,banana,2021-04-16,FRI,2.83,454,1284.82,97.6
B001,B,banana,2021-04-17,SAT,2.83,496,1403.68,85.6
B001,B,banana,2021-04-18,SUN,2.83,491,1389.53,86.1
B001,B,banana,2021-04-19,MON,,,,
B001,B,banana,2021-04-20,TUE,2.83,457,1293.31,93.5
B001,B,banana,2021-04-21,WED,2.83,453,1281.99,96.4
B001,B,banana,2021-04-22,THU,2.84,447,1269.48,89.6
B001,B,banana,2021-04-23,FRI,2.84,455,1292.2,97.6
B001,B,banana,2021-04-24,SAT,2.84,495,1405.8,85.8
B001,B,banana,2021-04-25,SUN,2.84,495,1405.8,94.9
B001,B,banana,2021-04-26,MON,,,,
B001,B,banana,2021-04-27,TUE,2.84,458,1300.72,90.6
B001,B,banana,2021-04-28,WED,2.84,450,1278,92
B001,B,banana,2021-04-29,THU,2.86,444,1269.84,87.4
B001,B,banana,2021-04-30,FRI,2.86,444,1269.84,93.7
B001,B,banana,2021-05-01,SAT,2.86,489,1398.54,95.8
B001,B,banana,2021-05-02,SUN,2.86,491,1404.26,92.6
B001,B,banana,2021-05-03,MON,,,,
B001,B,banana,2021-05-04,TUE,2.86,445,1272.7,86.3
B001,B,banana,2021-05-05,WED,2.86,443,1266.98,92.9
B001,B,banana,2021-05-06,THU,2.88,445,1281.6,94.7
B001,B,banana,2021-05-07,FRI,2.88,453,1304.64,86.6
B001,B,banana,2021-05-08,SAT,2.88,494,1422.72,97.4
B001,B,banana,2021-05-09,SUN,2.88,488,1405.44,90.2
B001,B,banana,2021-05-10,MON,,,,
B001,B,banana,2021-05-11,TUE,2.88,447,1287.36,97
B001,B,banana,2021-05-12,WED,2.88,453,1304.64,91
B001,B,banana,2021-05-13,THU,2.88,445,1281.6,96.4
B001,B,banana,2021-05-14,FRI,2.88,459,1321.92,96.6
B001,B,banana,2021-05-15,SAT,2.88,490,1411.2,96.2
B001,B,banana,2021-05-16,SUN,2.88,493,1419.84,96.6
B001,B,banana,2021-05-17,MON,,,,
B001,B,banana,2021-05-18,TUE,2.88,459,1321.92,94.5
B001,B,banana,2021-05-19,WED,2.88,452,1301.76,95.8
B001,B,banana,2021-05-20,THU,2.88,455,1310.4,96
B001,B,banana,2021-05-21,FRI,2.88,455,1310.4,92.8
B001,B,banana,2021-05-22,SAT,2.88,491,1414.08,96
B001,B,banana,2021-05-23,SUN,2.88,495,1425.6,95
B001,B,banana,2021-05-24,MON,,,,
B001,B,banana,2021-05-25,TUE,2.88,443,1275.84,94.2
B001,B,banana,2021-05-26,WED,2.88,446,1284.48,94.6
B001,B,banana,2021-05-27,THU,2.87,460,1320.2,96.6
B001,B,banana,2021-05-28,FRI,2.87,446,1280.02,95.9
B001,B,banana,2021-05-29,SAT,2.87,489,1403.43,88.9
B001,B,banana,2021-05-30,SUN,2.87,491,1409.17,98.6
B001,B,banana,2021-05-31,MON,,,,
B001,B,banana,2021-06-01,TUE,2.87,453,1300.11,91.2
B001,B,banana,2021-06-02,WED,2.87,448,1285.76,91.2
B001,B,banana,2021-06-03,THU,2.89,442,1277.38,92.7
B001,B,banana,2021-06-04,FRI,2.89,448,1294.72,94.5
B001,B,banana,2021-06-05,SAT,2.89,489,1413.21,96.8
B001,B,banana,2021-06-06,SUN,2.89,489,1413.21,95.1
B001,B,banana,2021-06-07,MON,,,,
B001,B,banana,2021-06-08,TUE,2.89,448,1294.72,95.1
B001,B,banana,2021-06-09,WED,2.89,448,1294.72,92.1
B001,B,banana,2021-06-10,THU,2.91,450,1309.5,95.1
B001,B,banana,2021-06-11,FRI,2.91,448,1303.68,93.9
B001,B,banana,2021-06-12,SAT,2.91,492,1431.72,94
B001,B,banana,2021-06-13,SUN,2.91,492,1431.72,88.8
B001,B,banana,2021-06-14,MON,,,,
B001,B,banana,2021-06-15,TUE,2.91,448,1303.68,83.8
B001,B,banana,2021-06-16,WED,2.91,450,1309.5,93.8
B001,B,banana,2021-06-17,THU,2.92,458,1337.36,95.9
B001,B,banana,2021-06-18,FRI,2.92,456,1331.52,97.3
B001,B,banana,2021-06-19,SAT,2.92,490,1430.8,96.7
B001,B,banana,2021-06-20,SUN,2.92,489,1427.88,96.7
B001,B,banana,2021-06-21,MON,,,,
B001,B,banana,2021-06-22,TUE,2.92,456,1331.52,93.1
B001,B,banana,2021-06-23,WED,2.92,459,1340.28,95.5
B001,B,banana,2021-06-24,THU,2.95,452,1333.4,97
B001,B,banana,2021-06-25,FRI,2.95,452,1333.4,97
B001,B,banana,2021-06-26,SAT,2.95,491,1448.45,96
B001,B,banana,2021-06-27,SUN,2.95,491,1448.45,98.1
B001,B,banana,2021-06-28,MON,,,,
B001,B,banana,2021-06-29,TUE,2.95,451,1330.45,97.3
B001,B,banana,2021-06-30,WED,2.95,445,1312.75,95
B001,B,banana,2021-07-01,THU,2.98,458,1364.84,94.7
B001,B,banana,2021-07-02,FRI,2.98,456,1358.88,98.1
B001,B,banana,2021-07-03,SAT,2.98,494,1472.12,94.6
B001,B,banana,2021-07-04,SUN,2.98,488,1454.24,95.9
B001,B,banana,2021-07-05,MON,,,,
B001,B,banana,2021-07-06,TUE,2.98,446,1329.08,97.3
B001,B,banana,2021-07-07,WED,2.98,445,1326.1,93.6
B001,B,banana,2021-07-08,THU,3,455,1365,94.6
B001,B,banana,2021-07-09,FRI,3,458,1374,96.7
B001,B,banana,2021-07-10,SAT,3,492,1476,95.5
B001,B,banana,2021-07-11,SUN,3,494,1482,98.4
B001,B,banana,2021-07-12,MON,,,,
B001,B,banana,2021-07-13,TUE,3,446,1338,97
B001,B,banana,2021-07-14,WED,3,448,1344,93.9
B001,B,banana,2021-07-15,THU,3.03,460,1393.8,92.1
B001,B,banana,2021-07-16,FRI,3.03,450,1363.5,95.4
B001,B,banana,2021-07-17,SAT,3.03,491,1487.73,88.9
B001,B,banana,2021-07-18,SUN,3.03,488,1478.64,93.2
B001,B,banana,2021-07-19,MON,,,,
B001,B,banana,2021-07-20,TUE,3.03,451,1366.53,96.7
B001,B,banana,2021-07-21,WED,3.03,460,1393.8,98.2
B001,B,banana,2021-07-22,THU,3.03,453,1372.59,97.7
B001,B,banana,2021-07-23,FRI,3.03,446,1351.38,95.4
B001,B,banana,2021-07-24,SAT,3.03,493,1493.79,93.3
B001,B,banana,2021-07-25,SUN,3.03,490,1484.7,97.8
B001,B,banana,2021-07-26,MON,,,,
B001,B,banana,2021-07-27,TUE,3.03,454,1375.62,95
B001,B,banana,2021-07-28,WED,3.03,451,1366.53,96
B001,B,banana,2021-07-29,THU,3.04,444,1349.76,91.3
B001,B,banana,2021-07-30,FRI,3.04,446,1355.84,96.5
B001,B,banana,2021-07-31,SAT,3.04,491,1492.64,95.1
B001,B,banana,2021-08-01,SUN,3.04,490,1489.6,96.5
B001,B,banana,2021-08-02,MON,,,,
B001,B,banana,2021-08-03,TUE,3.04,446,1355.84,97.1
B001,B,banana,2021-08-04,WED,3.04,442,1343.68,97.5
B001,B,banana,2021-08-05,THU,3.04,444,1349.76,96.3
B001,B,banana,2021-08-06,FRI,3.04,459,1395.36,94.5
B001,B,banana,2021-08-07,SAT,3.04,490,1489.6,96
B001,B,banana,2021-08-08,SUN,3.04,495,1504.8,91
B001,B,banana,2021-08-09,MON,,,,
B001,B,banana,2021-08-10,TUE,3.04,451,1371.04,96.4
B001,B,banana,2021-08-11,WED,3.04,459,1395.36,94.4
B001,B,banana,2021-08-12,THU,3.06,457,1398.42,93
B001,B,banana,2021-08-13,FRI,3.06,457,1398.42,91.8
B001,B,banana,2021-08-14,SAT,3.06,487,1490.22,93.9
B001,B,banana,2021-08-15,SUN,3.06,494,1511.64,95.9
B001,B,banana,2021-08-16,MON,,,,
B001,B,banana,2021-08-17,TUE,3.06,459,1404.54,95.3
B001,B,banana,2021-08-18,WED,3.06,452,1383.12,95.2
B001,B,banana,2021-08-19,THU,3.07,449,1378.43,93.9
B001,B,banana,2021-08-20,FRI,3.07,450,1381.5,94.9
B001,B,banana,2021-08-21,SAT,3.07,492,1510.44,97.4
B001,B,banana,2021-08-22,SUN,3.07,490,1504.3,97.4
B001,B,banana,2021-08-23,MON,,,,
B001,B,banana,2021-08-24,TUE,3.07,456,1399.92,97.5
B001,B,banana,2021-08-25,WED,3.07,444,1363.08,93.2
B001,B,banana,2021-08-26,THU,3.09,442,1365.78,92.8
B001,B,banana,2021-08-27,FRI,3.09,454,1402.86,89.4
B001,B,banana,2021-08-28,SAT,3.09,493,1523.37,98
B001,B,banana,2021-08-29,SUN,3.09,488,1507.92,96.9
B001,B,banana,2021-08-30,MON,,,,
B001,B,banana,2021-08-31,TUE,3.09,450,1390.5,95.2
B001,B,banana,2021-09-01,WED,3.09,446,1378.14,91.1
B001,B,banana,2021-09-02,THU,3.09,449,1387.41,91.4
B001,B,banana,2021-09-03,FRI,3.09,447,1381.23,89.7
B001,B,banana,2021-09-04,SAT,3.09,489,1511.01,95
B001,B,banana,2021-09-05,SUN,3.09,495,1529.55,95.7
B001,B,banana,2021-09-06,MON,,,,
B001,B,banana,2021-09-07,TUE,3.09,457,1412.13,98.6
B001,B,banana,2021-09-08,WED,3.09,457,1412.13,93.2
B001,B,banana,2021-09-09,THU,3.11,442,1374.62,98.6
B001,B,banana,2021-09-10,FRI,3.11,445,1383.95,94.8
B001,B,banana,2021-09-11,SAT,3.11,492,1530.12,94.8
B001,B,banana,2021-09-12,SUN,3.11,491,1527.01,94
B001,B,banana,2021-09-13,MON,,,,
B001,B,banana,2021-09-14,TUE,3.11,458,1424.38,97.8
B001,B,banana,2021-09-15,WED,3.11,453,1408.83,96.2
B001,B,banana,2021-09-16,THU,3.1,445,1379.5,97.9
B001,B,banana,2021-09-17,FRI,3.1,451,1398.1,98.4
B001,B,banana,2021-09-18,SAT,3.1,495,1534.5,99.6
B001,B,banana,2021-09-19,SUN,3.1,492,1525.2,98.1
B001,B,banana,2021-09-20,MON,,,,
B001,B,banana,2021-09-21,TUE,3.1,456,1413.6,98.2
B001,B,banana,2021-09-22,WED,3.1,447,1385.7,98.3
B001,B,banana,2021-09-23,THU,3.1,448,1388.8,93.9
B001,B,banana,2021-09-24,FRI,3.1,442,1370.2,98.4
B001,B,banana,2021-09-25,SAT,3.1,491,1522.1,98.2
B001,B,banana,2021-09-26,SUN,3.1,490,1519,99.3
B001,B,banana,2021-09-27,MON,,,,
B001,B,banana,2021-09-28,TUE,3.1,445,1379.5,97
B001,B,banana,2021-09-29,WED,3.1,442,1370.2,97
B001,B,banana,2021-09-30,THU,3.13,448,1402.24,95.8
B001,B,cherry,2021-04-01,THU,6.77,266,1800.82,96
B001,B,cherry,2021-04-02,FRI,6.77,259,1753.43,87
B001,B,cherry,2021-04-03,SAT,6.77,285,1929.45,90.3
B001,B,cherry,2021-04-04,SUN,6.77,284,1922.68,95.2
B001,B,cherry,2021-04-05,MON,,,,
B001,B,cherry,2021-04-06,TUE,6.77,263,1780.51,84.9
B001,B,cherry,2021-04-07,WED,6.77,258,1746.66,88.9
B001,B,cherry,2021-04-08,THU,6.77,263,1780.51,82.5
B001,B,cherry,2021-04-09,FRI,6.77,257,1739.89,95
B001,B,cherry,2021-04-10,SAT,6.77,287,1942.99,95
B001,B,cherry,2021-04-11,SUN,6.77,284,1922.68,92.9
B001,B,cherry,2021-04-12,MON,,,,
B001,B,cherry,2021-04-13,TUE,6.77,265,1794.05,80.8
B001,B,cherry,2021-04-14,WED,6.77,262,1773.74,81.9
B001,B,cherry,2021-04-15,THU,6.8,264,1795.2,93.2
B001,B,cherry,2021-04-16,FRI,6.8,262,1781.6,97.6
B001,B,cherry,2021-04-17,SAT,6.8,284,1931.2,85.6
B001,B,cherry,2021-04-18,SUN,6.8,283,1924.4,86.1
B001,B,cherry,2021-04-19,MON,,,,
B001,B,cherry,2021-04-20,TUE,6.8,262,1781.6,93.5
B001,B,cherry,2021-04-21,WED,6.8,261,1774.8,96.4
B001,B,cherry,2021-04-22,THU,6.79,257,1745.03,89.6
B001,B,cherry,2021-04-23,FRI,6.79,259,1758.61,97.6
B001,B,cherry,2021-04-24,SAT,6.79,284,1928.36,85.8
B001,B,cherry,2021-04-25,SUN,6.79,286,1941.94,94.9
B001,B,cherry,2021-04-26,MON,,,,
B001,B,cherry,2021-04-27,TUE,6.79,261,1772.19,90.6
B001,B,cherry,2021-04-28,WED,6.79,265,1799.35,92
B001,B,cherry,2021-04-29,THU,6.79,256,1738.24,87.4
B001,B,cherry,2021-04-30,FRI,6.79,264,1792.56,93.7
B001,B,cherry,2021-05-01,SAT,6.79,283,1921.57,95.8
B001,B,cherry,2021-05-02,SUN,6.79,282,1914.78,92.6
B001,B,cherry,2021-05-03,MON,,,,
B001,B,cherry,2021-05-04,TUE,6.79,261,1772.19,86.3
B001,B,cherry,2021-05-05,WED,6.79,263,1785.77,92.9
B001,B,cherry,2021-05-06,THU,6.78,258,1749.24,94.7
B001,B,cherry,2021-05-07,FRI,6.78,266,1803.48,86.6
B001,B,cherry,2021-05-08,SAT,6.78,285,1932.3,97.4
B001,B,cherry,2021-05-09,SUN,6.78,282,1911.96,90.2
B001,B,cherry,2021-05-10,MON,,,,
B001,B,cherry,2021-05-11,TUE,6.78,260,1762.8,97
B001,B,cherry,2021-05-12,WED,6.78,266,1803.48,91
B001,B,cherry,2021-05-13,THU,6.78,260,1762.8,96.4
B001,B,cherry,2021-05-14,FRI,6.78,265,1796.7,96.6
B001,B,cherry,2021-05-15,SAT,6.78,285,1932.3,96.2
B001,B,cherry,2021-05-16,SUN,6.78,286,1939.08,96.6
B001,B,cherry,2021-05-17,MON,,,,
B001,B,cherry,2021-05-18,TUE,6.78,261,1769.58,94.5
B001,B,cherry,2021-05-19,WED,6.78,260,1762.8,95.8
B001,B,cherry,2021-05-20,THU,6.8,264,1795.2,96
B001,B,cherry,2021-05-21,FRI,6.8,265,1802,92.8
B001,B,cherry,2021-05-22,SAT,6.8,286,1944.8,96
B001,B,cherry,2021-05-23,SUN,6.8,286,1944.8,95
B001,B,cherry,2021-05-24,MON,,,,
B001,B,cherry,2021-05-25,TUE,6.8,263,1788.4,94.2
B001,B,cherry,2021-05-26,WED,6.8,258,1754.4,94.6
B001,B,cherry,2021-05-27,THU,6.83,256,1748.48,96.6
B001,B,cherry,2021-05-28,FRI,6.83,258,1762.14,95.9
B001,B,cherry,2021-05-29,SAT,6.83,284,1939.72,88.9
B001,B,cherry,2021-05-30,SUN,6.83,286,1953.38,98.6
B001,B,cherry,2021-05-31,MON,,,,
B001,B,cherry,2021-06-01,TUE,6.83,262,1789.46,91.2
B001,B,cherry,2021-06-02,WED,6.83,261,1782.63,91.2
B001,B,cherry,2021-06-03,THU,6.84,265,1812.6,92.7
B001,B,cherry,2021-06-04,FRI,6.84,257,1757.88,94.5
B001,B,cherry,2021-06-05,SAT,6.84,282,1928.88,96.8
B001,B,cherry,2021-06-06,SUN,6.84,284,1942.56,95.1
B001,B,cherry,2021-06-07,MON,,,,
B001,B,cherry,2021-06-08,TUE,6.84,266,1819.44,95.1
B001,B,cherry,2021-06-09,WED,6.84,265,1812.6,92.1
B001,B,cherry,2021-06-10,THU,6.86,256,1756.16,95.1
B001,B,cherry,2021-06-11,FRI,6.86,261,1790.46,93.9
B001,B,cherry,2021-06-12,SAT,6.86,282,1934.52,94
B001,B,cherry,2021-06-13,SUN,6.86,282,1934.52,88.8
B001,B,cherry,2021-06-14,MON,,,,
B001,B,cherry,2021-06-15,TUE,6.86,259,1776.74,83.8
B001,B,cherry,2021-06-16,WED,6.86,257,1763.02,93.8
B001,B,cherry,2021-06-17,THU,6.88,262,1802.56,95.9
B001,B,cherry,2021-06-18,FRI,6.88,265,1823.2,97.3
B001,B,cherry,2021-06-19,SAT,6.88,285,1960.8,96.7
B001,B,cherry,2021-06-20,SUN,6.88,287,1974.56,96.7
B001,B,cherry,2021-06-21,MON,,,,
B001,B,cherry,2021-06-22,TUE,6.88,259,1781.92,93.1
B001,B,cherry,2021-06-23,WED,6.88,258,1775.04,95.5
B001,B,cherry,2021-06-24,THU,6.88,262,1802.56,97
B001,B,cherry,2021-06-25,FRI,6.88,256,1761.28,97
B001,B,cherry,2021-06-26,SAT,6.88,284,1953.92,96
B001,B,cherry,2021-06-27,SUN,6.88,283,1947.04,98.1
B001,B,cherry,2021-06-28,MON,,,,
B001,B,cherry,2021-06-29,TUE,6.88,258,1775.04,97.3
B001,B,cherry,2021-06-30,WED,6.88,263,1809.44,95
B001,B,cherry,2021-07-01,THU,6.9,261,1800.9,94.7
B001,B,cherry,2021-07-02,FRI,6.9,259,1787.1,98.1
B001,B,cherry,2021-07-03,SAT,6.9,286,1973.4,94.6
B001,B,cherry,2021-07-04,SUN,6.9,284,1959.6,95.9
B001,B,cherry,2021-07-05,MON,,,,
B001,B,cherry,2021-07-06,TUE,6.9,265,1828.5,97.3
B001,B,cherry,2021-07-07,WED,6.9,265,1828.5,93.6
B001,B,cherry,2021-07-08,THU,6.9,260,1794,94.6
B001,B,cherry,2021-07-09,FRI,6.9,257,1773.3,96.7
B001,B,cherry,2021-07-10,SAT,6.9,286,1973.4,95.5
B001,B,cherry,2021-07-11,SUN,6.9,285,1966.5,98.4
B001,B,cherry,2021-07-12,MON,,,,
B001,B,cherry,2021-07-13,TUE,6.9,264,1821.6,97
B001,B,cherry,2021-07-14,WED,6.9,264,1821.6,93.9
B001,B,cherry,2021-07-15,THU,6.9,262,1807.8,92.1
B001,B,cherry,2021-07-16,FRI,6.9,258,1780.2,95.4
B001,B,cherry,2021-07-17,SAT,6.9,286,1973.4,88.9
B001,B,cherry,2021-07-18,SUN,6.9,283,1952.7,93.2
B001,B,cherry,2021-07-19,MON,,,,
B001,B,cherry,2021-07-20,TUE,6.9,259,1787.1,96.7
B001,B,cherry,2021-07-21,WED,6.9,266,1835.4,98.2
B001,B,cherry,2021-07-22,THU,6.93,264,1829.52,97.7
B001,B,cherry,2021-07-23,FRI,6.93,262,1815.66,95.4
B001,B,cherry,2021-07-24,SAT,6.93,285,1975.05,93.3
B001,B,cherry,2021-07-25,SUN,6.93,285,1975.05,97.8
B001,B,cherry,2021-07-26,MON,,,,
B001,B,cherry,2021-07-27,TUE,6.93,265,1836.45,95
B001,B,cherry,2021-07-28,WED,6.93,257,1781.01,96
B001,B,cherry,2021-07-29,THU,6.95,256,1779.2,91.3
B001,B,cherry,2021-07-30,FRI,6.95,262,1820.9,96.5
B001,B,cherry,2021-07-31,SAT,6.95,286,1987.7,95.1
B001,B,cherry,2021-08-01,SUN,6.95,284,1973.8,96.5
B001,B,cherry,2021-08-02,MON,,,,
B001,B,cherry,2021-08-03,TUE,6.95,260,1807,97.1
B001,B,cherry,2021-08-04,WED,6.95,258,1793.1,97.5
B001,B,cherry,2021-08-05,THU,6.96,266,1851.36,96.3
B001,B,cherry,2021-08-06,FRI,6.96,266,1851.36,94.5
B001,B,cherry,2021-08-07,SAT,6.96,286,1990.56,96
B001,B,cherry,2021-08-08,SUN,6.96,285,1983.6,91
B001,B,cherry,2021-08-09,MON,,,,
B001,B,cherry,2021-08-10,TUE,6.96,258,1795.68,96.4
B001,B,cherry,2021-08-11,WED,6.96,261,1816.56,94.4
B001,B,cherry,2021-08-12,THU,6.98,266,1856.68,93
B001,B,cherry,2021-08-13,FRI,6.98,266,1856.68,91.8
B001,B,cherry,2021-08-14,SAT,6.98,284,1982.32,93.9
B001,B,cherry,2021-08-15,SUN,6.98,286,1996.28,95.9
B001,B,cherry,2021-08-16,MON,,,,
B001,B,cherry,2021-08-17,TUE,6.98,258,1800.84,95.3
B001,B,cherry,2021-08-18,WED,6.98,260,1814.8,95.2
B001,B,cherry,2021-08-19,THU,7.01,263,1843.63,93.9
B001,B,cherry,2021-08-20,FRI,7.01,256,1794.56,94.9
B001,B,cherry,2021-08-21,SAT,7.01,285,1997.85,97.4
B001,B,cherry,2021-08-22,SUN,7.01,284,1990.84,97.4
B001,B,cherry,2021-08-23,MON,,,,
B001,B,cherry,2021-08-24,TUE,7.01,258,1808.58,97.5
B001,B,cherry,2021-08-25,WED,7.01,265,1857.65,93.2
B001,B,cherry,2021-08-26,THU,7.03,258,1813.74,92.8
B001,B,cherry,2021-08-27,FRI,7.03,263,1848.89,89.4
B001,B,cherry,2021-08-28,SAT,7.03,286,2010.58,98
B001,B,cherry,2021-08-29,SUN,7.03,287,2017.61,96.9
B001,B,cherry,2021-08-30,MON,,,,
B001,B,cherry,2021-08-31,TUE,7.03,265,1862.95,95.2
B001,B,cherry,2021-09-01,WED,7.03,264,1855.92,91.1
B001,B,cherry,2021-09-02,THU,7.04,266,1872.64,91.4
B001,B,cherry,2021-09-03,FRI,7.04,259,1823.36,89.7
B001,B,cherry,2021-09-04,SAT,7.04,285,2006.4,95
B001,B,cherry,2021-09-05,SUN,7.04,284,1999.36,95.7
B001,B,cherry,2021-09-06,MON,,,,
B001,B,cherry,2021-09-07,TUE,7.04,266,1872.64,98.6
B001,B,cherry,2021-09-08,WED,7.04,263,1851.52,93.2
B001,B,cherry,2021-09-09,THU,7.07,256,1809.92,98.6
B001,B,cherry,2021-09-10,FRI,7.07,260,1838.2,94.8
B001,B,cherry,2021-09-11,SAT,7.07,286,2022.02,94.8
B001,B,cherry,2021-09-12,SUN,7.07,284,2007.88,94
B001,B,cherry,2021-09-13,MON,,,,
B001,B,cherry,2021-09-14,TUE,7.07,260,1838.2,97.8
B001,B,cherry,2021-09-15,WED,7.07,260,1838.2,96.2
B001,B,cherry,2021-09-16,THU,7.07,266,1880.62,97.9
B001,B,cherry,2021-09-17,FRI,7.07,263,1859.41,98.4
B001,B,cherry,2021-09-18,SAT,7.07,286,2022.02,99.6
B001,B,cherry,2021-09-19,SUN,7.07,287,2029.09,98.1
B001,B,cherry,2021-09-20,MON,,,,
B001,B,cherry,2021-09-21,TUE,7.07,260,1838.2,98.2
B001,B,cherry,2021-09-22,WED,7.07,264,1866.48,98.3
B001,B,cherry,2021-09-23,THU,7.09,264,1871.76,93.9
B001,B,cherry,2021-09-24,FRI,7.09,265,1878.85,98.4
B001,B,cherry,2021-09-25,SAT,7.09,284,2013.56,98.2
B001,B,cherry,2021-09-26,SUN,7.09,286,2027.74,99.3
B001,B,cherry,2021-09-27,MON,,,,
B001,B,cherry,2021-09-28,TUE,7.09,256,1815.04,97
B001,B,cherry,2021-09-29,WED,7.09,257,1822.13,97
B001,B,cherry,2021-09-30,THU,7.11,260,1848.6,95.8
B002,B,apple,2021-04-01,THU,1.05,350,367.5,96
B002,B,apple,2021-04-02,FRI,1.05,351,368.55,87
B002,B,apple,2021-04-03,SAT,1.05,385,404.25,90.3
B002,B,apple,2021-04-04,SUN,1.05,384,403.2,95.2
B002,B,apple,2021-04-05,MON,,,,
B002,B,apple,2021-04-06,TUE,1.05,347,364.35,84.9
B002,B,apple,2021-04-07,WED,1.05,357,374.85,88.9
B002,B,apple,2021-04-08,THU,1.05,358,375.9,82.5
B002,B,apple,2021-04-09,FRI,1.05,346,363.3,95
B002,B,apple,2021-04-10,SAT,1.05,383,402.15,95
B002,B,apple,2021-04-11,SUN,1.05,383,402.15,92.9
B002,B,apple,2021-04-12,MON,,,,
B002,B,apple,2021-04-13,TUE,1.05,347,364.35,80.8
B002,B,apple,2021-04-14,WED,1.05,347,364.35,81.9
B002,B,apple,2021-04-15,THU,1.06,355,376.3,93.2
B002,B,apple,2021-04-16,FRI,1.06,353,374.18,97.6
B002,B,apple,2021-04-17,SAT,1.06,382,404.92,85.6
B002,B,apple,2021-04-18,SUN,1.06,386,409.16,86.1
B002,B,apple,2021-04-19,MON,,,,
B002,B,apple,2021-04-20,TUE,1.06,345,365.7,93.5
B002,B,apple,2021-04-21,WED,1.06,352,373.12,96.4
B002,B,apple,2021-04-22,THU,1.08,356,384.48,89.6
B002,B,apple,2021-04-23,FRI,1.08,352,380.16,97.6
B002,B,apple,2021-04-24,SAT,1.08,385,415.8,85.8
B002,B,apple,2021-04-25,SUN,1.08,386,416.88,94.9
B002,B,apple,2021-04-26,MON,,,,
B002,B,apple,2021-04-27,TUE,1.08,355,383.4,90.6
B002,B,apple,2021-04-28,WED,1.08,353,381.24,92
B002,B,apple,2021-04-29,THU,1.08,356,384.48,87.4
B002,B,apple,2021-04-30,FRI,1.08,358,386.64,93.7
B002,B,apple,2021-05-01,SAT,1.08,385,415.8,95.8
B002,B,apple,2021-05-02,SUN,1.08,386,416.88,92.6
B002,B,apple,2021-05-03,MON,,,,
B002,B,apple,2021-05-04,TUE,1.08,358,386.64,86.3
B002,B,apple,2021-05-05,WED,1.08,352,380.16,92.9
B002,B,apple,2021-05-06,THU,1.1,348,382.8,94.7
B002,B,apple,2021-05-07,FRI,1.1,352,387.2,86.6
B002,B,apple,2021-05-08,SAT,1.1,383,421.3,97.4
B002,B,apple,2021-05-09,SUN,1.1,383,421.3,90.2
B002,B,apple,2021-05-10,MON,,,,
B002,B,apple,2021-05-11,TUE,1.1,346,380.6,97
B002,B,apple,2021-05-12,WED,1.1,352,387.2,91
B002,B,apple,2021-05-13,THU,1.11,358,397.38,96.4
B002,B,apple,2021-05-14,FRI,1.11,348,386.28,96.6
B002,B,apple,2021-05-15,SAT,1.11,386,428.46,96.2
B002,B,apple,2021-05-16,SUN,1.11,385,427.35,96.6
B002,B,apple,2021-05-17,MON,,,,
B002,B,apple,2021-05-18,TUE,1.11,358,397.38,94.5
B002,B,apple,2021-05-19,WED,1.11,350,388.5,95.8
B002,B,apple,2021-05-20,THU,1.11,350,388.5,96
B002,B,apple,2021-05-21,FRI,1.11,353,391.83,92.8
B002,B,apple,2021-05-22,SAT,1.11,384,426.24,96
B002,B,apple,2021-05-23,SUN,1.11,383,425.13,95
B002,B,apple,2021-05-24,MON,,,,
B002,B,apple,2021-05-25,TUE,1.11,358,397.38,94.2
B002,B,apple,2021-05-26,WED,1.11,345,382.95,94.6
B002,B,apple,2021-05-27,THU,1.13,355,401.15,96.6
B002,B,apple,2021-05-28,FRI,1.13,346,390.98,95.9
B002,B,apple,2021-05-29,SAT,1.13,385,435.05,88.9
B002,B,apple,2021-05-30,SUN,1.13,382,431.66,98.6
B002,B,apple,2021-05-31,MON,,,,
B002,B,apple,2021-06-01,TUE,1.13,355,401.15,91.2
B002,B,apple,2021-06-02,WED,1.13,351,396.63,91.2
B002,B,apple,2021-06-03,THU,1.14,358,408.12,92.7
B002,B,apple,2021-06-04,FRI,1.14,346,394.44,94.5
B002,B,apple,2021-06-05,SAT,1.14,385,438.9,96.8
B002,B,apple,2021-06-06,SUN,1.14,385,438.9,95.1
B002,B,apple,2021-06-07,MON,,,,
B002,B,apple,2021-06-08,TUE,1.14,345,393.3,95.1
B002,B,apple,2021-06-09,WED,1.14,358,408.12,92.1
B002,B,apple,2021-06-10,THU,1.14,351,400.14,95.1
B002,B,apple,2021-06-11,FRI,1.14,346,394.44,93.9
B002,B,apple,2021-06-12,SAT,1.14,385,438.9,94
B002,B,apple,2021-06-13,SUN,1.14,387,441.18,88.8
B002,B,apple,2021-06-14,MON,,,,
B002,B,apple,2021-06-15,TUE,1.14,347,395.58,83.8
B002,B,apple,2021-06-16,WED,1.14,355,404.7,93.8
B002,B,apple,2021-06-17,THU,1.16,345,400.2,95.9
B002,B,apple,2021-06-18,FRI,1.16,352,408.32,97.3
B002,B,apple,2021-06-19,SAT,1.16,385,446.6,96.7
B002,B,apple,2021-06-20,SUN,1.16,381,441.96,96.7
B002,B,apple,2021-06-21,MON,,,,
B002,B,apple,2021-06-22,TUE,1.16,351,407.16,93.1
B002,B,apple,2021-06-23,WED,1.16,354,410.64,95.5
B002,B,apple,2021-06-24,THU,1.17,349,408.33,97
B002,B,apple,2021-06-25,FRI,1.17,358,418.86,97
B002,B,apple,2021-06-26,SAT,1.17,386,451.62,96
B002,B,apple,2021-06-27,SUN,1.17,384,449.28,98.1
B002,B,apple,2021-06-28,MON,,,,
B002,B,apple,2021-06-29,TUE,1.17,350,409.5,97.3
B002,B,apple,2021-06-30,WED,1.17,357,417.69,95
B002,B,apple,2021-07-01,THU,1.18,352,415.36,94.7
B002,B,apple,2021-07-02,FRI,1.18,353,416.54,98.1
B002,B,apple,2021-07-03,SAT,1.18,381,449.58,94.6
B002,B,apple,2021-07-04,SUN,1.18,387,456.66,95.9
B002,B,apple,2021-07-05,MON,,,,
B002,B,apple,2021-07-06,TUE,1.18,349,411.82,97.3
B002,B,apple,2021-07-07,WED,1.18,354,417.72,93.6
B002,B,apple,2021-07-08,THU,1.2,352,422.4,94.6
B002,B,apple,2021-07-09,FRI,1.2,354,424.8,96.7
B002,B,apple,2021-07-10,SAT,1.2,387,464.4,95.5
B002,B,apple,2021-07-11,SUN,1.2,383,459.6,98.4
B002,B,apple,2021-07-12,MON,,,,
B002,B,apple,2021-07-13,TUE,1.2,352,422.4,97
B002,B,apple,2021-07-14,WED,1.2,355,426,93.9
B002,B,apple,2021-07-15,THU,1.21,355,429.55,92.1
B002,B,apple,2021-07-16,FRI,1.21,350,423.5,95.4
B002,B,apple,2021-07-17,SAT,1.21,386,467.06,88.9
B002,B,apple,2021-07-18,SUN,1.21,382,462.22,93.2
B002,B,apple,2021-07-19,MON,,,,
B002,B,apple,2021-07-20,TUE,1.21,357,431.97,96.7
B002,B,apple,2021-07-21,WED,1.21,358,433.18,98.2
B002,B,apple,2021-07-22,THU,1.21,354,428.34,97.7
B002,B,apple,2021-07-23,FRI,1.21,352,425.92,95.4
B002,B,apple,2021-07-24,SAT,1.21,385,465.85,93.3
B002,B,apple,2021-07-25,SUN,1.21,381,461.01,97.8
B002,B,apple,2021-07-26,MON,,,,
B002,B,apple,2021-07-27,TUE,1.21,355,429.55,95
B002,B,apple,2021-07-28,WED,1.21,348,421.08,96
B002,B,apple,2021-07-29,THU,1.22,353,430.66,91.3
B002,B,apple,2021-07-30,FRI,1.22,345,420.9,96.5
B002,B,apple,2021-07-31,SAT,1.22,381,464.82,95.1
B002,B,apple,2021-08-01,SUN,1.22,383,467.26,96.5
B002,B,apple,2021-08-02,MON,,,,
B002,B,apple,2021-08-03,TUE,1.22,357,435.54,97.1
B002,B,apple,2021-08-04,WED,1.22,353,430.66,97.5
B002,B,apple,2021-08-05,THU,1.25,353,441.25,96.3
B002,B,apple,2021-08-06,FRI,1.25,348,435,94.5
B002,B,apple,2021-08-07,SAT,1.25,385,481.25,96
B002,B,apple,2021-08-08,SUN,1.25,386,482.5,91
B002,B,apple,2021-08-09,MON,,,,
B002,B,apple,2021-08-10,TUE,1.25,348,435,96.4
B002,B,apple,2021-08-11,WED,1.25,347,433.75,94.4
B002,B,apple,2021-08-12,THU,1.26,356,448.56,93
B002,B,apple,2021-08-13,FRI,1.26,359,452.34,91.8
B002,B,apple,2021-08-14,SAT,1.26,385,485.1,93.9
B002,B,apple,2021-08-15,SUN,1.26,382,481.32,95.9
B002,B,apple,2021-08-16,MON,,,,
B002,B,apple,2021-08-17,TUE,1.26,350,441,95.3
B002,B,apple,2021-08-18,WED,1.26,350,441,95.2
B002,B,apple,2021-08-19,THU,1.27,353,448.31,93.9
B002,B,apple,2021-08-20,FRI,1.27,356,452.12,94.9
B002,B,apple,2021-08-21,SAT,1.27,381,483.87,97.4
B002,B,apple,2021-08-22,SUN,1.27,385,488.95,97.4
B002,B,apple,2021-08-23,MON,,,,
B002,B,apple,2021-08-24,TUE,1.27,359,455.93,97.5
B002,B,apple,2021-08-25,WED,1.27,349,443.23,93.2
B002,B,apple,2021-08-26,THU,1.29,354,456.66,92.8
B002,B,apple,2021-08-27,FRI,1.29,352,454.08,89.4
B002,B,apple,2021-08-28,SAT,1.29,387,499.23,98
B002,B,apple,2021-08-29,SUN,1.29,380,490.2,96.9
B002,B,apple,2021-08-30,MON,,,,
B002,B,apple,2021-08-31,TUE,1.29,356,459.24,95.2
B002,B,apple,2021-09-01,WED,1.29,358,461.82,91.1
B002,B,apple,2021-09-02,THU,1.28,349,446.72,91.4
B002,B,apple,2021-09-03,FRI,1.28,358,458.24,89.7
B002,B,apple,2021-09-04,SAT,1.28,381,487.68,95
B002,B,apple,2021-09-05,SUN,1.28,383,490.24,95.7
B002,B,apple,2021-09-06,MON,,,,
B002,B,apple,2021-09-07,TUE,1.28,346,442.88,98.6
B002,B,apple,2021-09-08,WED,1.28,353,451.84,93.2
B002,B,apple,2021-09-09,THU,1.3,346,449.8,98.6
B002,B,apple,2021-09-10,FRI,1.3,348,452.4,94.8
B002,B,apple,2021-09-11,SAT,1.3,387,503.1,94.8
B002,B,apple,2021-09-12,SUN,1.3,387,503.1,94
B002,B,apple,2021-09-13,MON,,,,
B002,B,apple,2021-09-14,TUE,1.3,352,457.6,97.8
B002,B,apple,2021-09-15,WED,1.3,349,453.7,96.2
B002,B,apple,2021-09-16,THU,1.33,349,464.17,97.9
B002,B,apple,2021-09-17,FRI,1.33,347,461.51,98.4
B002,B,apple,2021-09-18,SAT,1.33,387,514.71,99.6
B002,B,apple,2021-09-19,SUN,1.33,383,509.39,98.1
B002,B,apple,2021-09-20,MON,,,,
B002,B,apple,2021-09-21,TUE,1.33,358,476.14,98.2
B002,B,apple,2021-09-22,WED,1.33,358,476.14,98.3
B002,B,apple,2021-09-23,THU,1.35,349,471.15,93.9
B002,B,apple,2021-09-24,FRI,1.35,345,465.75,98.4
B002,B,apple,2021-09-25,SAT,1.35,381,514.35,98.2
B002,B,apple,2021-09-26,SUN,1.35,386,521.1,99.3
B002,B,apple,2021-09-27,MON,,,,
B002,B,apple,2021-09-28,TUE,1.35,350,472.5,97
B002,B,apple,2021-09-29,WED,1.35,355,479.25,97
B002,B,apple,2021-09-30,THU,1.38,348,480.24,95.8
B002,B,banana,2021-04-01,THU,2.4,284,681.6,96
B002,B,banana,2021-04-02,FRI,2.4,287,688.8,87
B002,B,banana,2021-04-03,SAT,2.4,310,744,90.3
B002,B,banana,2021-04-04,SUN,2.4,315,756,95.2
B002,B,banana,2021-04-05,MON,,,,
B002,B,banana,2021-04-06,TUE,2.4,282,676.8,84.9
B002,B,banana,2021-04-07,WED,2.4,284,681.6,88.9
B002,B,banana,2021-04-08,THU,2.39,289,690.71,82.5
B002,B,banana,2021-04-09,FRI,2.39,287,685.93,95
B002,B,banana,2021-04-10,SAT,2.39,314,750.46,95
B002,B,banana,2021-04-11,SUN,2.39,312,745.68,92.9
B002,B,banana,2021-04-12,MON,,,,
B002,B,banana,2021-04-13,TUE,2.39,287,685.93,80.8
B002,B,banana,2021-04-14,WED,2.39,284,678.76,81.9
B002,B,banana,2021-04-15,THU,2.39,287,685.93,93.2
B002,B,banana,2021-04-16,FRI,2.39,285,681.15,97.6
B002,B,banana,2021-04-17,SAT,2.39,312,745.68,85.6
B002,B,banana,2021-04-18,SUN,2.39,313,748.07,86.1
B002,B,banana,2021-04-19,MON,,,,
B002,B,banana,2021-04-20,TUE,2.39,283,676.37,93.5
B002,B,banana,2021-04-21,WED,2.39,287,685.93,96.4
B002,B,banana,2021-04-22,THU,2.39,287,685.93,89.6
B002,B,banana,2021-04-23,FRI,2.39,282,673.98,97.6
B002,B,banana,2021-04-24,SAT,2.39,314,750.46,85.8
B002,B,banana,2021-04-25,SUN,2.39,314,750.46,94.9
B002,B,banana,2021-04-26,MON,,,,
B002,B,banana,2021-04-27,TUE,2.39,290,693.1,90.6
B002,B,banana,2021-04-28,WED,2.39,292,697.88,92
B002,B,banana,2021-04-29,THU,2.38,286,680.68,87.4
B002,B,banana,2021-04-30,FRI,2.38,283,673.54,93.7
B002,B,banana,2021-05-01,SAT,2.38,310,737.8,95.8
B002,B,banana,2021-05-02,SUN,2.38,310,737.8,92.6
B002,B,banana,2021-05-03,MON,,,,
B002,B,banana,2021-05-04,TUE,2.38,281,668.78,86.3
B002,B,banana,2021-05-05,WED,2.38,289,687.82,92.9
B002,B,banana,2021-05-06,THU,2.38,288,685.44,94.7
B002,B,banana,2021-05-07,FRI,2.38,285,678.3,86.6
B002,B,banana,2021-05-08,SAT,2.38,313,744.94,97.4
B002,B,banana,2021-05-09,SUN,2.38,313,744.94,90.2
B002,B,banana,2021-05-10,MON,,,,
B002,B,banana,2021-05-11,TUE,2.38,291,692.58,97
B002,B,banana,2021-05-12,WED,2.38,283,673.54,91
B002,B,banana,2021-05-13,THU,2.37,288,682.56,96.4
B002,B,banana,2021-05-14,FRI,2.37,283,670.71,96.6
B002,B,banana,2021-05-15,SAT,2.37,310,734.7,96.2
B002,B,banana,2021-05-16,SUN,2.37,309,732.33,96.6
B002,B,banana,2021-05-17,MON,,,,
B002,B,banana,2021-05-18,TUE,2.37,282,668.34,94.5
B002,B,banana,2021-05-19,WED,2.37,292,692.04,95.8
B002,B,banana,2021-05-20,THU,2.39,285,681.15,96
B002,B,banana,2021-05-21,FRI,2.39,289,690.71,92.8
B002,B,banana,2021-05-22,SAT,2.39,312,745.68,96
B002,B,banana,2021-05-23,SUN,2.39,312,745.68,95
B002,B,banana,2021-05-24,MON,,,,
B002,B,banana,2021-05-25,TUE,2.39,283,676.37,94.2
B002,B,banana,2021-05-26,WED,2.39,289,690.71,94.6
B002,B,banana,2021-05-27,THU,2.38,282,671.16,96.6
B002,B,banana,2021-05-28,FRI,2.38,284,675.92,95.9
B002,B,banana,2021-05-29,SAT,2.38,310,737.8,88.9
B002,B,banana,2021-05-30,SUN,2.38,312,742.56,98.6
B002,B,banana,2021-05-31,MON,,,,
B002,B,banana,2021-06-01,TUE,2.38,291,692.58,91.2
B002,B,banana,2021-06-02,WED,2.38,291,692.58,91.2
B002,B,banana,2021-06-03,THU,2.38,282,671.16,92.7
B002,B,banana,2021-06-04,FRI,2.38,284,675.92,94.5
B002,B,banana,2021-06-05,SAT,2.38,311,740.18,96.8
B002,B,banana,2021-06-06,SUN,2.38,313,744.94,95.1
B002,B,banana,2021-06-07,MON,,,,
B002,B,banana,2021-06-08,TUE,2.38,288,685.44,95.1
B002,B,banana,2021-06-09,WED,2.38,290,690.2,92.1
B002,B,banana,2021-06-10,THU,2.4,281,674.4,95.1
B002,B,banana,2021-06-11,FRI,2.4,291,698.4,93.9
B002,B,banana,2021-06-12,SAT,2.4,314,753.6,94
B002,B,banana,2021-06-13,SUN,2.4,310,744,88.8
B002,B,banana,2021-06-14,MON,,,,
B002,B,banana,2021-06-15,TUE,2.4,285,684,83.8
B002,B,banana,2021-06-16,WED,2.4,286,686.4,93.8
B002,B,banana,2021-06-17,THU,2.4,288,691.2,95.9
B002,B,banana,2021-06-18,FRI,2.4,281,674.4,97.3
B002,B,banana,2021-06-19,SAT,2.4,310,744,96.7
B002,B,banana,2021-06-20,SUN,2.4,313,751.2,96.7
B002,B,banana,2021-06-21,MON,,,,
B002,B,banana,2021-06-22,TUE,2.4,286,686.4,93.1
B002,B,banana,2021-06-23,WED,2.4,290,696,95.5
B002,B,banana,2021-06-24,THU,2.4,283,679.2,97
B002,B,banana,2021-06-25,FRI,2.4,286,686.4,97
B002,B,banana,2021-06-26,SAT,2.4,310,744,96
B002,B,banana,2021-06-27,SUN,2.4,310,744,98.1
B002,B,banana,2021-06-28,MON,,,,
B002,B,banana,2021-06-29,TUE,2.4,284,681.6,97.3
B002,B,banana,2021-06-30,WED,2.4,289,693.6,95
B002,B,banana,2021-07-01,THU,2.4,285,684,94.7
B002,B,banana,2021-07-02,FRI,2.4,287,688.8,98.1
B002,B,banana,2021-07-03,SAT,2.4,313,751.2,94.6
B002,B,banana,2021-07-04,SUN,2.4,309,741.6,95.9
B002,B,banana,2021-07-05,MON,,,,
B002,B,banana,2021-07-06,TUE,2.4,285,684,97.3
B002,B,banana,2021-07-07,WED,2.4,291,698.4,93.6
B002,B,banana,2021-07-08,THU,2.41,281,677.21,94.6
B002,B,banana,2021-07-09,FRI,2.41,284,684.44,96.7
B002,B,banana,2021-07-10,SAT,2.41,310,747.1,95.5
B002,B,banana,2021-07-11,SUN,2.41,311,749.51,98.4
B002,B,banana,2021-07-12,MON,,,,
B002,B,banana,2021-07-13,TUE,2.41,288,694.08,97
B002,B,banana,2021-07-14,WED,2.41,286,689.26,93.9
B002,B,banana,2021-07-15,THU,2.4,283,679.2,92.1
B002,B,banana,2021-07-16,FRI,2.4,283,679.2,95.4
B002,B,banana,2021-07-17,SAT,2.4,310,744,88.9
B002,B,banana,2021-07-18,SUN,2.4,312,748.8,93.2
B002,B,banana,2021-07-19,MON,,,,
B002,B,banana,2021-07-20,TUE,2.4,288,691.2,96.7
B002,B,banana,2021-07-21,WED,2.4,286,686.4,98.2
B002,B,banana,2021-07-22,THU,2.42,284,687.28,97.7
B002,B,banana,2021-07-23,FRI,2.42,287,694.54,95.4
B002,B,banana,2021-07-24,SAT,2.42,309,747.78,93.3
B002,B,banana,2021-07-25,SUN,2.42,314,759.88,97.8
B002,B,banana,2021-07-26,MON,,,,
B002,B,banana,2021-07-27,TUE,2.42,286,692.12,95
B002,B,banana,2021-07-28,WED,2.42,289,699.38,96
B002,B,banana,2021-07-29,THU,2.44,282,688.08,91.3
B002,B,banana,2021-07-30,FRI,2.44,285,695.4,96.5
B002,B,banana,2021-07-31,SAT,2.44,313,763.72,95.1
B002,B,banana,2021-08-01,SUN,2.44,312,761.28,96.5
B002,B,banana,2021-08-02,MON,,,,
B002,B,banana,2021-08-03,TUE,2.44,290,707.6,97.1
B002,B,banana,2021-08-04,WED,2.44,288,702.72,97.5
B002,B,banana,2021-08-05,THU,2.43,289,702.27,96.3
B002,B,banana,2021-08-06,FRI,2.43,287,697.41,94.5
B002,B,banana,2021-08-07,SAT,2.43,309,750.87,96
B002,B,banana,2021-08-08,SUN,2.43,314,763.02,91
B002,B,banana,2021-08-09,MON,,,,
B002,B,banana,2021-08-10,TUE,2.43,280,680.4,96.4
B002,B,banana,2021-08-11,WED,2.43,285,692.55,94.4
B002,B,banana,2021-08-12,THU,2.43,287,697.41,93
B002,B,banana,2021-08-13,FRI,2.43,287,697.41,91.8
B002,B,banana,2021-08-14,SAT,2.43,312,758.16,93.9
B002,B,banana,2021-08-15,SUN,2.43,310,753.3,95.9
B002,B,banana,2021-08-16,MON,,,,
B002,B,banana,2021-08-17,TUE,2.43,290,704.7,95.3
B002,B,banana,2021-08-18,WED,2.43,281,682.83,95.2
B002,B,banana,2021-08-19,THU,2.42,281,680.02,93.9
B002,B,banana,2021-08-20,FRI,2.42,287,694.54,94.9
B002,B,banana,2021-08-21,SAT,2.42,314,759.88,97.4
B002,B,banana,2021-08-22,SUN,2.42,313,757.46,97.4
B002,B,banana,2021-08-23,MON,,,,
B002,B,banana,2021-08-24,TUE,2.42,291,704.22,97.5
B002,B,banana,2021-08-25,WED,2.42,283,684.86,93.2
B002,B,banana,2021-08-26,THU,2.44,291,710.04,92.8
B002,B,banana,2021-08-27,FRI,2.44,290,707.6,89.4
B002,B,banana,2021-08-28,SAT,2.44,309,753.96,98
B002,B,banana,2021-08-29,SUN,2.44,313,763.72,96.9
B002,B,banana,2021-08-30,MON,,,,
B002,B,banana,2021-08-31,TUE,2.44,288,702.72,95.2
B002,B,banana,2021-09-01,WED,2.44,282,688.08,91.1
B002,B,banana,2021-09-02,THU,2.44,285,695.4,91.4
B002,B,banana,2021-09-03,FRI,2.44,286,697.84,89.7
B002,B,banana,2021-09-04,SAT,2.44,314,766.16,95
B002,B,banana,2021-09-05,SUN,2.44,314,766.16,95.7
B002,B,banana,2021-09-06,MON,,,,
B002,B,banana,2021-09-07,TUE,2.44,281,685.64,98.6
B002,B,banana,2021-09-08,WED,2.44,287,700.28,93.2
B002,B,banana,2021-09-09,THU,2.44,285,695.4,98.6
B002,B,banana,2021-09-10,FRI,2.44,284,692.96,94.8
B002,B,banana,2021-09-11,SAT,2.44,311,758.84,94.8
B002,B,banana,2021-09-12,SUN,2.44,312,761.28,94
B002,B,banana,2021-09-13,MON,,,,
B002,B,banana,2021-09-14,TUE,2.44,286,697.84,97.8
B002,B,banana,2021-09-15,WED,2.44,290,707.6,96.2
B002,B,banana,2021-09-16,THU,2.46,282,693.72,97.9
B002,B,banana,2021-09-17,FRI,2.46,281,691.26,98.4
B002,B,banana,2021-09-18,SAT,2.46,311,765.06,99.6
B002,B,banana,2021-09-19,SUN,2.46,311,765.06,98.1
B002,B,banana,2021-09-20,MON,,,,
B002,B,banana,2021-09-21,TUE,2.46,288,708.48,98.2
B002,B,banana,2021-09-22,WED,2.46,288,708.48,98.3
B002,B,banana,2021-09-23,THU,2.45,290,710.5,93.9
B002,B,banana,2021-09-24,FRI,2.45,281,688.45,98.4
B002,B,banana,2021-09-25,SAT,2.45,310,759.5,98.2
B002,B,banana,2021-09-26,SUN,2.45,313,766.85,99.3
B002,B,banana,2021-09-27,MON,,,,
B002,B,banana,2021-09-28,TUE,2.45,287,703.15,97
B002,B,banana,2021-09-29,WED,2.45,286,700.7,97
B002,B,banana,2021-09-30,THU,2.45,288,705.6,95.8
B002,B,cherry,2021-04-01,THU,6.03,461,2779.83,96
B002,B,cherry,2021-04-02,FRI,6.03,457,2755.71,87
B002,B,cherry,2021-04-03,SAT,6.03,499,3008.97,90.3
B002,B,cherry,2021-04-04,SUN,6.03,496,2990.88,95.2
B002,B,cherry,2021-04-05,MON,,,,
B002,B,cherry,2021-04-06,TUE,6.03,455,2743.65,84.9
B002,B,cherry,2021-04-07,WED,6.03,446,2689.38,88.9
B002,B,cherry,2021-04-08,THU,6.02,455,2739.1,82.5
B002,B,cherry,2021-04-09,FRI,6.02,456,2745.12,95
B002,B,cherry,2021-04-10,SAT,6.02,498,2997.96,95
B002,B,cherry,2021-04-11,SUN,6.02,492,2961.84,92.9
B002,B,cherry,2021-04-12,MON,,,,
B002,B,cherry,2021-04-13,TUE,6.02,453,2727.06,80.8
B002,B,cherry,2021-04-14,WED,6.02,453,2727.06,81.9
B002,B,cherry,2021-04-15,THU,6.05,460,2783,93.2
B002,B,cherry,2021-04-16,FRI,6.05,460,2783,97.6
B002,B,cherry,2021-04-17,SAT,6.05,496,3000.8,85.6
B002,B,cherry,2021-04-18,SUN,6.05,495,2994.75,86.1
B002,B,cherry,2021-04-19,MON,,,,
B002,B,cherry,2021-04-20,TUE,6.05,447,2704.35,93.5
B002,B,cherry,2021-04-21,WED,6.05,449,2716.45,96.4
B002,B,cherry,2021-04-22,THU,6.04,449,2711.96,89.6
B002,B,cherry,2021-04-23,FRI,6.04,456,2754.24,97.6
B002,B,cherry,2021-04-24,SAT,6.04,499,3013.96,85.8
B002,B,cherry,2021-04-25,SUN,6.04,495,2989.8,94.9
B002,B,cherry,2021-04-26,MON,,,,
B002,B,cherry,2021-04-27,TUE,6.04,451,2724.04,90.6
B002,B,cherry,2021-04-28,WED,6.04,449,2711.96,92
B002,B,cherry,2021-04-29,THU,6.07,454,2755.78,87.4
B002,B,cherry,2021-04-30,FRI,6.07,450,2731.5,93.7
B002,B,cherry,2021-05-01,SAT,6.07,496,3010.72,95.8
B002,B,cherry,2021-05-02,SUN,6.07,496,3010.72,92.6
B002,B,cherry,2021-05-03,MON,,,,
B002,B,cherry,2021-05-04,TUE,6.07,452,2743.64,86.3
B002,B,cherry,2021-05-05,WED,6.07,451,2737.57,92.9
B002,B,cherry,2021-05-06,THU,6.07,462,2804.34,94.7
B002,B,cherry,2021-05-07,FRI,6.07,454,2755.78,86.6
B002,B,cherry,2021-05-08,SAT,6.07,500,3035,97.4
B002,B,cherry,2021-05-09,SUN,6.07,496,3010.72,90.2
B002,B,cherry,2021-05-10,MON,,,,
B002,B,cherry,2021-05-11,TUE,6.07,462,2804.34,97
B002,B,cherry,2021-05-12,WED,6.07,448,2719.36,91
B002,B,cherry,2021-05-13,THU,6.07,449,2725.43,96.4
B002,B,cherry,2021-05-14,FRI,6.07,453,2749.71,96.6
B002,B,cherry,2021-05-15,SAT,6.07,492,2986.44,96.2
B002,B,cherry,2021-05-16,SUN,6.07,499,3028.93,96.6
B002,B,cherry,2021-05-17,MON,,,,
B002,B,cherry,2021-05-18,TUE,6.07,458,2780.06,94.5
B002,B,cherry,2021-05-19,WED,6.07,446,2707.22,95.8
B002,B,cherry,2021-05-20,THU,6.09,448,2728.32,96
B002,B,cherry,2021-05-21,FRI,6.09,447,2722.23,92.8
B002,B,cherry,2021-05-22,SAT,6.09,496,3020.64,96
B002,B,cherry,2021-05-23,SUN,6.09,493,3002.37,95
B002,B,cherry,2021-05-24,MON,,,,
B002,B,cherry,2021-05-25,TUE,6.09,461,2807.49,94.2
B002,B,cherry,2021-05-26,WED,6.09,453,2758.77,94.6
B002,B,cherry,2021-05-27,THU,6.11,447,2731.17,96.6
B002,B,cherry,2021-05-28,FRI,6.11,458,2798.38,95.9
B002,B,cherry,2021-05-29,SAT,6.11,497,3036.67,88.9
B002,B,cherry,2021-05-30,SUN,6.11,496,3030.56,98.6
B002,B,cherry,2021-05-31,MON,,,,
B002,B,cherry,2021-06-01,TUE,6.11,463,2828.93,91.2
B002,B,cherry,2021-06-02,WED,6.11,451,2755.61,91.2
B002,B,cherry,2021-06-03,THU,6.13,464,2844.32,92.7
B002,B,cherry,2021-06-04,FRI,6.13,452,2770.76,94.5
B002,B,cherry,2021-06-05,SAT,6.13,492,3015.96,96.8
B002,B,cherry,2021-06-06,SUN,6.13,495,3034.35,95.1
B002,B,cherry,2021-06-07,MON,,,,
B002,B,cherry,2021-06-08,TUE,6.13,462,2832.06,95.1
B002,B,cherry,2021-06-09,WED,6.13,460,2819.8,92.1
B002,B,cherry,2021-06-10,THU,6.14,461,2830.54,95.1
B002,B,cherry,2021-06-11,FRI,6.14,448,2750.72,93.9
B002,B,cherry,2021-06-12,SAT,6.14,495,3039.3,94
B002,B,cherry,2021-06-13,SUN,6.14,495,3039.3,88.8
B002,B,cherry,2021-06-14,MON,,,,
B002,B,cherry,2021-06-15,TUE,6.14,459,2818.26,83.8
B002,B,cherry,2021-06-16,WED,6.14,458,2812.12,93.8
B002,B,cherry,2021-06-17,THU,6.16,464,2858.24,95.9
B002,B,cherry,2021-06-18,FRI,6.16,456,2808.96,97.3
B002,B,cherry,2021-06-19,SAT,6.16,498,3067.68,96.7
B002,B,cherry,2021-06-20,SUN,6.16,492,3030.72,96.7
B002,B,cherry,2021-06-21,MON,,,,
B002,B,cherry,2021-06-22,TUE,6.16,455,2802.8,93.1
B002,B,cherry,2021-06-23,WED,6.16,450,2772,95.5
B002,B,cherry,2021-06-24,THU,6.16,447,2753.52,97
B002,B,cherry,2021-06-25,FRI,6.16,448,2759.68,97
B002,B,cherry,2021-06-26,SAT,6.16,496,3055.36,96
B002,B,cherry,2021-06-27,SUN,6.16,497,3061.52,98.1
B002,B,cherry,2021-06-28,MON,,,,
B002,B,cherry,2021-06-29,TUE,6.16,462,2845.92,97.3
B002,B,cherry,2021-06-30,WED,6.16,460,2833.6,95
B002,B,cherry,2021-07-01,THU,6.18,463,2861.34,94.7
B002,B,cherry,2021-07-02,FRI,6.18,459,2836.62,98.1
B002,B,cherry,2021-07-03,SAT,6.18,498,3077.64,94.6
B002,B,cherry,2021-07-04,SUN,6.18,496,3065.28,95.9
B002,B,cherry,2021-07-05,MON,,,,
B002,B,cherry,2021-07-06,TUE,6.18,448,2768.64,97.3
B002,B,cherry,2021-07-07,WED,6.18,453,2799.54,93.6
B002,B,cherry,2021-07-08,THU,6.19,459,2841.21,94.6
B002,B,cherry,2021-07-09,FRI,6.19,460,2847.4,96.7
B002,B,cherry,2021-07-10,SAT,6.19,493,3051.67,95.5
B002,B,cherry,2021-07-11,SUN,6.19,492,3045.48,98.4
B002,B,cherry,2021-07-12,MON,,,,
B002,B,cherry,2021-07-13,TUE,6.19,448,2773.12,97
B002,B,cherry,2021-07-14,WED,6.19,451,2791.69,93.9
B002,B,cherry,2021-07-15,THU,6.2,446,2765.2,92.1
B002,B,cherry,2021-07-16,FRI,6.2,450,2790,95.4
B002,B,cherry,2021-07-17,SAT,6.2,494,3062.8,88.9
B002,B,cherry,2021-07-18,SUN,6.2,500,3100,93.2
B002,B,cherry,2021-07-19,MON,,,,
B002,B,cherry,2021-07-20,TUE,6.2,447,2771.4,96.7
B002,B,cherry,2021-07-21,WED,6.2,448,2777.6,98.2
B002,B,cherry,2021-07-22,THU,6.22,450,2799,97.7
B002,B,cherry,2021-07-23,FRI,6.22,448,2786.56,95.4
B002,B,cherry,2021-07-24,SAT,6.22,494,3072.68,93.3
B002,B,cherry,2021-07-25,SUN,6.22,495,3078.9,97.8
B002,B,cherry,2021-07-26,MON,,,,
B002,B,cherry,2021-07-27,TUE,6.22,464,2886.08,95
B002,B,cherry,2021-07-28,WED,6.22,454,2823.88,96
B002,B,cherry,2021-07-29,THU,6.25,462,2887.5,91.3
B002,B,cherry,2021-07-30,FRI,6.25,448,2800,96.5
B002,B,cherry,2021-07-31,SAT,6.25,497,3106.25,95.1
B002,B,cherry,2021-08-01,SUN,6.25,496,3100,96.5
B002,B,cherry,2021-08-02,MON,,,,
B002,B,cherry,2021-08-03,TUE,6.25,459,2868.75,97.1
B002,B,cherry,2021-08-04,WED,6.25,459,2868.75,97.5
B002,B,cherry,2021-08-05,THU,6.26,456,2854.56,96.3
B002,B,cherry,2021-08-06,FRI,6.26,450,2817,94.5
B002,B,cherry,2021-08-07,SAT,6.26,499,3123.74,96
B002,B,cherry,2021-08-08,SUN,6.26,493,3086.18,91
B002,B,cherry,2021-08-09,MON,,,,
B002,B,cherry,2021-08-10,TUE,6.26,450,2817,96.4
B002,B,cherry,2021-08-11,WED,6.26,464,2904.64,94.4
B002,B,cherry,2021-08-12,THU,6.27,460,2884.2,93
B002,B,cherry,2021-08-13,FRI,6.27,460,2884.2,91.8
B002,B,cherry,2021-08-14,SAT,6.27,493,3091.11,93.9
B002,B,cherry,2021-08-15,SUN,6.27,499,3128.73,95.9
B002,B,cherry,2021-08-16,MON,,,,
B002,B,cherry,2021-08-17,TUE,6.27,455,2852.85,95.3
B002,B,cherry,2021-08-18,WED,6.27,464,2909.28,95.2
B002,B,cherry,2021-08-19,THU,6.27,452,2834.04,93.9
B002,B,cherry,2021-08-20,FRI,6.27,447,2802.69,94.9
B002,B,cherry,2021-08-21,SAT,6.27,492,3084.84,97.4
B002,B,cherry,2021-08-22,SUN,6.27,497,3116.19,97.4
B002,B,cherry,2021-08-23,MON,,,,
B002,B,cherry,2021-08-24,TUE,6.27,460,2884.2,97.5
B002,B,cherry,2021-08-25,WED,6.27,458,2871.66,93.2
B002,B,cherry,2021-08-26,THU,6.27,455,2852.85,92.8
B002,B,cherry,2021-08-27,FRI,6.27,456,2859.12,89.4
B002,B,cherry,2021-08-28,SAT,6.27,493,3091.11,98
B002,B,cherry,2021-08-29,SUN,6.27,495,3103.65,96.9
B002,B,cherry,2021-08-30,MON,,,,
B002,B,cherry,2021-08-31,TUE,6.27,449,2815.23,95.2
B002,B,cherry,2021-09-01,WED,6.27,454,2846.58,91.1
B002,B,cherry,2021-09-02,THU,6.27,459,2877.93,91.4
B002,B,cherry,2021-09-03,FRI,6.27,461,2890.47,89.7
B002,B,cherry,2021-09-04,SAT,6.27,499,3128.73,95
B002,B,cherry,2021-09-05,SUN,6.27,498,3122.46,95.7
B002,B,cherry,2021-09-06,MON,,,,
B002,B,cherry,2021-09-07,TUE,6.27,454,2846.58,98.6
B002,B,cherry,2021-09-08,WED,6.27,452,2834.04,93.2
B002,B,cherry,2021-09-09,THU,6.28,451,2832.28,98.6
B002,B,cherry,2021-09-10,FRI,6.28,463,2907.64,94.8
B002,B,cherry,2021-09-11,SAT,6.28,498,3127.44,94.8
B002,B,cherry,2021-09-12,SUN,6.28,498,3127.44,94
B002,B,cherry,2021-09-13,MON,,,,
B002,B,cherry,2021-09-14,TUE,6.28,456,2863.68,97.8
B002,B,cherry,2021-09-15,WED,6.28,453,2844.84,96.2
B002,B,cherry,2021-09-16,THU,6.31,447,2820.57,97.9
B002,B,cherry,2021-09-17,FRI,6.31,461,2908.91,98.4
B002,B,cherry,2021-09-18,SAT,6.31,495,3123.45,99.6
B002,B,cherry,2021-09-19,SUN,6.31,493,3110.83,98.1
B002,B,cherry,2021-09-20,MON,,,,
B002,B,cherry,2021-09-21,TUE,6.31,454,2864.74,98.2
B002,B,cherry,2021-09-22,WED,6.31,450,2839.5,98.3
B002,B,cherry,2021-09-23,THU,6.33,451,2854.83,93.9
B002,B,cherry,2021-09-24,FRI,6.33,461,2918.13,98.4
B002,B,cherry,2021-09-25,SAT,6.33,493,3120.69,98.2
B002,B,cherry,2021-09-26,SUN,6.33,497,3146.01,99.3
B002,B,cherry,2021-09-27,MON,,,,
B002,B,cherry,2021-09-28,TUE,6.33,447,2829.51,97
B002,B,cherry,2021-09-29,WED,6.33,457,2892.81,97
B002,B,cherry,2021-09-30,THU,6.33,451,2854.83,95.8
B003,B,banana,2021-04-01,THU,2.65,342,906.3,96
B003,B,banana,2021-04-02,FRI,2.65,340,901,87
B003,B,banana,2021-04-03,SAT,2.65,372,985.8,90.3
B003,B,banana,2021-04-04,SUN,2.65,368,975.2,95.2
B003,B,banana,2021-04-05,MON,,,,
B003,B,banana,2021-04-06,TUE,2.65,343,908.95,84.9
B003,B,banana,2021-04-07,WED,2.65,337,893.05,88.9
B003,B,banana,2021-04-08,THU,2.67,341,910.47,82.5
B003,B,banana,2021-04-09,FRI,2.67,334,891.78,95
B003,B,banana,2021-04-10,SAT,2.67,370,987.9,95
B003,B,banana,2021-04-11,SUN,2.67,373,995.91,92.9
B003,B,banana,2021-04-12,MON,,,,
B003,B,banana,2021-04-13,TUE,2.67,346,923.82,80.8
B003,B,banana,2021-04-14,WED,2.67,336,897.12,81.9
B003,B,banana,2021-04-15,THU,2.67,344,918.48,93.2
B003,B,banana,2021-04-16,FRI,2.67,343,915.81,97.6
B003,B,banana,2021-04-17,SAT,2.67,373,995.91,85.6
B003,B,banana,2021-04-18,SUN,2.67,368,982.56,86.1
B003,B,banana,2021-04-19,MON,,,,
B003,B,banana,2021-04-20,TUE,2.67,346,923.82,93.5
B003,B,banana,2021-04-21,WED,2.67,337,899.79,96.4
B003,B,banana,2021-04-22,THU,2.68,336,900.48,89.6
B003,B,banana,2021-04-23,FRI,2.68,345,924.6,97.6
B003,B,banana,2021-04-24,SAT,2.68,373,999.64,85.8
B003,B,banana,2021-04-25,SUN,2.68,368,986.24,94.9
B003,B,banana,2021-04-26,MON,,,,
B003,B,banana,2021-04-27,TUE,2.68,334,895.12,90.6
B003,B,banana,2021-04-28,WED,2.68,341,913.88,92
B003,B,banana,2021-04-29,THU,2.68,342,916.56,87.4
B003,B,banana,2021-04-30,FRI,2.68,337,903.16,93.7
B003,B,banana,2021-05-01,SAT,2.68,371,994.28,95.8
B003,B,banana,2021-05-02,SUN,2.68,372,996.96,92.6
B003,B,banana,2021-05-03,MON,,,,
B003,B,banana,2021-05-04,TUE,2.68,341,913.88,86.3
B003,B,banana,2021-05-05,WED,2.68,344,921.92,92.9
B003,B,banana,2021-05-06,THU,2.7,334,901.8,94.7
B003,B,banana,2021-05-07,FRI,2.7,333,899.1,86.6
B003,B,banana,2021-05-08,SAT,2.7,373,1007.1,97.4
B003,B,banana,2021-05-09,SUN,2.7,371,1001.7,90.2
B003,B,banana,2021-05-10,MON,,,,
B003,B,banana,2021-05-11,TUE,2.7,339,915.3,97
B003,B,banana,2021-05-12,WED,2.7,340,918,91
B003,B,banana,2021-05-13,THU,2.72,340,924.8,96.4
B003,B,banana,2021-05-14,FRI,2.72,336,913.92,96.6
B003,B,banana,2021-05-15,SAT,2.72,371,1009.12,96.2
B003,B,banana,2021-05-16,SUN,2.72,371,1009.12,96.6
B003,B,banana,2021-05-17,MON,,,,
B003,B,banana,2021-05-18,TUE,2.72,338,919.36,94.5
B003,B,banana,2021-05-19,WED,2.72,341,927.52,95.8
B003,B,banana,2021-05-20,THU,2.74,343,939.82,96
B003,B,banana,2021-05-21,FRI,2.74,335,917.9,92.8
B003,B,banana,2021-05-22,SAT,2.74,370,1013.8,96
B003,B,banana,2021-05-23,SUN,2.74,367,1005.58,95
B003,B,banana,2021-05-24,MON,,,,
B003,B,banana,2021-05-25,TUE,2.74,343,939.82,94.2
B003,B,banana,2021-05-26,WED,2.74,337,923.38,94.6
B003,B,banana,2021-05-27,THU,2.75,334,918.5,96.6
B003,B,banana,2021-05-28,FRI,2.75,341,937.75,95.9
B003,B,banana,2021-05-29,SAT,2.75,369,1014.75,88.9
B003,B,banana,2021-05-30,SUN,2.75,369,1014.75,98.6
B003,B,banana,2021-05-31,MON,,,,
B003,B,banana,2021-06-01,TUE,2.75,337,926.75,91.2
B003,B,banana,2021-06-02,WED,2.75,343,943.25,91.2
B003,B,banana,2021-06-03,THU,2.77,335,927.95,92.7
B003,B,banana,2021-06-04,FRI,2.77,336,930.72,94.5
B003,B,banana,2021-06-05,SAT,2.77,367,1016.59,96.8
B003,B,banana,2021-06-06,SUN,2.77,370,1024.9,95.1
B003,B,banana,2021-06-07,MON,,,,
B003,B,banana,2021-06-08,TUE,2.77,336,930.72,95.1
B003,B,banana,2021-06-09,WED,2.77,340,941.8,92.1
B003,B,banana,2021-06-10,THU,2.79,340,948.6,95.1
B003,B,banana,2021-06-11,FRI,2.79,337,940.23,93.9
B003,B,banana,2021-06-12,SAT,2.79,372,1037.88,94
B003,B,banana,2021-06-13,SUN,2.79,369,1029.51,88.8
B003,B,banana,2021-06-14,MON,,,,
B003,B,banana,2021-06-15,TUE,2.79,334,931.86,83.8
B003,B,banana,2021-06-16,WED,2.79,345,962.55,93.8
B003,B,banana,2021-06-17,THU,2.79,344,959.76,95.9
B003,B,banana,2021-06-18,FRI,2.79,346,965.34,97.3
B003,B,banana,2021-06-19,SAT,2.79,368,1026.72,96.7
B003,B,banana,2021-06-20,SUN,2.79,369,1029.51,96.7
B003,B,banana,2021-06-21,MON,,,,
B003,B,banana,2021-06-22,TUE,2.79,338,943.02,93.1
B003,B,banana,2021-06-23,WED,2.79,338,943.02,95.5
B003,B,banana,2021-06-24,THU,2.79,340,948.6,97
B003,B,banana,2021-06-25,FRI,2.79,337,940.23,97
B003,B,banana,2021-06-26,SAT,2.79,374,1043.46,96
B003,B,banana,2021-06-27,SUN,2.79,371,1035.09,98.1
B003,B,banana,2021-06-28,MON,,,,
B003,B,banana,2021-06-29,TUE,2.79,339,945.81,97.3
B003,B,banana,2021-06-30,WED,2.79,335,934.65,95
B003,B,banana,2021-07-01,THU,2.78,337,936.86,94.7
B003,B,banana,2021-07-02,FRI,2.78,342,950.76,98.1
B003,B,banana,2021-07-03,SAT,2.78,370,1028.6,94.6
B003,B,banana,2021-07-04,SUN,2.78,370,1028.6,95.9
B003,B,banana,2021-07-05,MON,,,,
B003,B,banana,2021-07-06,TUE,2.78,337,936.86,97.3
B003,B,banana,2021-07-07,WED,2.78,339,942.42,93.6
B003,B,banana,2021-07-08,THU,2.79,341,951.39,94.6
B003,B,banana,2021-07-09,FRI,2.79,343,956.97,96.7
B003,B,banana,2021-07-10,SAT,2.79,369,1029.51,95.5
B003,B,banana,2021-07-11,SUN,2.79,367,1023.93,98.4
B003,B,banana,2021-07-12,MON,,,,
B003,B,banana,2021-07-13,TUE,2.79,344,959.76,97
B003,B,banana,2021-07-14,WED,2.79,336,937.44,93.9
B003,B,banana,2021-07-15,THU,2.81,346,972.26,92.1
B003,B,banana,2021-07-16,FRI,2.81,345,969.45,95.4
B003,B,banana,2021-07-17,SAT,2.81,373,1048.13,88.9
B003,B,banana,2021-07-18,SUN,2.81,373,1048.13,93.2
B003,B,banana,2021-07-19,MON,,,,
B003,B,banana,2021-07-20,TUE,2.81,335,941.35,96.7
B003,B,banana,2021-07-21,WED,2.81,336,944.16,98.2
B003,B,banana,2021-07-22,THU,2.83,339,959.37,97.7
B003,B,banana,2021-07-23,FRI,2.83,334,945.22,95.4
B003,B,banana,2021-07-24,SAT,2.83,372,1052.76,93.3
B003,B,banana,2021-07-25,SUN,2.83,367,1038.61,97.8
B003,B,banana,2021-07-26,MON,,,,
B003,B,banana,2021-07-27,TUE,2.83,344,973.52,95
B003,B,banana,2021-07-28,WED,2.83,344,973.52,96
B003,B,banana,2021-07-29,THU,2.85,339,966.15,91.3
B003,B,banana,2021-07-30,FRI,2.85,335,954.75,96.5
B003,B,banana,2021-07-31,SAT,2.85,373,1063.05,95.1
B003,B,banana,2021-08-01,SUN,2.85,370,1054.5,96.5
B003,B,banana,2021-08-02,MON,,,,
B003,B,banana,2021-08-03,TUE,2.85,335,954.75,97.1
B003,B,banana,2021-08-04,WED,2.85,341,971.85,97.5
B003,B,banana,2021-08-05,THU,2.86,337,963.82,96.3
B003,B,banana,2021-08-06,FRI,2.86,338,966.68,94.5
B003,B,banana,2021-08-07,SAT,2.86,370,1058.2,96
B003,B,banana,2021-08-08,SUN,2.86,369,1055.34,91
B003,B,banana,2021-08-09,MON,,,,
B003,B,banana,2021-08-10,TUE,2.86,345,986.7,96.4
B003,B,banana,2021-08-11,WED,2.86,343,980.98,94.4
B003,B,banana,2021-08-12,THU,2.88,336,967.68,93
B003,B,banana,2021-08-13,FRI,2.88,342,984.96,91.8
B003,B,banana,2021-08-14,SAT,2.88,368,1059.84,93.9
B003,B,banana,2021-08-15,SUN,2.88,369,1062.72,95.9
B003,B,banana,2021-08-16,MON,,,,
B003,B,banana,2021-08-17,TUE,2.88,339,976.32,95.3
B003,B,banana,2021-08-18,WED,2.88,335,964.8,95.2
B003,B,banana,2021-08-19,THU,2.89,342,988.38,93.9
B003,B,banana,2021-08-20,FRI,2.89,341,985.49,94.9
B003,B,banana,2021-08-21,SAT,2.89,368,1063.52,97.4
B003,B,banana,2021-08-22,SUN,2.89,371,1072.19,97.4
B003,B,banana,2021-08-23,MON,,,,
B003,B,banana,2021-08-24,TUE,2.89,342,988.38,97.5
B003,B,banana,2021-08-25,WED,2.89,337,973.93,93.2
B003,B,banana,2021-08-26,THU,2.88,343,987.84,92.8
B003,B,banana,2021-08-27,FRI,2.88,334,961.92,89.4
B003,B,banana,2021-08-28,SAT,2.88,374,1077.12,98
B003,B,banana,2021-08-29,SUN,2.88,369,1062.72,96.9
B003,B,banana,2021-08-30,MON,,,,
B003,B,banana,2021-08-31,TUE,2.88,344,990.72,95.2
B003,B,banana,2021-09-01,WED,2.88,337,970.56,91.1
B003,B,banana,2021-09-02,THU,2.89,338,976.82,91.4
B003,B,banana,2021-09-03,FRI,2.89,341,985.49,89.7
B003,B,banana,2021-09-04,SAT,2.89,371,1072.19,95
B003,B,banana,2021-09-05,SUN,2.89,369,1066.41,95.7
B003,B,banana,2021-09-06,MON,,,,
B003,B,banana,2021-09-07,TUE,2.89,345,997.05,98.6
B003,B,banana,2021-09-08,WED,2.89,334,965.26,93.2
B003,B,banana,2021-09-09,THU,2.91,335,974.85,98.6
B003,B,banana,2021-09-10,FRI,2.91,343,998.13,94.8
B003,B,banana,2021-09-11,SAT,2.91,370,1076.7,94.8
B003,B,banana,2021-09-12,SUN,2.91,367,1067.97,94
B003,B,banana,2021-09-13,MON,,,,
B003,B,banana,2021-09-14,TUE,2.91,336,977.76,97.8
B003,B,banana,2021-09-15,WED,2.91,342,995.22,96.2
B003,B,banana,2021-09-16,THU,2.93,335,981.55,97.9
B003,B,banana,2021-09-17,FRI,2.93,346,1013.78,98.4
B003,B,banana,2021-09-18,SAT,2.93,369,1081.17,99.6
B003,B,banana,2021-09-19,SUN,2.93,370,1084.1,98.1
B003,B,banana,2021-09-20,MON,,,,
B003,B,banana,2021-09-21,TUE,2.93,343,1004.99,98.2
B003,B,banana,2021-09-22,WED,2.93,346,1013.78,98.3
B003,B,banana,2021-09-23,THU,2.95,342,1008.9,93.9
B003,B,banana,2021-09-24,FRI,2.95,334,985.3,98.4
B003,B,banana,2021-09-25,SAT,2.95,370,1091.5,98.2
B003,B,banana,2021-09-26,SUN,2.95,373,1100.35,99.3
B003,B,banana,2021-09-27,MON,,,,
B003,B,banana,2021-09-28,TUE,2.95,340,1003,97
B003,B,banana,2021-09-29,WED,2.95,337,994.15,97
B003,B,banana,2021-09-30,THU,2.96,334,988.64,95.8
B003,B,cherry,2021-04-01,THU,6.3,145,913.5,96
B003,B,cherry,2021-04-02,FRI,6.3,144,907.2,87
B003,B,cherry,2021-04-03,SAT,6.3,155,976.5,90.3
B003,B,cherry,2021-04-04,SUN,6.3,155,976.5,95.2
B003,B,cherry,2021-04-05,MON,,,,
B003,B,cherry,2021-04-06,TUE,6.3,141,888.3,84.9
B003,B,cherry,2021-04-07,WED,6.3,145,913.5,88.9
B003,B,cherry,2021-04-08,THU,6.32,144,910.08,82.5
B003,B,cherry,2021-04-09,FRI,6.32,144,910.08,95
B003,B,cherry,2021-04-10,SAT,6.32,155,979.6,95
B003,B,cherry,2021-04-11,SUN,6.32,156,985.92,92.9
B003,B,cherry,2021-04-12,MON,,,,
B003,B,cherry,2021-04-13,TUE,6.32,141,891.12,80.8
B003,B,cherry,2021-04-14,WED,6.32,143,903.76,81.9
B003,B,cherry,2021-04-15,THU,6.34,141,893.94,93.2
B003,B,cherry,2021-04-16,FRI,6.34,146,925.64,97.6
B003,B,cherry,2021-04-17,SAT,6.34,156,989.04,85.6
B003,B,cherry,2021-04-18,SUN,6.34,156,989.04,86.1
B003,B,cherry,2021-04-19,MON,,,,
B003,B,cherry,2021-04-20,TUE,6.34,141,893.94,93.5
B003,B,cherry,2021-04-21,WED,6.34,146,925.64,96.4
B003,B,cherry,2021-04-22,THU,6.36,143,909.48,89.6
B003,B,cherry,2021-04-23,FRI,6.36,143,909.48,97.6
B003,B,cherry,2021-04-24,SAT,6.36,156,992.16,85.8
B003,B,cherry,2021-04-25,SUN,6.36,157,998.52,94.9
B003,B,cherry,2021-04-26,MON,,,,
B003,B,cherry,2021-04-27,TUE,6.36,143,909.48,90.6
B003,B,cherry,2021-04-28,WED,6.36,144,915.84,92
B003,B,cherry,2021-04-29,THU,6.37,143,910.91,87.4
B003,B,cherry,2021-04-30,FRI,6.37,144,917.28,93.7
B003,B,cherry,2021-05-01,SAT,6.37,156,993.72,95.8
B003,B,cherry,2021-05-02,SUN,6.37,157,1000.09,92.6
B003,B,cherry,2021-05-03,MON,,,,
B003,B,cherry,2021-05-04,TUE,6.37,141,898.17,86.3
B003,B,cherry,2021-05-05,WED,6.37,141,898.17,92.9
B003,B,cherry,2021-05-06,THU,6.37,141,898.17,94.7
B003,B,cherry,2021-05-07,FRI,6.37,145,923.65,86.6
B003,B,cherry,2021-05-08,SAT,6.37,155,987.35,97.4
B003,B,cherry,2021-05-09,SUN,6.37,156,993.72,90.2
B003,B,cherry,2021-05-10,MON,,,,
B003,B,cherry,2021-05-11,TUE,6.37,142,904.54,97
B003,B,cherry,2021-05-12,WED,6.37,144,917.28,91
B003,B,cherry,2021-05-13,THU,6.36,144,915.84,96.4
B003,B,cherry,2021-05-14,FRI,6.36,141,896.76,96.6
B003,B,cherry,2021-05-15,SAT,6.36,156,992.16,96.2
B003,B,cherry,2021-05-16,SUN,6.36,155,985.8,96.6
B003,B,cherry,2021-05-17,MON,,,,
B003,B,cherry,2021-05-18,TUE,6.36,140,890.4,94.5
B003,B,cherry,2021-05-19,WED,6.36,140,890.4,95.8
B003,B,cherry,2021-05-20,THU,6.37,143,910.91,96
B003,B,cherry,2021-05-21,FRI,6.37,140,891.8,92.8
B003,B,cherry,2021-05-22,SAT,6.37,155,987.35,96
B003,B,cherry,2021-05-23,SUN,6.37,154,980.98,95
B003,B,cherry,2021-05-24,MON,,,,
B003,B,cherry,2021-05-25,TUE,6.37,143,910.91,94.2
B003,B,cherry,2021-05-26,WED,6.37,143,910.91,94.6
B003,B,cherry,2021-05-27,THU,6.36,144,915.84,96.6
B003,B,cherry,2021-05-28,FRI,6.36,143,909.48,95.9
B003,B,cherry,2021-05-29,SAT,6.36,155,985.8,88.9
B003,B,cherry,2021-05-30,SUN,6.36,155,985.8,98.6
B003,B,cherry,2021-05-31,MON,,,,
B003,B,cherry,2021-06-01,TUE,6.36,142,903.12,91.2
B003,B,cherry,2021-06-02,WED,6.36,142,903.12,91.2
B003,B,cherry,2021-06-03,THU,6.38,144,918.72,92.7
B003,B,cherry,2021-06-04,FRI,6.38,145,925.1,94.5
B003,B,cherry,2021-06-05,SAT,6.38,155,988.9,96.8
B003,B,cherry,2021-06-06,SUN,6.38,157,1001.66,95.1
B003,B,cherry,2021-06-07,MON,,,,
B003,B,cherry,2021-06-08,TUE,6.38,143,912.34,95.1
B003,B,cherry,2021-06-09,WED,6.38,144,918.72,92.1
B003,B,cherry,2021-06-10,THU,6.4,141,902.4,95.1
B003,B,cherry,2021-06-11,FRI,6.4,145,928,93.9
B003,B,cherry,2021-06-12,SAT,6.4,156,998.4,94
B003,B,cherry,2021-06-13,SUN,6.4,157,1004.8,88.8
B003,B,cherry,2021-06-14,MON,,,,
B003,B,cherry,2021-06-15,TUE,6.4,145,928,83.8
B003,B,cherry,2021-06-16,WED,6.4,144,921.6,93.8
B003,B,cherry,2021-06-17,THU,6.41,146,935.86,95.9
B003,B,cherry,2021-06-18,FRI,6.41,141,903.81,97.3
B003,B,cherry,2021-06-19,SAT,6.41,156,999.96,96.7
B003,B,cherry,2021-06-20,SUN,6.41,155,993.55,96.7
B003,B,cherry,2021-06-21,MON,,,,
B003,B,cherry,2021-06-22,TUE,6.41,140,897.4,93.1
B003,B,cherry,2021-06-23,WED,6.41,143,916.63,95.5
B003,B,cherry,2021-06-24,THU,6.43,141,906.63,97
B003,B,cherry,2021-06-25,FRI,6.43,143,919.49,97
B003,B,cherry,2021-06-26,SAT,6.43,156,1003.08,96
B003,B,cherry,2021-06-27,SUN,6.43,157,1009.51,98.1
B003,B,cherry,2021-06-28,MON,,,,
B003,B,cherry,2021-06-29,TUE,6.43,144,925.92,97.3
B003,B,cherry,2021-06-30,WED,6.43,140,900.2,95
B003,B,cherry,2021-07-01,THU,6.42,145,930.9,94.7
B003,B,cherry,2021-07-02,FRI,6.42,143,918.06,98.1
B003,B,cherry,2021-07-03,SAT,6.42,155,995.1,94.6
B003,B,cherry,2021-07-04,SUN,6.42,156,1001.52,95.9
B003,B,cherry,2021-07-05,MON,,,,
B003,B,cherry,2021-07-06,TUE,6.42,146,937.32,97.3
B003,B,cherry,2021-07-07,WED,6.42,145,930.9,93.6
B003,B,cherry,2021-07-08,THU,6.42,145,930.9,94.6
B003,B,cherry,2021-07-09,FRI,6.42,140,898.8,96.7
B003,B,cherry,2021-07-10,SAT,6.42,155,995.1,95.5
B003,B,cherry,2021-07-11,SUN,6.42,156,1001.52,98.4
B003,B,cherry,2021-07-12,MON,,,,
B003,B,cherry,2021-07-13,TUE,6.42,144,924.48,97
B003,B,cherry,2021-07-14,WED,6.42,143,918.06,93.9
B003,B,cherry,2021-07-15,THU,6.44,142,914.48,92.1
B003,B,cherry,2021-07-16,FRI,6.44,144,927.36,95.4
B003,B,cherry,2021-07-17,SAT,6.44,155,998.2,88.9
B003,B,cherry,2021-07-18,SUN,6.44,156,1004.64,93.2
B003,B,cherry,2021-07-19,MON,,,,
B003,B,cherry,2021-07-20,TUE,6.44,140,901.6,96.7
B003,B,cherry,2021-07-21,WED,6.44,143,920.92,98.2
B003,B,cherry,2021-07-22,THU,6.43,144,925.92,97.7
B003,B,cherry,2021-07-23,FRI,6.43,145,932.35,95.4
B003,B,cherry,2021-07-24,SAT,6.43,157,1009.51,93.3
B003,B,cherry,2021-07-25,SUN,6.43,156,1003.08,97.8
B003,B,cherry,2021-07-26,MON,,,,
B003,B,cherry,2021-07-27,TUE,6.43,141,906.63,95
B003,B,cherry,2021-07-28,WED,6.43,143,919.49,96
B003,B,cherry,2021-07-29,THU,6.43,143,919.49,91.3
B003,B,cherry,2021-07-30,FRI,6.43,145,932.35,96.5
B003,B,cherry,2021-07-31,SAT,6.43,154,990.22,95.1
B003,B,cherry,2021-08-01,SUN,6.43,156,1003.08,96.5
B003,B,cherry,2021-08-02,MON,,,,
B003,B,cherry,2021-08-03,TUE,6.43,144,925.92,97.1
B003,B,cherry,2021-08-04,WED,6.43,145,932.35,97.5
B003,B,cherry,2021-08-05,THU,6.44,141,908.04,96.3
B003,B,cherry,2021-08-06,FRI,6.44,145,933.8,94.5
B003,B,cherry,2021-08-07,SAT,6.44,156,1004.64,96
B003,B,cherry,2021-08-08,SUN,6.44,157,1011.08,91
B003,B,cherry,2021-08-09,MON,,,,
B003,B,cherry,2021-08-10,TUE,6.44,143,920.92,96.4
B003,B,cherry,2021-08-11,WED,6.44,141,908.04,94.4
B003,B,cherry,2021-08-12,THU,6.44,141,908.04,93
B003,B,cherry,2021-08-13,FRI,6.44,140,901.6,91.8
B003,B,cherry,2021-08-14,SAT,6.44,155,998.2,93.9
B003,B,cherry,2021-08-15,SUN,6.44,157,1011.08,95.9
B003,B,cherry,2021-08-16,MON,,,,
B003,B,cherry,2021-08-17,TUE,6.44,140,901.6,95.3
B003,B,cherry,2021-08-18,WED,6.44,144,927.36,95.2
B003,B,cherry,2021-08-19,THU,6.45,143,922.35,93.9
B003,B,cherry,2021-08-20,FRI,6.45,143,922.35,94.9
B003,B,cherry,2021-08-21,SAT,6.45,156,1006.2,97.4
B003,B,cherry,2021-08-22,SUN,6.45,155,999.75,97.4
B003,B,cherry,2021-08-23,MON,,,,
B003,B,cherry,2021-08-24,TUE,6.45,144,928.8,97.5
B003,B,cherry,2021-08-25,WED,6.45,143,922.35,93.2
B003,B,cherry,2021-08-26,THU,6.45,143,922.35,92.8
B003,B,cherry,2021-08-27,FRI,6.45,145,935.25,89.4
B003,B,cherry,2021-08-28,SAT,6.45,156,1006.2,98
B003,B,cherry,2021-08-29,SUN,6.45,157,1012.65,96.9
B003,B,cherry,2021-08-30,MON,,,,
B003,B,cherry,2021-08-31,TUE,6.45,144,928.8,95.2
B003,B,cherry,2021-09-01,WED,6.45,145,935.25,91.1
B003,B,cherry,2021-09-02,THU,6.48,144,933.12,91.4
B003,B,cherry,2021-09-03,FRI,6.48,146,946.08,89.7
B003,B,cherry,2021-09-04,SAT,6.48,155,1004.4,95
B003,B,cherry,2021-09-05,SUN,6.48,156,1010.88,95.7
B003,B,cherry,2021-09-06,MON,,,,
B003,B,cherry,2021-09-07,TUE,6.48,146,946.08,98.6
B003,B,cherry,2021-09-08,WED,6.48,141,913.68,93.2
B003,B,cherry,2021-09-09,THU,6.5,145,942.5,98.6
B003,B,cherry,2021-09-10,FRI,6.5,141,916.5,94.8
B003,B,cherry,2021-09-11,SAT,6.5,155,1007.5,94.8
B003,B,cherry,2021-09-12,SUN,6.5,155,1007.5,94
B003,B,cherry,2021-09-13,MON,,,,
B003,B,cherry,2021-09-14,TUE,6.5,144,936,97.8
B003,B,cherry,2021-09-15,WED,6.5,145,942.5,96.2
B003,B,cherry,2021-09-16,THU,6.53,140,914.2,97.9
B003,B,cherry,2021-09-17,FRI,6.53,144,940.32,98.4
B003,B,cherry,2021-09-18,SAT,6.53,156,1018.68,99.6
B003,B,cherry,2021-09-19,SUN,6.53,156,1018.68,98.1
B003,B,cherry,2021-09-20,MON,,,,
B003,B,cherry,2021-09-21,TUE,6.53,141,920.73,98.2
B003,B,cherry,2021-09-22,WED,6.53,142,927.26,98.3
B003,B,cherry,2021-09-23,THU,6.56,143,938.08,93.9
B003,B,cherry,2021-09-24,FRI,6.56,145,951.2,98.4
B003,B,cherry,2021-09-25,SAT,6.56,155,1016.8,98.2
B003,B,cherry,2021-09-26,SUN,6.56,155,1016.8,99.3
B003,B,cherry,2021-09-27,MON,,,,
B003,B,cherry,2021-09-28,TUE,6.56,144,944.64,97
B003,B,cherry,2021-09-29,WED,6.56,140,918.4,97
B003,B,cherry,2021-09-30,THU,6.57,144,946.08,95.8
B004,B,apple,2021-04-01,THU,1.02,304,310.08,96
B004,B,apple,2021-04-02,FRI,1.02,305,311.1,87
B004,B,apple,2021-04-03,SAT,1.02,329,335.58,90.3
B004,B,apple,2021-04-04,SUN,1.02,325,331.5,95.2
B004,B,apple,2021-04-05,MON,,,,
B004,B,apple,2021-04-06,TUE,1.02,299,304.98,84.9
B004,B,apple,2021-04-07,WED,1.02,295,300.9,88.9
B004,B,apple,2021-04-08,THU,1.01,304,307.04,82.5
B004,B,apple,2021-04-09,FRI,1.01,299,301.99,95
B004,B,apple,2021-04-10,SAT,1.01,328,331.28,95
B004,B,apple,2021-04-11,SUN,1.01,328,331.28,92.9
B004,B,apple,2021-04-12,MON,,,,
B004,B,apple,2021-04-13,TUE,1.01,305,308.05,80.8
B004,B,apple,2021-04-14,WED,1.01,303,306.03,81.9
B004,B,apple,2021-04-15,THU,1.01,301,304.01,93.2
B004,B,apple,2021-04-16,FRI,1.01,299,301.99,97.6
B004,B,apple,2021-04-17,SAT,1.01,324,327.24,85.6
B004,B,apple,2021-04-18,SUN,1.01,327,330.27,86.1
B004,B,apple,2021-04-19,MON,,,,
B004,B,apple,2021-04-20,TUE,1.01,304,307.04,93.5
B004,B,apple,2021-04-21,WED,1.01,301,304.01,96.4
B004,B,apple,2021-04-22,THU,1.04,303,315.12,89.6
B004,B,apple,2021-04-23,FRI,1.04,303,315.12,97.6
B004,B,apple,2021-04-24,SAT,1.04,325,338,85.8
B004,B,apple,2021-04-25,SUN,1.04,328,341.12,94.9
B004,B,apple,2021-04-26,MON,,,,
B004,B,apple,2021-04-27,TUE,1.04,305,317.2,90.6
B004,B,apple,2021-04-28,WED,1.04,296,307.84,92
B004,B,apple,2021-04-29,THU,1.03,297,305.91,87.4
B004,B,apple,2021-04-30,FRI,1.03,301,310.03,93.7
B004,B,apple,2021-05-01,SAT,1.03,325,334.75,95.8
B004,B,apple,2021-05-02,SUN,1.03,329,338.87,92.6
B004,B,apple,2021-05-03,MON,,,,
B004,B,apple,2021-05-04,TUE,1.03,298,306.94,86.3
B004,B,apple,2021-05-05,WED,1.03,300,309,92.9
B004,B,apple,2021-05-06,THU,1.03,305,314.15,94.7
B004,B,apple,2021-05-07,FRI,1.03,298,306.94,86.6
B004,B,apple,2021-05-08,SAT,1.03,324,333.72,97.4
B004,B,apple,2021-05-09,SUN,1.03,327,336.81,90.2
B004,B,apple,2021-05-10,MON,,,,
B004,B,apple,2021-05-11,TUE,1.03,304,313.12,97
B004,B,apple,2021-05-12,WED,1.03,294,302.82,91
B004,B,apple,2021-05-13,THU,1.02,299,304.98,96.4
B004,B,apple,2021-05-14,FRI,1.02,298,303.96,96.6
B004,B,apple,2021-05-15,SAT,1.02,325,331.5,96.2
B004,B,apple,2021-05-16,SUN,1.02,327,333.54,96.6
B004,B,apple,2021-05-17,MON,,,,
B004,B,apple,2021-05-18,TUE,1.02,298,303.96,94.5
B004,B,apple,2021-05-19,WED,1.02,304,310.08,95.8
B004,B,apple,2021-05-20,THU,1.05,301,316.05,96
B004,B,apple,2021-05-21,FRI,1.05,304,319.2,92.8
B004,B,apple,2021-05-22,SAT,1.05,329,345.45,96
B004,B,apple,2021-05-23,SUN,1.05,325,341.25,95
B004,B,apple,2021-05-24,MON,,,,
B004,B,apple,2021-05-25,TUE,1.05,299,313.95,94.2
B004,B,apple,2021-05-26,WED,1.05,304,319.2,94.6
B004,B,apple,2021-05-27,THU,1.07,305,326.35,96.6
B004,B,apple,2021-05-28,FRI,1.07,304,325.28,95.9
B004,B,apple,2021-05-29,SAT,1.07,326,348.82,88.9
B004,B,apple,2021-05-30,SUN,1.07,324,346.68,98.6
B004,B,apple,2021-05-31,MON,,,,
B004,B,apple,2021-06-01,TUE,1.07,295,315.65,91.2
B004,B,apple,2021-06-02,WED,1.07,303,324.21,91.2
B004,B,apple,2021-06-03,THU,1.08,298,321.84,92.7
B004,B,apple,2021-06-04,FRI,1.08,301,325.08,94.5
B004,B,apple,2021-06-05,SAT,1.08,326,352.08,96.8
B004,B,apple,2021-06-06,SUN,1.08,329,355.32,95.1
B004,B,apple,2021-06-07,MON,,,,
B004,B,apple,2021-06-08,TUE,1.08,306,330.48,95.1
B004,B,apple,2021-06-09,WED,1.08,304,328.32,92.1
B004,B,apple,2021-06-10,THU,1.11,297,329.67,95.1
B004,B,apple,2021-06-11,FRI,1.11,302,335.22,93.9
B004,B,apple,2021-06-12,SAT,1.11,325,360.75,94
B004,B,apple,2021-06-13,SUN,1.11,325,360.75,88.8
B004,B,apple,2021-06-14,MON,,,,
B004,B,apple,2021-06-15,TUE,1.11,299,331.89,83.8
B004,B,apple,2021-06-16,WED,1.11,302,335.22,93.8
B004,B,apple,2021-06-17,THU,1.1,302,332.2,95.9
B004,B,apple,2021-06-18,FRI,1.1,295,324.5,97.3
B004,B,apple,2021-06-19,SAT,1.1,325,357.5,96.7
B004,B,apple,2021-06-20,SUN,1.1,329,361.9,96.7
B004,B,apple,2021-06-21,MON,,,,
B004,B,apple,2021-06-22,TUE,1.1,305,335.5,93.1
B004,B,apple,2021-06-23,WED,1.1,305,335.5,95.5
B004,B,apple,2021-06-24,THU,1.12,305,341.6,97
B004,B,apple,2021-06-25,FRI,1.12,300,336,97
B004,B,apple,2021-06-26,SAT,1.12,325,364,96
B004,B,apple,2021-06-27,SUN,1.12,326,365.12,98.1
B004,B,apple,2021-06-28,MON,,,,
B004,B,apple,2021-06-29,TUE,1.12,300,336,97.3
B004,B,apple,2021-06-30,WED,1.12,295,330.4,95
B004,B,apple,2021-07-01,THU,1.12,304,340.48,94.7
B004,B,apple,2021-07-02,FRI,1.12,297,332.64,98.1
B004,B,apple,2021-07-03,SAT,1.12,326,365.12,94.6
B004,B,apple,2021-07-04,SUN,1.12,328,367.36,95.9
B004,B,apple,2021-07-05,MON,,,,
B004,B,apple,2021-07-06,TUE,1.12,305,341.6,97.3
B004,B,apple,2021-07-07,WED,1.12,300,336,93.6
B004,B,apple,2021-07-08,THU,1.15,305,350.75,94.6
B004,B,apple,2021-07-09,FRI,1.15,296,340.4,96.7
B004,B,apple,2021-07-10,SAT,1.15,329,378.35,95.5
B004,B,apple,2021-07-11,SUN,1.15,329,378.35,98.4
B004,B,apple,2021-07-12,MON,,,,
B004,B,apple,2021-07-13,TUE,1.15,302,347.3,97
B004,B,apple,2021-07-14,WED,1.15,305,350.75,93.9
B004,B,apple,2021-07-15,THU,1.14,299,340.86,92.1
B004,B,apple,2021-07-16,FRI,1.14,299,340.86,95.4
B004,B,apple,2021-07-17,SAT,1.14,324,369.36,88.9
B004,B,apple,2021-07-18,SUN,1.14,329,375.06,93.2
B004,B,apple,2021-07-19,MON,,,,
B004,B,apple,2021-07-20,TUE,1.14,302,344.28,96.7
B004,B,apple,2021-07-21,WED,1.14,299,340.86,98.2
B004,B,apple,2021-07-22,THU,1.15,303,348.45,97.7
B004,B,apple,2021-07-23,FRI,1.15,304,349.6,95.4
B004,B,apple,2021-07-24,SAT,1.15,325,373.75,93.3
B004,B,apple,2021-07-25,SUN,1.15,329,378.35,97.8
B004,B,apple,2021-07-26,MON,,,,
B004,B,apple,2021-07-27,TUE,1.15,294,338.1,95
B004,B,apple,2021-07-28,WED,1.15,300,345,96
B004,B,apple,2021-07-29,THU,1.17,295,345.15,91.3
B004,B,apple,2021-07-30,FRI,1.17,305,356.85,96.5
B004,B,apple,2021-07-31,SAT,1.17,326,381.42,95.1
B004,B,apple,2021-08-01,SUN,1.17,325,380.25,96.5
B004,B,apple,2021-08-02,MON,,,,
B004,B,apple,2021-08-03,TUE,1.17,300,351,97.1
B004,B,apple,2021-08-04,WED,1.17,294,343.98,97.5
B004,B,apple,2021-08-05,THU,1.17,306,358.02,96.3
B004,B,apple,2021-08-06,FRI,1.17,300,351,94.5
B004,B,apple,2021-08-07,SAT,1.17,330,386.1,96
B004,B,apple,2021-08-08,SUN,1.17,326,381.42,91
B004,B,apple,2021-08-09,MON,,,,
B004,B,apple,2021-08-10,TUE,1.17,295,345.15,96.4
B004,B,apple,2021-08-11,WED,1.17,298,348.66,94.4
B004,B,apple,2021-08-12,THU,1.18,301,355.18,93
B004,B,apple,2021-08-13,FRI,1.18,299,352.82,91.8
B004,B,apple,2021-08-14,SAT,1.18,324,382.32,93.9
B004,B,apple,2021-08-15,SUN,1.18,328,387.04,95.9
B004,B,apple,2021-08-16,MON,,,,
B004,B,apple,2021-08-17,TUE,1.18,303,357.54,95.3
B004,B,apple,2021-08-18,WED,1.18,305,359.9,95.2
B004,B,apple,2021-08-19,THU,1.2,303,363.6,93.9
B004,B,apple,2021-08-20,FRI,1.2,304,364.8,94.9
B004,B,apple,2021-08-21,SAT,1.2,328,393.6,97.4
B004,B,apple,2021-08-22,SUN,1.2,325,390,97.4
B004,B,apple,2021-08-23,MON,,,,
B004,B,apple,2021-08-24,TUE,1.2,300,360,97.5
B004,B,apple,2021-08-25,WED,1.2,301,361.2,93.2
B004,B,apple,2021-08-26,THU,1.21,298,360.58,92.8
B004,B,apple,2021-08-27,FRI,1.21,296,358.16,89.4
B004,B,apple,2021-08-28,SAT,1.21,326,394.46,98
B004,B,apple,2021-08-29,SUN,1.21,327,395.67,96.9
B004,B,apple,2021-08-30,MON,,,,
B004,B,apple,2021-08-31,TUE,1.21,296,358.16,95.2
B004,B,apple,2021-09-01,WED,1.21,295,356.95,91.1
B004,B,apple,2021-09-02,THU,1.21,294,355.74,91.4
B004,B,apple,2021-09-03,FRI,1.21,295,356.95,89.7
B004,B,apple,2021-09-04,SAT,1.21,329,398.09,95
B004,B,apple,2021-09-05,SUN,1.21,327,395.67,95.7
B004,B,apple,2021-09-06,MON,,,,
B004,B,apple,2021-09-07,TUE,1.21,298,360.58,98.6
B004,B,apple,2021-09-08,WED,1.21,303,366.63,93.2
B004,B,apple,2021-09-09,THU,1.21,295,356.95,98.6
B004,B,apple,2021-09-10,FRI,1.21,303,366.63,94.8
B004,B,apple,2021-09-11,SAT,1.21,325,393.25,94.8
B004,B,apple,2021-09-12,SUN,1.21,325,393.25,94
B004,B,apple,2021-09-13,MON,,,,
B004,B,apple,2021-09-14,TUE,1.21,298,360.58,97.8
B004,B,apple,2021-09-15,WED,1.21,297,359.37,96.2
B004,B,apple,2021-09-16,THU,1.22,295,359.9,97.9
B004,B,apple,2021-09-17,FRI,1.22,296,361.12,98.4
B004,B,apple,2021-09-18,SAT,1.22,324,395.28,99.6
B004,B,apple,2021-09-19,SUN,1.22,326,397.72,98.1
B004,B,apple,2021-09-20,MON,,,,
B004,B,apple,2021-09-21,TUE,1.22,295,359.9,98.2
B004,B,apple,2021-09-22,WED,1.22,295,359.9,98.3
B004,B,apple,2021-09-23,THU,1.24,294,364.56,93.9
B004,B,apple,2021-09-24,FRI,1.24,303,375.72,98.4
B004,B,apple,2021-09-25,SAT,1.24,326,404.24,98.2
B004,B,apple,2021-09-26,SUN,1.24,325,403,99.3
B004,B,apple,2021-09-27,MON,,,,
B004,B,apple,2021-09-28,TUE,1.24,300,372,97
B004,B,apple,2021-09-29,WED,1.24,298,369.52,97
B004,B,apple,2021-09-30,THU,1.26,295,371.7,95.8
B004,B,cherry,2021-04-01,THU,4.4,335,1474,96
B004,B,cherry,2021-04-02,FRI,4.4,334,1469.6,87
B004,B,cherry,2021-04-03,SAT,4.4,359,1579.6,90.3
B004,B,cherry,2021-04-04,SUN,4.4,360,1584,95.2
B004,B,cherry,2021-04-05,MON,,,,
B004,B,cherry,2021-04-06,TUE,4.4,329,1447.6,84.9
B004,B,cherry,2021-04-07,WED,4.4,338,1487.2,88.9
B004,B,cherry,2021-04-08,THU,4.39,331,1453.09,82.5
B004,B,cherry,2021-04-09,FRI,4.39,335,1470.65,95
B004,B,cherry,2021-04-10,SAT,4.39,362,1589.18,95
B004,B,cherry,2021-04-11,SUN,4.39,359,1576.01,92.9
B004,B,cherry,2021-04-12,MON,,,,
B004,B,cherry,2021-04-13,TUE,4.39,329,1444.31,80.8
B004,B,cherry,2021-04-14,WED,4.39,326,1431.14,81.9
B004,B,cherry,2021-04-15,THU,4.42,333,1471.86,93.2
B004,B,cherry,2021-04-16,FRI,4.42,335,1480.7,97.6
B004,B,cherry,2021-04-17,SAT,4.42,359,1586.78,85.6
B004,B,cherry,2021-04-18,SUN,4.42,359,1586.78,86.1
B004,B,cherry,2021-04-19,MON,,,,
B004,B,cherry,2021-04-20,TUE,4.42,329,1454.18,93.5
B004,B,cherry,2021-04-21,WED,4.42,334,1476.28,96.4
B004,B,cherry,2021-04-22,THU,4.44,327,1451.88,89.6
B004,B,cherry,2021-04-23,FRI,4.44,329,1460.76,97.6
B004,B,cherry,2021-04-24,SAT,4.44,365,1620.6,85.8
B004,B,cherry,2021-04-25,SUN,4.44,363,1611.72,94.9
B004,B,cherry,2021-04-26,MON,,,,
B004,B,cherry,2021-04-27,TUE,4.44,330,1465.2,90.6
B004,B,cherry,2021-04-28,WED,4.44,338,1500.72,92
B004,B,cherry,2021-04-29,THU,4.44,334,1482.96,87.4
B004,B,cherry,2021-04-30,FRI,4.44,329,1460.76,93.7
B004,B,cherry,2021-05-01,SAT,4.44,361,1602.84,95.8
B004,B,cherry,2021-05-02,SUN,4.44,359,1593.96,92.6
B004,B,cherry,2021-05-03,MON,,,,
B004,B,cherry,2021-05-04,TUE,4.44,331,1469.64,86.3
B004,B,cherry,2021-05-05,WED,4.44,330,1465.2,92.9
B004,B,cherry,2021-05-06,THU,4.45,326,1450.7,94.7
B004,B,cherry,2021-05-07,FRI,4.45,331,1472.95,86.6
B004,B,cherry,2021-05-08,SAT,4.45,360,1602,97.4
B004,B,cherry,2021-05-09,SUN,4.45,359,1597.55,90.2
B004,B,cherry,2021-05-10,MON,,,,
B004,B,cherry,2021-05-11,TUE,4.45,337,1499.65,97
B004,B,cherry,2021-05-12,WED,4.45,327,1455.15,91
B004,B,cherry,2021-05-13,THU,4.48,327,1464.96,96.4
B004,B,cherry,2021-05-14,FRI,4.48,330,1478.4,96.6
B004,B,cherry,2021-05-15,SAT,4.48,361,1617.28,96.2
B004,B,cherry,2021-05-16,SUN,4.48,359,1608.32,96.6
B004,B,cherry,2021-05-17,MON,,,,
B004,B,cherry,2021-05-18,TUE,4.48,337,1509.76,94.5
B004,B,cherry,2021-05-19,WED,4.48,327,1464.96,95.8
B004,B,cherry,2021-05-20,THU,4.47,333,1488.51,96
B004,B,cherry,2021-05-21,FRI,4.47,335,1497.45,92.8
B004,B,cherry,2021-05-22,SAT,4.47,363,1622.61,96
B004,B,cherry,2021-05-23,SUN,4.47,362,1618.14,95
B004,B,cherry,2021-05-24,MON,,,,
B004,B,cherry,2021-05-25,TUE,4.47,338,1510.86,94.2
B004,B,cherry,2021-05-26,WED,4.47,332,1484.04,94.6
B004,B,cherry,2021-05-27,THU,4.49,335,1504.15,96.6
B004,B,cherry,2021-05-28,FRI,4.49,330,1481.7,95.9
B004,B,cherry,2021-05-29,SAT,4.49,363,1629.87,88.9
B004,B,cherry,2021-05-30,SUN,4.49,359,1611.91,98.6
B004,B,cherry,2021-05-31,MON,,,,
B004,B,cherry,2021-06-01,TUE,4.49,336,1508.64,91.2
B004,B,cherry,2021-06-02,WED,4.49,329,1477.21,91.2
B004,B,cherry,2021-06-03,THU,4.5,332,1494,92.7
B004,B,cherry,2021-06-04,FRI,4.5,333,1498.5,94.5
B004,B,cherry,2021-06-05,SAT,4.5,362,1629,96.8
B004,B,cherry,2021-06-06,SUN,4.5,364,1638,95.1
B004,B,cherry,2021-06-07,MON,,,,
B004,B,cherry,2021-06-08,TUE,4.5,329,1480.5,95.1
B004,B,cherry,2021-06-09,WED,4.5,335,1507.5,92.1
B004,B,cherry,2021-06-10,THU,4.51,332,1497.32,95.1
B004,B,cherry,2021-06-11,FRI,4.51,329,1483.79,93.9
B004,B,cherry,2021-06-12,SAT,4.51,363,1637.13,94
B004,B,cherry,2021-06-13,SUN,4.51,363,1637.13,88.8
B004,B,cherry,2021-06-14,MON,,,,
B004,B,cherry,2021-06-15,TUE,4.51,329,1483.79,83.8
B004,B,cherry,2021-06-16,WED,4.51,326,1470.26,93.8
B004,B,cherry,2021-06-17,THU,4.51,337,1519.87,95.9
B004,B,cherry,2021-06-18,FRI,4.51,336,1515.36,97.3
B004,B,cherry,2021-06-19,SAT,4.51,365,1646.15,96.7
B004,B,cherry,2021-06-20,SUN,4.51,362,1632.62,96.7
B004,B,cherry,2021-06-21,MON,,,,
B004,B,cherry,2021-06-22,TUE,4.51,327,1474.77,93.1
B004,B,cherry,2021-06-23,WED,4.51,334,1506.34,95.5
B004,B,cherry,2021-06-24,THU,4.5,333,1498.5,97
B004,B,cherry,2021-06-25,FRI,4.5,326,1467,97
B004,B,cherry,2021-06-26,SAT,4.5,364,1638,96
B004,B,cherry,2021-06-27,SUN,4.5,363,1633.5,98.1
B004,B,cherry,2021-06-28,MON,,,,
B004,B,cherry,2021-06-29,TUE,4.5,331,1489.5,97.3
B004,B,cherry,2021-06-30,WED,4.5,330,1485,95
B004,B,cherry,2021-07-01,THU,4.51,328,1479.28,94.7
B004,B,cherry,2021-07-02,FRI,4.51,332,1497.32,98.1
B004,B,cherry,2021-07-03,SAT,4.51,363,1637.13,94.6
B004,B,cherry,2021-07-04,SUN,4.51,363,1637.13,95.9
B004,B,cherry,2021-07-05,MON,,,,
B004,B,cherry,2021-07-06,TUE,4.51,338,1524.38,97.3
B004,B,cherry,2021-07-07,WED,4.51,338,1524.38,93.6
B004,B,cherry,2021-07-08,THU,4.51,331,1492.81,94.6
B004,B,cherry,2021-07-09,FRI,4.51,331,1492.81,96.7
B004,B,cherry,2021-07-10,SAT,4.51,364,1641.64,95.5
B004,B,cherry,2021-07-11,SUN,4.51,365,1646.15,98.4
B004,B,cherry,2021-07-12,MON,,,,
B004,B,cherry,2021-07-13,TUE,4.51,338,1524.38,97
B004,B,cherry,2021-07-14,WED,4.51,338,1524.38,93.9
B004,B,cherry,2021-07-15,THU,4.51,332,1497.32,92.1
B004,B,cherry,2021-07-16,FRI,4.51,329,1483.79,95.4
B004,B,cherry,2021-07-17,SAT,4.51,359,1619.09,88.9
B004,B,cherry,2021-07-18,SUN,4.51,360,1623.6,93.2
B004,B,cherry,2021-07-19,MON,,,,
B004,B,cherry,2021-07-20,TUE,4.51,326,1470.26,96.7
B004,B,cherry,2021-07-21,WED,4.51,338,1524.38,98.2
B004,B,cherry,2021-07-22,THU,4.51,333,1501.83,97.7
B004,B,cherry,2021-07-23,FRI,4.51,330,1488.3,95.4
B004,B,cherry,2021-07-24,SAT,4.51,365,1646.15,93.3
B004,B,cherry,2021-07-25,SUN,4.51,360,1623.6,97.8
B004,B,cherry,2021-07-26,MON,,,,
B004,B,cherry,2021-07-27,TUE,4.51,327,1474.77,95
B004,B,cherry,2021-07-28,WED,4.51,330,1488.3,96
B004,B,cherry,2021-07-29,THU,4.51,336,1515.36,91.3
B004,B,cherry,2021-07-30,FRI,4.51,335,1510.85,96.5
B004,B,cherry,2021-07-31,SAT,4.51,362,1632.62,95.1
B004,B,cherry,2021-08-01,SUN,4.51,364,1641.64,96.5
B004,B,cherry,2021-08-02,MON,,,,
B004,B,cherry,2021-08-03,TUE,4.51,331,1492.81,97.1
B004,B,cherry,2021-08-04,WED,4.51,334,1506.34,97.5
B004,B,cherry,2021-08-05,THU,4.52,333,1505.16,96.3
B004,B,cherry,2021-08-06,FRI,4.52,332,1500.64,94.5
B004,B,cherry,2021-08-07,SAT,4.52,362,1636.24,96
B004,B,cherry,2021-08-08,SUN,4.52,361,1631.72,91
B004,B,cherry,2021-08-09,MON,,,,
B004,B,cherry,2021-08-10,TUE,4.52,333,1505.16,96.4
B004,B,cherry,2021-08-11,WED,4.52,330,1491.6,94.4
B004,B,cherry,2021-08-12,THU,4.52,326,1473.52,93
B004,B,cherry,2021-08-13,FRI,4.52,328,1482.56,91.8
B004,B,cherry,2021-08-14,SAT,4.52,361,1631.72,93.9
B004,B,cherry,2021-08-15,SUN,4.52,364,1645.28,95.9
B004,B,cherry,2021-08-16,MON,,,,
B004,B,cherry,2021-08-17,TUE,4.52,328,1482.56,95.3
B004,B,cherry,2021-08-18,WED,4.52,336,1518.72,95.2
B004,B,cherry,2021-08-19,THU,4.55,338,1537.9,93.9
B004,B,cherry,2021-08-20,FRI,4.55,327,1487.85,94.9
B004,B,cherry,2021-08-21,SAT,4.55,359,1633.45,97.4
B004,B,cherry,2021-08-22,SUN,4.55,361,1642.55,97.4
B004,B,cherry,2021-08-23,MON,,,,
B004,B,cherry,2021-08-24,TUE,4.55,331,1506.05,97.5
B004,B,cherry,2021-08-25,WED,4.55,329,1496.95,93.2
B004,B,cherry,2021-08-26,THU,4.55,334,1519.7,92.8
B004,B,cherry,2021-08-27,FRI,4.55,326,1483.3,89.4
B004,B,cherry,2021-08-28,SAT,4.55,359,1633.45,98
B004,B,cherry,2021-08-29,SUN,4.55,360,1638,96.9
B004,B,cherry,2021-08-30,MON,,,,
B004,B,cherry,2021-08-31,TUE,4.55,333,1515.15,95.2
B004,B,cherry,2021-09-01,WED,4.55,338,1537.9,91.1
B004,B,cherry,2021-09-02,THU,4.56,338,1541.28,91.4
B004,B,cherry,2021-09-03,FRI,4.56,327,1491.12,89.7
B004,B,cherry,2021-09-04,SAT,4.56,361,1646.16,95
B004,B,cherry,2021-09-05,SUN,4.56,360,1641.6,95.7
B004,B,cherry,2021-09-06,MON,,,,
B004,B,cherry,2021-09-07,TUE,4.56,332,1513.92,98.6
B004,B,cherry,2021-09-08,WED,4.56,332,1513.92,93.2
B004,B,cherry,2021-09-09,THU,4.57,335,1530.95,98.6
B004,B,cherry,2021-09-10,FRI,4.57,335,1530.95,94.8
B004,B,cherry,2021-09-11,SAT,4.57,363,1658.91,94.8
B004,B,cherry,2021-09-12,SUN,4.57,359,1640.63,94
B004,B,cherry,2021-09-13,MON,,,,
B004,B,cherry,2021-09-14,TUE,4.57,334,1526.38,97.8
B004,B,cherry,2021-09-15,WED,4.57,328,1498.96,96.2
B004,B,cherry,2021-09-16,THU,4.59,336,1542.24,97.9
B004,B,cherry,2021-09-17,FRI,4.59,338,1551.42,98.4
B004,B,cherry,2021-09-18,SAT,4.59,365,1675.35,99.6
B004,B,cherry,2021-09-19,SUN,4.59,359,1647.81,98.1
B004,B,cherry,2021-09-20,MON,,,,
B004,B,cherry,2021-09-21,TUE,4.59,327,1500.93,98.2
B004,B,cherry,2021-09-22,WED,4.59,335,1537.65,98.3
B004,B,cherry,2021-09-23,THU,4.6,337,1550.2,93.9
B004,B,cherry,2021-09-24,FRI,4.6,338,1554.8,98.4
B004,B,cherry,2021-09-25,SAT,4.6,364,1674.4,98.2
B004,B,cherry,2021-09-26,SUN,4.6,364,1674.4,99.3
B004,B,cherry,2021-09-27,MON,,,,
B004,B,cherry,2021-09-28,TUE,4.6,335,1541,97
B004,B,cherry,2021-09-29,WED,4.6,328,1508.8,97
B004,B,cherry,2021-09-30,THU,4.62,329,1519.98,95.8
B005,B,apple,2021-04-01,THU,0.99,,,
B005,B,apple,2021-04-02,FRI,0.99,,,
B005,B,apple,2021-04-03,SAT,0.99,,,
B005,B,apple,2021-04-04,SUN,0.99,,,
B005,B,apple,2021-04-05,MON,,,,
B005,B,apple,2021-04-06,TUE,0.99,,,
B005,B,apple,2021-04-07,WED,0.99,,,
B005,B,apple,2021-04-08,THU,0.98,,,
B005,B,apple,2021-04-09,FRI,0.98,,,
B005,B,apple,2021-04-10,SAT,0.98,,,
B005,B,apple,2021-04-11,SUN,0.98,,,
B005,B,apple,2021-04-12,MON,,,,
B005,B,apple,2021-04-13,TUE,0.98,,,
B005,B,apple,2021-04-14,WED,0.98,,,
B005,B,apple,2021-04-15,THU,0.98,,,
B005,B,apple,2021-04-16,FRI,0.98,,,
B005,B,apple,2021-04-17,SAT,0.98,,,
B005,B,apple,2021-04-18,SUN,0.98,,,
B005,B,apple,2021-04-19,MON,,,,
B005,B,apple,2021-04-20,TUE,0.98,,,
B005,B,apple,2021-04-21,WED,0.98,,,
B005,B,apple,2021-04-22,THU,0.99,,,
B005,B,apple,2021-04-23,FRI,0.99,,,
B005,B,apple,2021-04-24,SAT,0.99,,,
B005,B,apple,2021-04-25,SUN,0.99,,,
B005,B,apple,2021-04-26,MON,,,,
B005,B,apple,2021-04-27,TUE,0.99,,,
B005,B,apple,2021-04-28,WED,0.99,,,
B005,B,apple,2021-04-29,THU,1.02,,,
B005,B,apple,2021-04-30,FRI,1.02,,,
B005,B,apple,2021-05-01,SAT,1.02,,,
B005,B,apple,2021-05-02,SUN,1.02,,,
B005,B,apple,2021-05-03,MON,,,,
B005,B,apple,2021-05-04,TUE,1.02,,,
B005,B,apple,2021-05-05,WED,1.02,,,
B005,B,apple,2021-05-06,THU,1.04,,,
B005,B,apple,2021-05-07,FRI,1.04,,,
B005,B,apple,2021-05-08,SAT,1.04,,,
B005,B,apple,2021-05-09,SUN,1.04,,,
B005,B,apple,2021-05-10,MON,,,,
B005,B,apple,2021-05-11,TUE,1.04,,,
B005,B,apple,2021-05-12,WED,1.04,,,
B005,B,apple,2021-05-13,THU,1.05,,,
B005,B,apple,2021-05-14,FRI,1.05,,,
B005,B,apple,2021-05-15,SAT,1.05,,,
B005,B,apple,2021-05-16,SUN,1.05,,,
B005,B,apple,2021-05-17,MON,,,,
B005,B,apple,2021-05-18,TUE,1.05,,,
B005,B,apple,2021-05-19,WED,1.05,,,
B005,B,apple,2021-05-20,THU,1.07,,,
B005,B,apple,2021-05-21,FRI,1.07,,,
B005,B,apple,2021-05-22,SAT,1.07,,,
B005,B,apple,2021-05-23,SUN,1.07,,,
B005,B,apple,2021-05-24,MON,,,,
B005,B,apple,2021-05-25,TUE,1.07,,,
B005,B,apple,2021-05-26,WED,1.07,,,
B005,B,apple,2021-05-27,THU,1.07,,,
B005,B,apple,2021-05-28,FRI,1.07,,,
B005,B,apple,2021-05-29,SAT,1.07,,,
B005,B,apple,2021-05-30,SUN,1.07,,,
B005,B,apple,2021-05-31,MON,,,,
B005,B,apple,2021-06-01,TUE,1.07,,,
B005,B,apple,2021-06-02,WED,1.07,,,
B005,B,apple,2021-06-03,THU,1.08,,,
B005,B,apple,2021-06-04,FRI,1.08,,,
B005,B,apple,2021-06-05,SAT,1.08,,,
B005,B,apple,2021-06-06,SUN,1.08,,,
B005,B,apple,2021-06-07,MON,,,,
B005,B,apple,2021-06-08,TUE,1.08,,,
B005,B,apple,2021-06-09,WED,1.08,,,
B005,B,apple,2021-06-10,THU,1.09,,,
B005,B,apple,2021-06-11,FRI,1.09,,,
B005,B,apple,2021-06-12,SAT,1.09,,,
B005,B,apple,2021-06-13,SUN,1.09,,,
B005,B,apple,2021-06-14,MON,,,,
B005,B,apple,2021-06-15,TUE,1.09,,,
B005,B,apple,2021-06-16,WED,1.09,,,
B005,B,apple,2021-06-17,THU,1.11,,,
B005,B,apple,2021-06-18,FRI,1.11,,,
B005,B,apple,2021-06-19,SAT,1.11,,,
B005,B,apple,2021-06-20,SUN,1.11,,,
B005,B,apple,2021-06-21,MON,,,,
B005,B,apple,2021-06-22,TUE,1.11,,,
B005,B,apple,2021-06-23,WED,1.11,,,
B005,B,apple,2021-06-24,THU,1.13,,,
B005,B,apple,2021-06-25,FRI,1.13,,,
B005,B,apple,2021-06-26,SAT,1.13,,,
B005,B,apple,2021-06-27,SUN,1.13,,,
B005,B,apple,2021-06-28,MON,,,,
B005,B,apple,2021-06-29,TUE,1.13,,,
B005,B,apple,2021-06-30,WED,1.13,,,
B005,B,apple,2021-07-01,THU,1.13,,,
B005,B,apple,2021-07-02,FRI,1.13,,,
B005,B,apple,2021-07-03,SAT,1.13,,,
B005,B,apple,2021-07-04,SUN,1.13,,,
B005,B,apple,2021-07-05,MON,,,,
B005,B,apple,2021-07-06,TUE,1.13,,,
B005,B,apple,2021-07-07,WED,1.13,,,
B005,B,apple,2021-07-08,THU,1.15,,,
B005,B,apple,2021-07-09,FRI,1.15,,,
B005,B,apple,2021-07-10,SAT,1.15,,,
B005,B,apple,2021-07-11,SUN,1.15,,,
B005,B,apple,2021-07-12,MON,,,,
B005,B,apple,2021-07-13,TUE,1.15,,,
B005,B,apple,2021-07-14,WED,1.15,,,
B005,B,apple,2021-07-15,THU,1.18,,,
B005,B,apple,2021-07-16,FRI,1.18,,,
B005,B,apple,2021-07-17,SAT,1.18,,,
B005,B,apple,2021-07-18,SUN,1.18,,,
B005,B,apple,2021-07-19,MON,,,,
B005,B,apple,2021-07-20,TUE,1.18,,,
B005,B,apple,2021-07-21,WED,1.18,,,
B005,B,apple,2021-07-22,THU,1.18,,,
B005,B,apple,2021-07-23,FRI,1.18,,,
B005,B,apple,2021-07-24,SAT,1.18,,,
B005,B,apple,2021-07-25,SUN,1.18,,,
B005,B,apple,2021-07-26,MON,,,,
B005,B,apple,2021-07-27,TUE,1.18,,,
B005,B,apple,2021-07-28,WED,1.18,,,
B005,B,apple,2021-07-29,THU,1.19,,,
B005,B,apple,2021-07-30,FRI,1.19,,,
B005,B,apple,2021-07-31,SAT,1.19,,,
B005,B,apple,2021-08-01,SUN,1.19,,,
B005,B,apple,2021-08-02,MON,,,,
B005,B,apple,2021-08-03,TUE,1.19,,,
B005,B,apple,2021-08-04,WED,1.19,,,
B005,B,apple,2021-08-05,THU,1.21,,,
B005,B,apple,2021-08-06,FRI,1.21,,,
B005,B,apple,2021-08-07,SAT,1.21,,,
B005,B,apple,2021-08-08,SUN,1.21,,,
B005,B,apple,2021-08-09,MON,,,,
B005,B,apple,2021-08-10,TUE,1.21,,,
B005,B,apple,2021-08-11,WED,1.21,,,
B005,B,apple,2021-08-12,THU,1.23,,,
B005,B,apple,2021-08-13,FRI,1.23,,,
B005,B,apple,2021-08-14,SAT,1.23,,,
B005,B,apple,2021-08-15,SUN,1.23,,,
B005,B,apple,2021-08-16,MON,,,,
B005,B,apple,2021-08-17,TUE,1.23,,,
B005,B,apple,2021-08-18,WED,1.23,,,
B005,B,apple,2021-08-19,THU,1.23,,,
B005,B,apple,2021-08-20,FRI,1.23,,,
B005,B,apple,2021-08-21,SAT,1.23,,,
B005,B,apple,2021-08-22,SUN,1.23,,,
B005,B,apple,2021-08-23,MON,,,,
B005,B,apple,2021-08-24,TUE,1.23,,,
B005,B,apple,2021-08-25,WED,1.23,,,
B005,B,apple,2021-08-26,THU,1.23,,,
B005,B,apple,2021-08-27,FRI,1.23,,,
B005,B,apple,2021-08-28,SAT,1.23,,,
B005,B,apple,2021-08-29,SUN,1.23,,,
B005,B,apple,2021-08-30,MON,,,,
B005,B,apple,2021-08-31,TUE,1.23,,,
B005,B,apple,2021-09-01,WED,1.23,,,
B005,B,apple,2021-09-02,THU,1.22,,,
B005,B,apple,2021-09-03,FRI,1.22,,,
B005,B,apple,2021-09-04,SAT,1.22,,,
B005,B,apple,2021-09-05,SUN,1.22,,,
B005,B,apple,2021-09-06,MON,,,,
B005,B,apple,2021-09-07,TUE,1.22,,,
B005,B,apple,2021-09-08,WED,1.22,,,
B005,B,apple,2021-09-09,THU,1.25,,,
B005,B,apple,2021-09-10,FRI,1.25,,,
B005,B,apple,2021-09-11,SAT,1.25,,,
B005,B,apple,2021-09-12,SUN,1.25,,,
B005,B,apple,2021-09-13,MON,,,,
B005,B,apple,2021-09-14,TUE,1.25,,,
B005,B,apple,2021-09-15,WED,1.25,,,
B005,B,apple,2021-09-16,THU,1.26,,,
B005,B,apple,2021-09-17,FRI,1.26,,,
B005,B,apple,2021-09-18,SAT,1.26,,,
B005,B,apple,2021-09-19,SUN,1.26,,,
B005,B,apple,2021-09-20,MON,,,,
B005,B,apple,2021-09-21,TUE,1.26,,,
B005,B,apple,2021-09-22,WED,1.26,,,
B005,B,apple,2021-09-23,THU,1.28,,,
B005,B,apple,2021-09-24,FRI,1.28,,,
B005,B,apple,2021-09-25,SAT,1.28,,,
B005,B,apple,2021-09-26,SUN,1.28,,,
B005,B,apple,2021-09-27,MON,,,,
B005,B,apple,2021-09-28,TUE,1.28,,,
B005,B,apple,2021-09-29,WED,1.28,,,
B005,B,apple,2021-09-30,THU,1.29,,,
B005,B,banana,2021-04-01,THU,2.88,407,1172.16,96
B005,B,banana,2021-04-02,FRI,2.88,399,1149.12,87
B005,B,banana,2021-04-03,SAT,2.88,433,1247.04,90.3
B005,B,banana,2021-04-04,SUN,2.88,431,1241.28,95.2
B005,B,banana,2021-04-05,MON,,,,
B005,B,banana,2021-04-06,TUE,2.88,394,1134.72,84.9
B005,B,banana,2021-04-07,WED,2.88,395,1137.6,88.9
B005,B,banana,2021-04-08,THU,2.89,396,1144.44,82.5
B005,B,banana,2021-04-09,FRI,2.89,404,1167.56,95
B005,B,banana,2021-04-10,SAT,2.89,437,1262.93,95
B005,B,banana,2021-04-11,SUN,2.89,436,1260.04,92.9
B005,B,banana,2021-04-12,MON,,,,
B005,B,banana,2021-04-13,TUE,2.89,394,1138.66,80.8
B005,B,banana,2021-04-14,WED,2.89,405,1170.45,81.9
B005,B,banana,2021-04-15,THU,2.92,394,1150.48,93.2
B005,B,banana,2021-04-16,FRI,2.92,396,1156.32,97.6
B005,B,banana,2021-04-17,SAT,2.92,436,1273.12,85.6
B005,B,banana,2021-04-18,SUN,2.92,435,1270.2,86.1
B005,B,banana,2021-04-19,MON,,,,
B005,B,banana,2021-04-20,TUE,2.92,399,1165.08,93.5
B005,B,banana,2021-04-21,WED,2.92,400,1168,96.4
B005,B,banana,2021-04-22,THU,2.92,399,1165.08,89.6
B005,B,banana,2021-04-23,FRI,2.92,403,1176.76,97.6
B005,B,banana,2021-04-24,SAT,2.92,432,1261.44,85.8
B005,B,banana,2021-04-25,SUN,2.92,434,1267.28,94.9
B005,B,banana,2021-04-26,MON,,,,
B005,B,banana,2021-04-27,TUE,2.92,399,1165.08,90.6
B005,B,banana,2021-04-28,WED,2.92,398,1162.16,92
B005,B,banana,2021-04-29,THU,2.93,404,1183.72,87.4
B005,B,banana,2021-04-30,FRI,2.93,392,1148.56,93.7
B005,B,banana,2021-05-01,SAT,2.93,432,1265.76,95.8
B005,B,banana,2021-05-02,SUN,2.93,433,1268.69,92.6
B005,B,banana,2021-05-03,MON,,,,
B005,B,banana,2021-05-04,TUE,2.93,399,1169.07,86.3
B005,B,banana,2021-05-05,WED,2.93,404,1183.72,92.9
B005,B,banana,2021-05-06,THU,2.94,393,1155.42,94.7
B005,B,banana,2021-05-07,FRI,2.94,402,1181.88,86.6
B005,B,banana,2021-05-08,SAT,2.94,434,1275.96,97.4
B005,B,banana,2021-05-09,SUN,2.94,437,1284.78,90.2
B005,B,banana,2021-05-10,MON,,,,
B005,B,banana,2021-05-11,TUE,2.94,399,1173.06,97
B005,B,banana,2021-05-12,WED,2.94,399,1173.06,91
B005,B,banana,2021-05-13,THU,2.95,405,1194.75,96.4
B005,B,banana,2021-05-14,FRI,2.95,394,1162.3,96.6
B005,B,banana,2021-05-15,SAT,2.95,438,1292.1,96.2
B005,B,banana,2021-05-16,SUN,2.95,437,1289.15,96.6
B005,B,banana,2021-05-17,MON,,,,
B005,B,banana,2021-05-18,TUE,2.95,397,1171.15,94.5
B005,B,banana,2021-05-19,WED,2.95,403,1188.85,95.8
B005,B,banana,2021-05-20,THU,2.97,392,1164.24,96
B005,B,banana,2021-05-21,FRI,2.97,397,1179.09,92.8
B005,B,banana,2021-05-22,SAT,2.97,437,1297.89,96
B005,B,banana,2021-05-23,SUN,2.97,435,1291.95,95
B005,B,banana,2021-05-24,MON,,,,
B005,B,banana,2021-05-25,TUE,2.97,393,1167.21,94.2
B005,B,banana,2021-05-26,WED,2.97,395,1173.15,94.6
B005,B,banana,2021-05-27,THU,2.98,392,1168.16,96.6
B005,B,banana,2021-05-28,FRI,2.98,391,1165.18,95.9
B005,B,banana,2021-05-29,SAT,2.98,433,1290.34,88.9
B005,B,banana,2021-05-30,SUN,2.98,438,1305.24,98.6
B005,B,banana,2021-05-31,MON,,,,
B005,B,banana,2021-06-01,TUE,2.98,396,1180.08,91.2
B005,B,banana,2021-06-02,WED,2.98,391,1165.18,91.2
B005,B,banana,2021-06-03,THU,2.98,399,1189.02,92.7
B005,B,banana,2021-06-04,FRI,2.98,397,1183.06,94.5
B005,B,banana,2021-06-05,SAT,2.98,435,1296.3,96.8
B005,B,banana,2021-06-06,SUN,2.98,438,1305.24,95.1
B005,B,banana,2021-06-07,MON,,,,
B005,B,banana,2021-06-08,TUE,2.98,401,1194.98,95.1
B005,B,banana,2021-06-09,WED,2.98,401,1194.98,92.1
B005,B,banana,2021-06-10,THU,2.98,404,1203.92,95.1
B005,B,banana,2021-06-11,FRI,2.98,392,1168.16,93.9
B005,B,banana,2021-06-12,SAT,2.98,432,1287.36,94
B005,B,banana,2021-06-13,SUN,2.98,438,1305.24,88.8
B005,B,banana,2021-06-14,MON,,,,
B005,B,banana,2021-06-15,TUE,2.98,392,1168.16,83.8
B005,B,banana,2021-06-16,WED,2.98,402,1197.96,93.8
B005,B,banana,2021-06-17,THU,2.97,402,1193.94,95.9
B005,B,banana,2021-06-18,FRI,2.97,395,1173.15,97.3
B005,B,banana,2021-06-19,SAT,2.97,432,1283.04,96.7
B005,B,banana,2021-06-20,SUN,2.97,438,1300.86,96.7
B005,B,banana,2021-06-21,MON,,,,
B005,B,banana,2021-06-22,TUE,2.97,399,1185.03,93.1
B005,B,banana,2021-06-23,WED,2.97,394,1170.18,95.5
B005,B,banana,2021-06-24,THU,2.99,399,1193.01,97
B005,B,banana,2021-06-25,FRI,2.99,401,1198.99,97
B005,B,banana,2021-06-26,SAT,2.99,434,1297.66,96
B005,B,banana,2021-06-27,SUN,2.99,436,1303.64,98.1
B005,B,banana,2021-06-28,MON,,,,
B005,B,banana,2021-06-29,TUE,2.99,393,1175.07,97.3
B005,B,banana,2021-06-30,WED,2.99,402,1201.98,95
B005,B,banana,2021-07-01,THU,3.02,405,1223.1,94.7
B005,B,banana,2021-07-02,FRI,3.02,402,1214.04,98.1
B005,B,banana,2021-07-03,SAT,3.02,435,1313.7,94.6
B005,B,banana,2021-07-04,SUN,3.02,434,1310.68,95.9
B005,B,banana,2021-07-05,MON,,,,
B005,B,banana,2021-07-06,TUE,3.02,402,1214.04,97.3
B005,B,banana,2021-07-07,WED,3.02,395,1192.9,93.6
B005,B,banana,2021-07-08,THU,3.03,403,1221.09,94.6
B005,B,banana,2021-07-09,FRI,3.03,393,1190.79,96.7
B005,B,banana,2021-07-10,SAT,3.03,433,1311.99,95.5
B005,B,banana,2021-07-11,SUN,3.03,437,1324.11,98.4
B005,B,banana,2021-07-12,MON,,,,
B005,B,banana,2021-07-13,TUE,3.03,400,1212,97
B005,B,banana,2021-07-14,WED,3.03,401,1215.03,93.9
B005,B,banana,2021-07-15,THU,3.04,401,1219.04,92.1
B005,B,banana,2021-07-16,FRI,3.04,403,1225.12,95.4
B005,B,banana,2021-07-17,SAT,3.04,437,1328.48,88.9
B005,B,banana,2021-07-18,SUN,3.04,433,1316.32,93.2
B005,B,banana,2021-07-19,MON,,,,
B005,B,banana,2021-07-20,TUE,3.04,394,1197.76,96.7
B005,B,banana,2021-07-21,WED,3.04,391,1188.64,98.2
B005,B,banana,2021-07-22,THU,3.05,392,1195.6,97.7
B005,B,banana,2021-07-23,FRI,3.05,404,1232.2,95.4
B005,B,banana,2021-07-24,SAT,3.05,435,1326.75,93.3
B005,B,banana,2021-07-25,SUN,3.05,433,1320.65,97.8
B005,B,banana,2021-07-26,MON,,,,
B005,B,banana,2021-07-27,TUE,3.05,405,1235.25,95
B005,B,banana,2021-07-28,WED,3.05,403,1229.15,96
B005,B,banana,2021-07-29,THU,3.07,394,1209.58,91.3
B005,B,banana,2021-07-30,FRI,3.07,405,1243.35,96.5
B005,B,banana,2021-07-31,SAT,3.07,435,1335.45,95.1
B005,B,banana,2021-08-01,SUN,3.07,431,1323.17,96.5
B005,B,banana,2021-08-02,MON,,,,
B005,B,banana,2021-08-03,TUE,3.07,397,1218.79,97.1
B005,B,banana,2021-08-04,WED,3.07,405,1243.35,97.5
B005,B,banana,2021-08-05,THU,3.06,394,1205.64,96.3
B005,B,banana,2021-08-06,FRI,3.06,395,1208.7,94.5
B005,B,banana,2021-08-07,SAT,3.06,436,1334.16,96
B005,B,banana,2021-08-08,SUN,3.06,439,1343.34,91
B005,B,banana,2021-08-09,MON,,,,
B005,B,banana,2021-08-10,TUE,3.06,407,1245.42,96.4
B005,B,banana,2021-08-11,WED,3.06,402,1230.12,94.4
B005,B,banana,2021-08-12,THU,3.06,401,1227.06,93
B005,B,banana,2021-08-13,FRI,3.06,399,1220.94,91.8
B005,B,banana,2021-08-14,SAT,3.06,435,1331.1,93.9
B005,B,banana,2021-08-15,SUN,3.06,434,1328.04,95.9
B005,B,banana,2021-08-16,MON,,,,
B005,B,banana,2021-08-17,TUE,3.06,403,1233.18,95.3
B005,B,banana,2021-08-18,WED,3.06,399,1220.94,95.2
B005,B,banana,2021-08-19,THU,3.08,392,1207.36,93.9
B005,B,banana,2021-08-20,FRI,3.08,391,1204.28,94.9
B005,B,banana,2021-08-21,SAT,3.08,434,1336.72,97.4
B005,B,banana,2021-08-22,SUN,3.08,431,1327.48,97.4
B005,B,banana,2021-08-23,MON,,,,
B005,B,banana,2021-08-24,TUE,3.08,394,1213.52,97.5
B005,B,banana,2021-08-25,WED,3.08,393,1210.44,93.2
B005,B,banana,2021-08-26,THU,3.1,405,1255.5,92.8
B005,B,banana,2021-08-27,FRI,3.1,395,1224.5,89.4
B005,B,banana,2021-08-28,SAT,3.1,434,1345.4,98
B005,B,banana,2021-08-29,SUN,3.1,436,1351.6,96.9
B005,B,banana,2021-08-30,MON,,,,
B005,B,banana,2021-08-31,TUE,3.1,406,1258.6,95.2
B005,B,banana,2021-09-01,WED,3.1,398,1233.8,91.1
B005,B,banana,2021-09-02,THU,3.12,394,1229.28,91.4
B005,B,banana,2021-09-03,FRI,3.12,393,1226.16,89.7
B005,B,banana,2021-09-04,SAT,3.12,435,1357.2,95
B005,B,banana,2021-09-05,SUN,3.12,435,1357.2,95.7
B005,B,banana,2021-09-06,MON,,,,
B005,B,banana,2021-09-07,TUE,3.12,391,1219.92,98.6
B005,B,banana,2021-09-08,WED,3.12,403,1257.36,93.2
B005,B,banana,2021-09-09,THU,3.14,404,1268.56,98.6
B005,B,banana,2021-09-10,FRI,3.14,395,1240.3,94.8
B005,B,banana,2021-09-11,SAT,3.14,432,1356.48,94.8
B005,B,banana,2021-09-12,SUN,3.14,436,1369.04,94
B005,B,banana,2021-09-13,MON,,,,
B005,B,banana,2021-09-14,TUE,3.14,395,1240.3,97.8
B005,B,banana,2021-09-15,WED,3.14,393,1234.02,96.2
B005,B,banana,2021-09-16,THU,3.14,405,1271.7,97.9
B005,B,banana,2021-09-17,FRI,3.14,395,1240.3,98.4
B005,B,banana,2021-09-18,SAT,3.14,432,1356.48,99.6
B005,B,banana,2021-09-19,SUN,3.14,437,1372.18,98.1
B005,B,banana,2021-09-20,MON,,,,
B005,B,banana,2021-09-21,TUE,3.14,397,1246.58,98.2
B005,B,banana,2021-09-22,WED,3.14,398,1249.72,98.3
B005,B,banana,2021-09-23,THU,3.15,404,1272.6,93.9
B005,B,banana,2021-09-24,FRI,3.15,397,1250.55,98.4
B005,B,banana,2021-09-25,SAT,3.15,434,1367.1,98.2
B005,B,banana,2021-09-26,SUN,3.15,437,1376.55,99.3
B005,B,banana,2021-09-27,MON,,,,
B005,B,banana,2021-09-28,TUE,3.15,404,1272.6,97
B005,B,banana,2021-09-29,WED,3.15,404,1272.6,97
B005,B,banana,2021-09-30,THU,3.17,399,1264.83,95.8
B006,B,apple,2021-04-01,THU,1,490,490,96
B006,B,apple,2021-04-02,FRI,1,481,481,87
B006,B,apple,2021-04-03,SAT,1,525,525,90.3
B006,B,apple,2021-04-04,SUN,1,532,532,95.2
B006,B,apple,2021-04-05,MON,,,,
B006,B,apple,2021-04-06,TUE,1,481,481,84.9
B006,B,apple,2021-04-07,WED,1,480,480,88.9
B006,B,apple,2021-04-08,THU,1,484,484,82.5
B006,B,apple,2021-04-09,FRI,1,478,478,95
B006,B,apple,2021-04-10,SAT,1,529,529,95
B006,B,apple,2021-04-11,SUN,1,526,526,92.9
B006,B,apple,2021-04-12,MON,,,,
B006,B,apple,2021-04-13,TUE,1,477,477,80.8
B006,B,apple,2021-04-14,WED,1,475,475,81.9
B006,B,apple,2021-04-15,THU,1,491,491,93.2
B006,B,apple,2021-04-16,FRI,1,475,475,97.6
B006,B,apple,2021-04-17,SAT,1,527,527,85.6
B006,B,apple,2021-04-18,SUN,1,525,525,86.1
B006,B,apple,2021-04-19,MON,,,,
B006,B,apple,2021-04-20,TUE,1,488,488,93.5
B006,B,apple,2021-04-21,WED,1,485,485,96.4
B006,B,apple,2021-04-22,THU,1,482,482,89.6
B006,B,apple,2021-04-23,FRI,1,479,479,97.6
B006,B,apple,2021-04-24,SAT,1,529,529,85.8
B006,B,apple,2021-04-25,SUN,1,526,526,94.9
B006,B,apple,2021-04-26,MON,,,,
B006,B,apple,2021-04-27,TUE,1,483,483,90.6
B006,B,apple,2021-04-28,WED,1,483,483,92
B006,B,apple,2021-04-29,THU,1.02,481,490.62,87.4
B006,B,apple,2021-04-30,FRI,1.02,489,498.78,93.7
B006,B,apple,2021-05-01,SAT,1.02,525,535.5,95.8
B006,B,apple,2021-05-02,SUN,1.02,528,538.56,92.6
B006,B,apple,2021-05-03,MON,,,,
B006,B,apple,2021-05-04,TUE,1.02,488,497.76,86.3
B006,B,apple,2021-05-05,WED,1.02,481,490.62,92.9
B006,B,apple,2021-05-06,THU,1.02,479,488.58,94.7
B006,B,apple,2021-05-07,FRI,1.02,481,490.62,86.6
B006,B,apple,2021-05-08,SAT,1.02,527,537.54,97.4
B006,B,apple,2021-05-09,SUN,1.02,525,535.5,90.2
B006,B,apple,2021-05-10,MON,,,,
B006,B,apple,2021-05-11,TUE,1.02,480,489.6,97
B006,B,apple,2021-05-12,WED,1.02,479,488.58,91
B006,B,apple,2021-05-13,THU,1.03,484,498.52,96.4
B006,B,apple,2021-05-14,FRI,1.03,488,502.64,96.6
B006,B,apple,2021-05-15,SAT,1.03,528,543.84,96.2
B006,B,apple,2021-05-16,SUN,1.03,532,547.96,96.6
B006,B,apple,2021-05-17,MON,,,,
B006,B,apple,2021-05-18,TUE,1.03,490,504.7,94.5
B006,B,apple,2021-05-19,WED,1.03,486,500.58,95.8
B006,B,apple,2021-05-20,THU,1.03,477,491.31,96
B006,B,apple,2021-05-21,FRI,1.03,479,493.37,92.8
B006,B,apple,2021-05-22,SAT,1.03,532,547.96,96
B006,B,apple,2021-05-23,SUN,1.03,531,546.93,95
B006,B,apple,2021-05-24,MON,,,,
B006,B,apple,2021-05-25,TUE,1.03,493,507.79,94.2
B006,B,apple,2021-05-26,WED,1.03,490,504.7,94.6
B006,B,apple,2021-05-27,THU,1.06,485,514.1,96.6
B006,B,apple,2021-05-28,FRI,1.06,487,516.22,95.9
B006,B,apple,2021-05-29,SAT,1.06,526,557.56,88.9
B006,B,apple,2021-05-30,SUN,1.06,524,555.44,98.6
B006,B,apple,2021-05-31,MON,,,,
B006,B,apple,2021-06-01,TUE,1.06,485,514.1,91.2
B006,B,apple,2021-06-02,WED,1.06,483,511.98,91.2
B006,B,apple,2021-06-03,THU,1.07,477,510.39,92.7
B006,B,apple,2021-06-04,FRI,1.07,490,524.3,94.5
B006,B,apple,2021-06-05,SAT,1.07,527,563.89,96.8
B006,B,apple,2021-06-06,SUN,1.07,530,567.1,95.1
B006,B,apple,2021-06-07,MON,,,,
B006,B,apple,2021-06-08,TUE,1.07,487,521.09,95.1
B006,B,apple,2021-06-09,WED,1.07,479,512.53,92.1
B006,B,apple,2021-06-10,THU,1.06,483,511.98,95.1
B006,B,apple,2021-06-11,FRI,1.06,483,511.98,93.9
B006,B,apple,2021-06-12,SAT,1.06,529,560.74,94
B006,B,apple,2021-06-13,SUN,1.06,531,562.86,88.8
B006,B,apple,2021-06-14,MON,,,,
B006,B,apple,2021-06-15,TUE,1.06,492,521.52,83.8
B006,B,apple,2021-06-16,WED,1.06,478,506.68,93.8
B006,B,apple,2021-06-17,THU,1.09,490,534.1,95.9
B006,B,apple,2021-06-18,FRI,1.09,488,531.92,97.3
B006,B,apple,2021-06-19,SAT,1.09,531,578.79,96.7
B006,B,apple,2021-06-20,SUN,1.09,532,579.88,96.7
B006,B,apple,2021-06-21,MON,,,,
B006,B,apple,2021-06-22,TUE,1.09,490,534.1,93.1
B006,B,apple,2021-06-23,WED,1.09,477,519.93,95.5
B006,B,apple,2021-06-24,THU,1.12,485,543.2,97
B006,B,apple,2021-06-25,FRI,1.12,490,548.8,97
B006,B,apple,2021-06-26,SAT,1.12,523,585.76,96
B006,B,apple,2021-06-27,SUN,1.12,531,594.72,98.1
B006,B,apple,2021-06-28,MON,,,,
B006,B,apple,2021-06-29,TUE,1.12,484,542.08,97.3
B006,B,apple,2021-06-30,WED,1.12,491,549.92,95
B006,B,apple,2021-07-01,THU,1.12,480,537.6,94.7
B006,B,apple,2021-07-02,FRI,1.12,477,534.24,98.1
B006,B,apple,2021-07-03,SAT,1.12,526,589.12,94.6
B006,B,apple,2021-07-04,SUN,1.12,525,588,95.9
B006,B,apple,2021-07-05,MON,,,,
B006,B,apple,2021-07-06,TUE,1.12,478,535.36,97.3
B006,B,apple,2021-07-07,WED,1.12,476,533.12,93.6
B006,B,apple,2021-07-08,THU,1.13,485,548.05,94.6
B006,B,apple,2021-07-09,FRI,1.13,483,545.79,96.7
B006,B,apple,2021-07-10,SAT,1.13,530,598.9,95.5
B006,B,apple,2021-07-11,SUN,1.13,525,593.25,98.4
B006,B,apple,2021-07-12,MON,,,,
B006,B,apple,2021-07-13,TUE,1.13,485,548.05,97
B006,B,apple,2021-07-14,WED,1.13,479,541.27,93.9
B006,B,apple,2021-07-15,THU,1.13,483,545.79,92.1
B006,B,apple,2021-07-16,FRI,1.13,492,555.96,95.4
B006,B,apple,2021-07-17,SAT,1.13,528,596.64,88.9
B006,B,apple,2021-07-18,SUN,1.13,529,597.77,93.2
B006,B,apple,2021-07-19,MON,,,,
B006,B,apple,2021-07-20,TUE,1.13,480,542.4,96.7
B006,B,apple,2021-07-21,WED,1.13,475,536.75,98.2
B006,B,apple,2021-07-22,THU,1.14,493,562.02,97.7
B006,B,apple,2021-07-23,FRI,1.14,476,542.64,95.4
B006,B,apple,2021-07-24,SAT,1.14,531,605.34,93.3
B006,B,apple,2021-07-25,SUN,1.14,531,605.34,97.8
B006,B,apple,2021-07-26,MON,,,,
B006,B,apple,2021-07-27,TUE,1.14,492,560.88,95
B006,B,apple,2021-07-28,WED,1.14,492,560.88,96
B006,B,apple,2021-07-29,THU,1.15,482,554.3,91.3
B006,B,apple,2021-07-30,FRI,1.15,483,555.45,96.5
B006,B,apple,2021-07-31,SAT,1.15,532,611.8,95.1
B006,B,apple,2021-08-01,SUN,1.15,524,602.6,96.5
B006,B,apple,2021-08-02,MON,,,,
B006,B,apple,2021-08-03,TUE,1.15,488,561.2,97.1
B006,B,apple,2021-08-04,WED,1.15,485,557.75,97.5
B006,B,apple,2021-08-05,THU,1.15,491,564.65,96.3
B006,B,apple,2021-08-06,FRI,1.15,480,552,94.5
B006,B,apple,2021-08-07,SAT,1.15,525,603.75,96
B006,B,apple,2021-08-08,SUN,1.15,526,604.9,91
B006,B,apple,2021-08-09,MON,,,,
B006,B,apple,2021-08-10,TUE,1.15,491,564.65,96.4
B006,B,apple,2021-08-11,WED,1.15,484,556.6,94.4
B006,B,apple,2021-08-12,THU,1.17,485,567.45,93
B006,B,apple,2021-08-13,FRI,1.17,492,575.64,91.8
B006,B,apple,2021-08-14,SAT,1.17,527,616.59,93.9
B006,B,apple,2021-08-15,SUN,1.17,531,621.27,95.9
B006,B,apple,2021-08-16,MON,,,,
B006,B,apple,2021-08-17,TUE,1.17,479,560.43,95.3
B006,B,apple,2021-08-18,WED,1.17,493,576.81,95.2
B006,B,apple,2021-08-19,THU,1.2,483,579.6,93.9
B006,B,apple,2021-08-20,FRI,1.2,480,576,94.9
B006,B,apple,2021-08-21,SAT,1.2,526,631.2,97.4
B006,B,apple,2021-08-22,SUN,1.2,531,637.2,97.4
B006,B,apple,2021-08-23,MON,,,,
B006,B,apple,2021-08-24,TUE,1.2,493,591.6,97.5
B006,B,apple,2021-08-25,WED,1.2,483,579.6,93.2
B006,B,apple,2021-08-26,THU,1.21,479,579.59,92.8
B006,B,apple,2021-08-27,FRI,1.21,493,596.53,89.4
B006,B,apple,2021-08-28,SAT,1.21,526,636.46,98
B006,B,apple,2021-08-29,SUN,1.21,530,641.3,96.9
B006,B,apple,2021-08-30,MON,,,,
B006,B,apple,2021-08-31,TUE,1.21,493,596.53,95.2
B006,B,apple,2021-09-01,WED,1.21,493,596.53,91.1
B006,B,apple,2021-09-02,THU,1.24,483,598.92,91.4
B006,B,apple,2021-09-03,FRI,1.24,490,607.6,89.7
B006,B,apple,2021-09-04,SAT,1.24,524,649.76,95
B006,B,apple,2021-09-05,SUN,1.24,525,651,95.7
B006,B,apple,2021-09-06,MON,,,,
B006,B,apple,2021-09-07,TUE,1.24,475,589,98.6
B006,B,apple,2021-09-08,WED,1.24,481,596.44,93.2
B006,B,apple,2021-09-09,THU,1.24,493,611.32,98.6
B006,B,apple,2021-09-10,FRI,1.24,487,603.88,94.8
B006,B,apple,2021-09-11,SAT,1.24,524,649.76,94.8
B006,B,apple,2021-09-12,SUN,1.24,526,652.24,94
B006,B,apple,2021-09-13,MON,,,,
B006,B,apple,2021-09-14,TUE,1.24,483,598.92,97.8
B006,B,apple,2021-09-15,WED,1.24,477,591.48,96.2
B006,B,apple,2021-09-16,THU,1.26,477,601.02,97.9
B006,B,apple,2021-09-17,FRI,1.26,485,611.1,98.4
B006,B,apple,2021-09-18,SAT,1.26,530,667.8,99.6
B006,B,apple,2021-09-19,SUN,1.26,528,665.28,98.1
B006,B,apple,2021-09-20,MON,,,,
B006,B,apple,2021-09-21,TUE,1.26,491,618.66,98.2
B006,B,apple,2021-09-22,WED,1.26,478,602.28,98.3
B006,B,apple,2021-09-23,THU,1.26,492,619.92,93.9
B006,B,apple,2021-09-24,FRI,1.26,492,619.92,98.4
B006,B,apple,2021-09-25,SAT,1.26,530,667.8,98.2
B006,B,apple,2021-09-26,SUN,1.26,527,664.02,99.3
B006,B,apple,2021-09-27,MON,,,,
B006,B,apple,2021-09-28,TUE,1.26,487,613.62,97
B006,B,apple,2021-09-29,WED,1.26,490,617.4,97
B006,B,apple,2021-09-30,THU,1.29,482,621.78,95.8
B006,B,banana,2021-04-01,THU,2.86,363,1038.18,96
B006,B,banana,2021-04-02,FRI,2.86,368,1052.48,87
B006,B,banana,2021-04-03,SAT,2.86,402,1149.72,90.3
B006,B,banana,2021-04-04,SUN,2.86,403,1152.58,95.2
B006,B,banana,2021-04-05,MON,,,,
B006,B,banana,2021-04-06,TUE,2.86,373,1066.78,84.9
B006,B,banana,2021-04-07,WED,2.86,366,1046.76,88.9
B006,B,banana,2021-04-08,THU,2.89,368,1063.52,82.5
B006,B,banana,2021-04-09,FRI,2.89,362,1046.18,95
B006,B,banana,2021-04-10,SAT,2.89,400,1156,95
B006,B,banana,2021-04-11,SUN,2.89,401,1158.89,92.9
B006,B,banana,2021-04-12,MON,,,,
B006,B,banana,2021-04-13,TUE,2.89,366,1057.74,80.8
B006,B,banana,2021-04-14,WED,2.89,368,1063.52,81.9
B006,B,banana,2021-04-15,THU,2.91,372,1082.52,93.2
B006,B,banana,2021-04-16,FRI,2.91,362,1053.42,97.6
B006,B,banana,2021-04-17,SAT,2.91,404,1175.64,85.6
B006,B,banana,2021-04-18,SUN,2.91,404,1175.64,86.1
B006,B,banana,2021-04-19,MON,,,,
B006,B,banana,2021-04-20,TUE,2.91,370,1076.7,93.5
B006,B,banana,2021-04-21,WED,2.91,361,1050.51,96.4
B006,B,banana,2021-04-22,THU,2.92,364,1062.88,89.6
B006,B,banana,2021-04-23,FRI,2.92,374,1092.08,97.6
B006,B,banana,2021-04-24,SAT,2.92,402,1173.84,85.8
B006,B,banana,2021-04-25,SUN,2.92,404,1179.68,94.9
B006,B,banana,2021-04-26,MON,,,,
B006,B,banana,2021-04-27,TUE,2.92,364,1062.88,90.6
B006,B,banana,2021-04-28,WED,2.92,366,1068.72,92
B006,B,banana,2021-04-29,THU,2.94,371,1090.74,87.4
B006,B,banana,2021-04-30,FRI,2.94,372,1093.68,93.7
B006,B,banana,2021-05-01,SAT,2.94,401,1178.94,95.8
B006,B,banana,2021-05-02,SUN,2.94,403,1184.82,92.6
B006,B,banana,2021-05-03,MON,,,,
B006,B,banana,2021-05-04,TUE,2.94,374,1099.56,86.3
B006,B,banana,2021-05-05,WED,2.94,370,1087.8,92.9
B006,B,banana,2021-05-06,THU,2.94,363,1067.22,94.7
B006,B,banana,2021-05-07,FRI,2.94,368,1081.92,86.6
B006,B,banana,2021-05-08,SAT,2.94,404,1187.76,97.4
B006,B,banana,2021-05-09,SUN,2.94,399,1173.06,90.2
B006,B,banana,2021-05-10,MON,,,,
B006,B,banana,2021-05-11,TUE,2.94,368,1081.92,97
B006,B,banana,2021-05-12,WED,2.94,366,1076.04,91
B006,B,banana,2021-05-13,THU,2.95,361,1064.95,96.4
B006,B,banana,2021-05-14,FRI,2.95,366,1079.7,96.6
B006,B,banana,2021-05-15,SAT,2.95,403,1188.85,96.2
B006,B,banana,2021-05-16,SUN,2.95,399,1177.05,96.6
B006,B,banana,2021-05-17,MON,,,,
B006,B,banana,2021-05-18,TUE,2.95,372,1097.4,94.5
B006,B,banana,2021-05-19,WED,2.95,363,1070.85,95.8
B006,B,banana,2021-05-20,THU,2.97,370,1098.9,96
B006,B,banana,2021-05-21,FRI,2.97,365,1084.05,92.8
B006,B,banana,2021-05-22,SAT,2.97,404,1199.88,96
B006,B,banana,2021-05-23,SUN,2.97,402,1193.94,95
B006,B,banana,2021-05-24,MON,,,,
B006,B,banana,2021-05-25,TUE,2.97,374,1110.78,94.2
B006,B,banana,2021-05-26,WED,2.97,375,1113.75,94.6
B006,B,banana,2021-05-27,THU,2.97,367,1089.99,96.6
B006,B,banana,2021-05-28,FRI,2.97,369,1095.93,95.9
B006,B,banana,2021-05-29,SAT,2.97,398,1182.06,88.9
B006,B,banana,2021-05-30,SUN,2.97,403,1196.91,98.6
B006,B,banana,2021-05-31,MON,,,,
B006,B,banana,2021-06-01,TUE,2.97,365,1084.05,91.2
B006,B,banana,2021-06-02,WED,2.97,373,1107.81,91.2
B006,B,banana,2021-06-03,THU,2.99,372,1112.28,92.7
B006,B,banana,2021-06-04,FRI,2.99,366,1094.34,94.5
B006,B,banana,2021-06-05,SAT,2.99,398,1190.02,96.8
B006,B,banana,2021-06-06,SUN,2.99,399,1193.01,95.1
B006,B,banana,2021-06-07,MON,,,,
B006,B,banana,2021-06-08,TUE,2.99,368,1100.32,95.1
B006,B,banana,2021-06-09,WED,2.99,362,1082.38,92.1
B006,B,banana,2021-06-10,THU,3.02,370,1117.4,95.1
B006,B,banana,2021-06-11,FRI,3.02,361,1090.22,93.9
B006,B,banana,2021-06-12,SAT,3.02,401,1211.02,94
B006,B,banana,2021-06-13,SUN,3.02,400,1208,88.8
B006,B,banana,2021-06-14,MON,,,,
B006,B,banana,2021-06-15,TUE,3.02,367,1108.34,83.8
B006,B,banana,2021-06-16,WED,3.02,368,1111.36,93.8
B006,B,banana,2021-06-17,THU,3.04,367,1115.68,95.9
B006,B,banana,2021-06-18,FRI,3.04,361,1097.44,97.3
B006,B,banana,2021-06-19,SAT,3.04,404,1228.16,96.7
B006,B,banana,2021-06-20,SUN,3.04,404,1228.16,96.7
B006,B,banana,2021-06-21,MON,,,,
B006,B,banana,2021-06-22,TUE,3.04,368,1118.72,93.1
B006,B,banana,2021-06-23,WED,3.04,368,1118.72,95.5
B006,B,banana,2021-06-24,THU,3.03,373,1130.19,97
B006,B,banana,2021-06-25,FRI,3.03,363,1099.89,97
B006,B,banana,2021-06-26,SAT,3.03,398,1205.94,96
B006,B,banana,2021-06-27,SUN,3.03,403,1221.09,98.1
B006,B,banana,2021-06-28,MON,,,,
B006,B,banana,2021-06-29,TUE,3.03,374,1133.22,97.3
B006,B,banana,2021-06-30,WED,3.03,368,1115.04,95
B006,B,banana,2021-07-01,THU,3.04,365,1109.6,94.7
B006,B,banana,2021-07-02,FRI,3.04,373,1133.92,98.1
B006,B,banana,2021-07-03,SAT,3.04,404,1228.16,94.6
B006,B,banana,2021-07-04,SUN,3.04,399,1212.96,95.9
B006,B,banana,2021-07-05,MON,,,,
B006,B,banana,2021-07-06,TUE,3.04,366,1112.64,97.3
B006,B,banana,2021-07-07,WED,3.04,370,1124.8,93.6
B006,B,banana,2021-07-08,THU,3.03,372,1127.16,94.6
B006,B,banana,2021-07-09,FRI,3.03,364,1102.92,96.7
B006,B,banana,2021-07-10,SAT,3.03,400,1212,95.5
B006,B,banana,2021-07-11,SUN,3.03,401,1215.03,98.4
B006,B,banana,2021-07-12,MON,,,,
B006,B,banana,2021-07-13,TUE,3.03,364,1102.92,97
B006,B,banana,2021-07-14,WED,3.03,370,1121.1,93.9
B006,B,banana,2021-07-15,THU,3.05,372,1134.6,92.1
B006,B,banana,2021-07-16,FRI,3.05,369,1125.45,95.4
B006,B,banana,2021-07-17,SAT,3.05,402,1226.1,88.9
B006,B,banana,2021-07-18,SUN,3.05,404,1232.2,93.2
B006,B,banana,2021-07-19,MON,,,,
B006,B,banana,2021-07-20,TUE,3.05,375,1143.75,96.7
B006,B,banana,2021-07-21,WED,3.05,373,1137.65,98.2
B006,B,banana,2021-07-22,THU,3.06,363,1110.78,97.7
B006,B,banana,2021-07-23,FRI,3.06,365,1116.9,95.4
B006,B,banana,2021-07-24,SAT,3.06,404,1236.24,93.3
B006,B,banana,2021-07-25,SUN,3.06,402,1230.12,97.8
B006,B,banana,2021-07-26,MON,,,,
B006,B,banana,2021-07-27,TUE,3.06,372,1138.32,95
B006,B,banana,2021-07-28,WED,3.06,361,1104.66,96
B006,B,banana,2021-07-29,THU,3.08,369,1136.52,91.3
B006,B,banana,2021-07-30,FRI,3.08,369,1136.52,96.5
B006,B,banana,2021-07-31,SAT,3.08,402,1238.16,95.1
B006,B,banana,2021-08-01,SUN,3.08,398,1225.84,96.5
B006,B,banana,2021-08-02,MON,,,,
B006,B,banana,2021-08-03,TUE,3.08,365,1124.2,97.1
B006,B,banana,2021-08-04,WED,3.08,369,1136.52,97.5
B006,B,banana,2021-08-05,THU,3.09,363,1121.67,96.3
B006,B,banana,2021-08-06,FRI,3.09,375,1158.75,94.5
B006,B,banana,2021-08-07,SAT,3.09,400,1236,96
B006,B,banana,2021-08-08,SUN,3.09,403,1245.27,91
B006,B,banana,2021-08-09,MON,,,,
B006,B,banana,2021-08-10,TUE,3.09,365,1127.85,96.4
B006,B,banana,2021-08-11,WED,3.09,370,1143.3,94.4
B006,B,banana,2021-08-12,THU,3.1,373,1156.3,93
B006,B,banana,2021-08-13,FRI,3.1,370,1147,91.8
B006,B,banana,2021-08-14,SAT,3.1,401,1243.1,93.9
B006,B,banana,2021-08-15,SUN,3.1,404,1252.4,95.9
B006,B,banana,2021-08-16,MON,,,,
B006,B,banana,2021-08-17,TUE,3.1,370,1147,95.3
B006,B,banana,2021-08-18,WED,3.1,373,1156.3,95.2
B006,B,banana,2021-08-19,THU,3.11,370,1150.7,93.9
B006,B,banana,2021-08-20,FRI,3.11,370,1150.7,94.9
B006,B,banana,2021-08-21,SAT,3.11,402,1250.22,97.4
B006,B,banana,2021-08-22,SUN,3.11,403,1253.33,97.4
B006,B,banana,2021-08-23,MON,,,,
B006,B,banana,2021-08-24,TUE,3.11,368,1144.48,97.5
B006,B,banana,2021-08-25,WED,3.11,371,1153.81,93.2
B006,B,banana,2021-08-26,THU,3.12,361,1126.32,92.8
B006,B,banana,2021-08-27,FRI,3.12,365,1138.8,89.4
B006,B,banana,2021-08-28,SAT,3.12,398,1241.76,98
B006,B,banana,2021-08-29,SUN,3.12,398,1241.76,96.9
B006,B,banana,2021-08-30,MON,,,,
B006,B,banana,2021-08-31,TUE,3.12,363,1132.56,95.2
B006,B,banana,2021-09-01,WED,3.12,367,1145.04,91.1
B006,B,banana,2021-09-02,THU,3.12,375,1170,91.4
B006,B,banana,2021-09-03,FRI,3.12,371,1157.52,89.7
B006,B,banana,2021-09-04,SAT,3.12,401,1251.12,95
B006,B,banana,2021-09-05,SUN,3.12,402,1254.24,95.7
B006,B,banana,2021-09-06,MON,,,,
B006,B,banana,2021-09-07,TUE,3.12,374,1166.88,98.6
B006,B,banana,2021-09-08,WED,3.12,367,1145.04,93.2
B006,B,banana,2021-09-09,THU,3.13,375,1173.75,98.6
B006,B,banana,2021-09-10,FRI,3.13,369,1154.97,94.8
B006,B,banana,2021-09-11,SAT,3.13,403,1261.39,94.8
B006,B,banana,2021-09-12,SUN,3.13,401,1255.13,94
B006,B,banana,2021-09-13,MON,,,,
B006,B,banana,2021-09-14,TUE,3.13,375,1173.75,97.8
B006,B,banana,2021-09-15,WED,3.13,362,1133.06,96.2
B006,B,banana,2021-09-16,THU,3.15,375,1181.25,97.9
B006,B,banana,2021-09-17,FRI,3.15,361,1137.15,98.4
B006,B,banana,2021-09-18,SAT,3.15,398,1253.7,99.6
B006,B,banana,2021-09-19,SUN,3.15,404,1272.6,98.1
B006,B,banana,2021-09-20,MON,,,,
B006,B,banana,2021-09-21,TUE,3.15,370,1165.5,98.2
B006,B,banana,2021-09-22,WED,3.15,361,1137.15,98.3
B006,B,banana,2021-09-23,THU,3.18,375,1192.5,93.9
B006,B,banana,2021-09-24,FRI,3.18,363,1154.34,98.4
B006,B,banana,2021-09-25,SAT,3.18,398,1265.64,98.2
B006,B,banana,2021-09-26,SUN,3.18,403,1281.54,99.3
B006,B,banana,2021-09-27,MON,,,,
B006,B,banana,2021-09-28,TUE,3.18,363,1154.34,97
B006,B,banana,2021-09-29,WED,3.18,374,1189.32,97
B006,B,banana,2021-09-30,THU,3.18,365,1160.7,95.8
B007,B,apple,2021-04-01,THU,1.03,326,335.78,96
B007,B,apple,2021-04-02,FRI,1.03,330,339.9,87
B007,B,apple,2021-04-03,SAT,1.03,354,364.62,90.3
B007,B,apple,2021-04-04,SUN,1.03,354,364.62,95.2
B007,B,apple,2021-04-05,MON,,,,
B007,B,apple,2021-04-06,TUE,1.03,327,336.81,84.9
B007,B,apple,2021-04-07,WED,1.03,326,335.78,88.9
B007,B,apple,2021-04-08,THU,1.04,326,339.04,82.5
B007,B,apple,2021-04-09,FRI,1.04,321,333.84,95
B007,B,apple,2021-04-10,SAT,1.04,353,367.12,95
B007,B,apple,2021-04-11,SUN,1.04,354,368.16,92.9
B007,B,apple,2021-04-12,MON,,,,
B007,B,apple,2021-04-13,TUE,1.04,324,336.96,80.8
B007,B,apple,2021-04-14,WED,1.04,325,338,81.9
B007,B,apple,2021-04-15,THU,1.07,320,342.4,93.2
B007,B,apple,2021-04-16,FRI,1.07,319,341.33,97.6
B007,B,apple,2021-04-17,SAT,1.07,355,379.85,85.6
B007,B,apple,2021-04-18,SUN,1.07,352,376.64,86.1
B007,B,apple,2021-04-19,MON,,,,
B007,B,apple,2021-04-20,TUE,1.07,329,352.03,93.5
B007,B,apple,2021-04-21,WED,1.07,323,345.61,96.4
B007,B,apple,2021-04-22,THU,1.07,330,353.1,89.6
B007,B,apple,2021-04-23,FRI,1.07,323,345.61,97.6
B007,B,apple,2021-04-24,SAT,1.07,354,378.78,85.8
B007,B,apple,2021-04-25,SUN,1.07,352,376.64,94.9
B007,B,apple,2021-04-26,MON,,,,
B007,B,apple,2021-04-27,TUE,1.07,319,341.33,90.6
B007,B,apple,2021-04-28,WED,1.07,321,343.47,92
B007,B,apple,2021-04-29,THU,1.1,319,350.9,87.4
B007,B,apple,2021-04-30,FRI,1.1,323,355.3,93.7
B007,B,apple,2021-05-01,SAT,1.1,350,385,95.8
B007,B,apple,2021-05-02,SUN,1.1,350,385,92.6
B007,B,apple,2021-05-03,MON,,,,
B007,B,apple,2021-05-04,TUE,1.1,321,353.1,86.3
B007,B,apple,2021-05-05,WED,1.1,325,357.5,92.9
B007,B,apple,2021-05-06,THU,1.1,323,355.3,94.7
B007,B,apple,2021-05-07,FRI,1.1,320,352,86.6
B007,B,apple,2021-05-08,SAT,1.1,350,385,97.4
B007,B,apple,2021-05-09,SUN,1.1,352,387.2,90.2
B007,B,apple,2021-05-10,MON,,,,
B007,B,apple,2021-05-11,TUE,1.1,330,363,97
B007,B,apple,2021-05-12,WED,1.1,322,354.2,91
B007,B,apple,2021-05-13,THU,1.11,319,354.09,96.4
B007,B,apple,2021-05-14,FRI,1.11,325,360.75,96.6
B007,B,apple,2021-05-15,SAT,1.11,351,389.61,96.2
B007,B,apple,2021-05-16,SUN,1.11,350,388.5,96.6
B007,B,apple,2021-05-17,MON,,,,
B007,B,apple,2021-05-18,TUE,1.11,321,356.31,94.5
B007,B,apple,2021-05-19,WED,1.11,326,361.86,95.8
B007,B,apple,2021-05-20,THU,1.12,319,357.28,96
B007,B,apple,2021-05-21,FRI,1.12,320,358.4,92.8
B007,B,apple,2021-05-22,SAT,1.12,353,395.36,96
B007,B,apple,2021-05-23,SUN,1.12,352,394.24,95
B007,B,apple,2021-05-24,MON,,,,
B007,B,apple,2021-05-25,TUE,1.12,326,365.12,94.2
B007,B,apple,2021-05-26,WED,1.12,320,358.4,94.6
B007,B,apple,2021-05-27,THU,1.12,320,358.4,96.6
B007,B,apple,2021-05-28,FRI,1.12,318,356.16,95.9
B007,B,apple,2021-05-29,SAT,1.12,353,395.36,88.9
B007,B,apple,2021-05-30,SUN,1.12,352,394.24,98.6
B007,B,apple,2021-05-31,MON,,,,
B007,B,apple,2021-06-01,TUE,1.12,321,359.52,91.2
B007,B,apple,2021-06-02,WED,1.12,319,357.28,91.2
B007,B,apple,2021-06-03,THU,1.12,326,365.12,92.7
B007,B,apple,2021-06-04,FRI,1.12,328,367.36,94.5
B007,B,apple,2021-06-05,SAT,1.12,354,396.48,96.8
B007,B,apple,2021-06-06,SUN,1.12,355,397.6,95.1
B007,B,apple,2021-06-07,MON,,,,
B007,B,apple,2021-06-08,TUE,1.12,322,360.64,95.1
B007,B,apple,2021-06-09,WED,1.12,327,366.24,92.1
B007,B,apple,2021-06-10,THU,1.14,323,368.22,95.1
B007,B,apple,2021-06-11,FRI,1.14,330,376.2,93.9
B007,B,apple,2021-06-12,SAT,1.14,354,403.56,94
B007,B,apple,2021-06-13,SUN,1.14,350,399,88.8
B007,B,apple,2021-06-14,MON,,,,
B007,B,apple,2021-06-15,TUE,1.14,322,367.08,83.8
B007,B,apple,2021-06-16,WED,1.14,328,373.92,93.8
B007,B,apple,2021-06-17,THU,1.16,330,382.8,95.9
B007,B,apple,2021-06-18,FRI,1.16,319,370.04,97.3
B007,B,apple,2021-06-19,SAT,1.16,355,411.8,96.7
B007,B,apple,2021-06-20,SUN,1.16,355,411.8,96.7
B007,B,apple,2021-06-21,MON,,,,
B007,B,apple,2021-06-22,TUE,1.16,321,372.36,93.1
B007,B,apple,2021-06-23,WED,1.16,326,378.16,95.5
B007,B,apple,2021-06-24,THU,1.18,318,375.24,97
B007,B,apple,2021-06-25,FRI,1.18,327,385.86,97
B007,B,apple,2021-06-26,SAT,1.18,351,414.18,96
B007,B,apple,2021-06-27,SUN,1.18,353,416.54,98.1
B007,B,apple,2021-06-28,MON,,,,
B007,B,apple,2021-06-29,TUE,1.18,328,387.04,97.3
B007,B,apple,2021-06-30,WED,1.18,325,383.5,95
B007,B,apple,2021-07-01,THU,1.18,318,375.24,94.7
B007,B,apple,2021-07-02,FRI,1.18,327,385.86,98.1
B007,B,apple,2021-07-03,SAT,1.18,354,417.72,94.6
B007,B,apple,2021-07-04,SUN,1.18,351,414.18,95.9
B007,B,apple,2021-07-05,MON,,,,
B007,B,apple,2021-07-06,TUE,1.18,319,376.42,97.3
B007,B,apple,2021-07-07,WED,1.18,328,387.04,93.6
B007,B,apple,2021-07-08,THU,1.21,325,393.25,94.6
B007,B,apple,2021-07-09,FRI,1.21,318,384.78,96.7
B007,B,apple,2021-07-10,SAT,1.21,351,424.71,95.5
B007,B,apple,2021-07-11,SUN,1.21,354,428.34,98.4
B007,B,apple,2021-07-12,MON,,,,
B007,B,apple,2021-07-13,TUE,1.21,328,396.88,97
B007,B,apple,2021-07-14,WED,1.21,322,389.62,93.9
B007,B,apple,2021-07-15,THU,1.21,326,394.46,92.1
B007,B,apple,2021-07-16,FRI,1.21,324,392.04,95.4
B007,B,apple,2021-07-17,SAT,1.21,355,429.55,88.9
B007,B,apple,2021-07-18,SUN,1.21,353,427.13,93.2
B007,B,apple,2021-07-19,MON,,,,
B007,B,apple,2021-07-20,TUE,1.21,325,393.25,96.7
B007,B,apple,2021-07-21,WED,1.21,327,395.67,98.2
B007,B,apple,2021-07-22,THU,1.24,321,398.04,97.7
B007,B,apple,2021-07-23,FRI,1.24,327,405.48,95.4
B007,B,apple,2021-07-24,SAT,1.24,355,440.2,93.3
B007,B,apple,2021-07-25,SUN,1.24,356,441.44,97.8
B007,B,apple,2021-07-26,MON,,,,
B007,B,apple,2021-07-27,TUE,1.24,320,396.8,95
B007,B,apple,2021-07-28,WED,1.24,322,399.28,96
B007,B,apple,2021-07-29,THU,1.27,320,406.4,91.3
B007,B,apple,2021-07-30,FRI,1.27,329,417.83,96.5
B007,B,apple,2021-07-31,SAT,1.27,352,447.04,95.1
B007,B,apple,2021-08-01,SUN,1.27,355,450.85,96.5
B007,B,apple,2021-08-02,MON,,,,
B007,B,apple,2021-08-03,TUE,1.27,324,411.48,97.1
B007,B,apple,2021-08-04,WED,1.27,322,408.94,97.5
B007,B,apple,2021-08-05,THU,1.28,323,413.44,96.3
B007,B,apple,2021-08-06,FRI,1.28,325,416,94.5
B007,B,apple,2021-08-07,SAT,1.28,353,451.84,96
B007,B,apple,2021-08-08,SUN,1.28,354,453.12,91
B007,B,apple,2021-08-09,MON,,,,
B007,B,apple,2021-08-10,TUE,1.28,329,421.12,96.4
B007,B,apple,2021-08-11,WED,1.28,323,413.44,94.4
B007,B,apple,2021-08-12,THU,1.27,328,416.56,93
B007,B,apple,2021-08-13,FRI,1.27,328,416.56,91.8
B007,B,apple,2021-08-14,SAT,1.27,353,448.31,93.9
B007,B,apple,2021-08-15,SUN,1.27,354,449.58,95.9
B007,B,apple,2021-08-16,MON,,,,
B007,B,apple,2021-08-17,TUE,1.27,330,419.1,95.3
B007,B,apple,2021-08-18,WED,1.27,320,406.4,95.2
B007,B,apple,2021-08-19,THU,1.29,326,420.54,93.9
B007,B,apple,2021-08-20,FRI,1.29,328,423.12,94.9
B007,B,apple,2021-08-21,SAT,1.29,351,452.79,97.4
B007,B,apple,2021-08-22,SUN,1.29,356,459.24,97.4
B007,B,apple,2021-08-23,MON,,,,
B007,B,apple,2021-08-24,TUE,1.29,328,423.12,97.5
B007,B,apple,2021-08-25,WED,1.29,326,420.54,93.2
B007,B,apple,2021-08-26,THU,1.31,319,417.89,92.8
B007,B,apple,2021-08-27,FRI,1.31,330,432.3,89.4
B007,B,apple,2021-08-28,SAT,1.31,352,461.12,98
B007,B,apple,2021-08-29,SUN,1.31,354,463.74,96.9
B007,B,apple,2021-08-30,MON,,,,
B007,B,apple,2021-08-31,TUE,1.31,324,424.44,95.2
B007,B,apple,2021-09-01,WED,1.31,330,432.3,91.1
B007,B,apple,2021-09-02,THU,1.3,320,416,91.4
B007,B,apple,2021-09-03,FRI,1.3,320,416,89.7
B007,B,apple,2021-09-04,SAT,1.3,355,461.5,95
B007,B,apple,2021-09-05,SUN,1.3,351,456.3,95.7
B007,B,apple,2021-09-06,MON,,,,
B007,B,apple,2021-09-07,TUE,1.3,321,417.3,98.6
B007,B,apple,2021-09-08,WED,1.3,318,413.4,93.2
B007,B,apple,2021-09-09,THU,1.31,323,423.13,98.6
B007,B,apple,2021-09-10,FRI,1.31,321,420.51,94.8
B007,B,apple,2021-09-11,SAT,1.31,354,463.74,94.8
B007,B,apple,2021-09-12,SUN,1.31,353,462.43,94
B007,B,apple,2021-09-13,MON,,,,
B007,B,apple,2021-09-14,TUE,1.31,329,430.99,97.8
B007,B,apple,2021-09-15,WED,1.31,325,425.75,96.2
B007,B,apple,2021-09-16,THU,1.32,322,425.04,97.9
B007,B,apple,2021-09-17,FRI,1.32,330,435.6,98.4
B007,B,apple,2021-09-18,SAT,1.32,351,463.32,99.6
B007,B,apple,2021-09-19,SUN,1.32,355,468.6,98.1
B007,B,apple,2021-09-20,MON,,,,
B007,B,apple,2021-09-21,TUE,1.32,323,426.36,98.2
B007,B,apple,2021-09-22,WED,1.32,323,426.36,98.3
B007,B,apple,2021-09-23,THU,1.32,318,419.76,93.9
B007,B,apple,2021-09-24,FRI,1.32,329,434.28,98.4
B007,B,apple,2021-09-25,SAT,1.32,355,468.6,98.2
B007,B,apple,2021-09-26,SUN,1.32,353,465.96,99.3
B007,B,apple,2021-09-27,MON,,,,
B007,B,apple,2021-09-28,TUE,1.32,324,427.68,97
B007,B,apple,2021-09-29,WED,1.32,324,427.68,97
B007,B,apple,2021-09-30,THU,1.35,327,441.45,95.8
B007,B,banana,2021-04-01,THU,2.32,358,830.56,96
B007,B,banana,2021-04-02,FRI,2.32,357,828.24,87
B007,B,banana,2021-04-03,SAT,2.32,399,925.68,90.3
B007,B,banana,2021-04-04,SUN,2.32,393,911.76,95.2
B007,B,banana,2021-04-05,MON,,,,
B007,B,banana,2021-04-06,TUE,2.32,360,835.2,84.9
B007,B,banana,2021-04-07,WED,2.32,367,851.44,88.9
B007,B,banana,2021-04-08,THU,2.35,369,867.15,82.5
B007,B,banana,2021-04-09,FRI,2.35,363,853.05,95
B007,B,banana,2021-04-10,SAT,2.35,393,923.55,95
B007,B,banana,2021-04-11,SUN,2.35,397,932.95,92.9
B007,B,banana,2021-04-12,MON,,,,
B007,B,banana,2021-04-13,TUE,2.35,363,853.05,80.8
B007,B,banana,2021-04-14,WED,2.35,363,853.05,81.9
B007,B,banana,2021-04-15,THU,2.35,361,848.35,93.2
B007,B,banana,2021-04-16,FRI,2.35,364,855.4,97.6
B007,B,banana,2021-04-17,SAT,2.35,393,923.55,85.6
B007,B,banana,2021-04-18,SUN,2.35,395,928.25,86.1
B007,B,banana,2021-04-19,MON,,,,
B007,B,banana,2021-04-20,TUE,2.35,362,850.7,93.5
B007,B,banana,2021-04-21,WED,2.35,367,862.45,96.4
B007,B,banana,2021-04-22,THU,2.36,364,859.04,89.6
B007,B,banana,2021-04-23,FRI,2.36,362,854.32,97.6
B007,B,banana,2021-04-24,SAT,2.36,399,941.64,85.8
B007,B,banana,2021-04-25,SUN,2.36,399,941.64,94.9
B007,B,banana,2021-04-26,MON,,,,
B007,B,banana,2021-04-27,TUE,2.36,357,842.52,90.6
B007,B,banana,2021-04-28,WED,2.36,368,868.48,92
B007,B,banana,2021-04-29,THU,2.39,360,860.4,87.4
B007,B,banana,2021-04-30,FRI,2.39,361,862.79,93.7
B007,B,banana,2021-05-01,SAT,2.39,393,939.27,95.8
B007,B,banana,2021-05-02,SUN,2.39,396,946.44,92.6
B007,B,banana,2021-05-03,MON,,,,
B007,B,banana,2021-05-04,TUE,2.39,358,855.62,86.3
B007,B,banana,2021-05-05,WED,2.39,356,850.84,92.9
B007,B,banana,2021-05-06,THU,2.4,366,878.4,94.7
B007,B,banana,2021-05-07,FRI,2.4,362,868.8,86.6
B007,B,banana,2021-05-08,SAT,2.4,397,952.8,97.4
B007,B,banana,2021-05-09,SUN,2.4,399,957.6,90.2
B007,B,banana,2021-05-10,MON,,,,
B007,B,banana,2021-05-11,TUE,2.4,361,866.4,97
B007,B,banana,2021-05-12,WED,2.4,370,888,91
B007,B,banana,2021-05-13,THU,2.4,359,861.6,96.4
B007,B,banana,2021-05-14,FRI,2.4,363,871.2,96.6
B007,B,banana,2021-05-15,SAT,2.4,396,950.4,96.2
B007,B,banana,2021-05-16,SUN,2.4,397,952.8,96.6
B007,B,banana,2021-05-17,MON,,,,
B007,B,banana,2021-05-18,TUE,2.4,367,880.8,94.5
B007,B,banana,2021-05-19,WED,2.4,363,871.2,95.8
B007,B,banana,2021-05-20,THU,2.39,363,867.57,96
B007,B,banana,2021-05-21,FRI,2.39,362,865.18,92.8
B007,B,banana,2021-05-22,SAT,2.39,398,951.22,96
B007,B,banana,2021-05-23,SUN,2.39,396,946.44,95
B007,B,banana,2021-05-24,MON,,,,
B007,B,banana,2021-05-25,TUE,2.39,368,879.52,94.2
B007,B,banana,2021-05-26,WED,2.39,360,860.4,94.6
B007,B,banana,2021-05-27,THU,2.41,361,870.01,96.6
B007,B,banana,2021-05-28,FRI,2.41,361,870.01,95.9
B007,B,banana,2021-05-29,SAT,2.41,393,947.13,88.9
B007,B,banana,2021-05-30,SUN,2.41,394,949.54,98.6
B007,B,banana,2021-05-31,MON,,,,
B007,B,banana,2021-06-01,TUE,2.41,364,877.24,91.2
B007,B,banana,2021-06-02,WED,2.41,359,865.19,91.2
B007,B,banana,2021-06-03,THU,2.44,367,895.48,92.7
B007,B,banana,2021-06-04,FRI,2.44,363,885.72,94.5
B007,B,banana,2021-06-05,SAT,2.44,395,963.8,96.8
B007,B,banana,2021-06-06,SUN,2.44,399,973.56,95.1
B007,B,banana,2021-06-07,MON,,,,
B007,B,banana,2021-06-08,TUE,2.44,362,883.28,95.1
B007,B,banana,2021-06-09,WED,2.44,362,883.28,92.1
B007,B,banana,2021-06-10,THU,2.44,359,875.96,95.1
B007,B,banana,2021-06-11,FRI,2.44,367,895.48,93.9
B007,B,banana,2021-06-12,SAT,2.44,393,958.92,94
B007,B,banana,2021-06-13,SUN,2.44,397,968.68,88.8
B007,B,banana,2021-06-14,MON,,,,
B007,B,banana,2021-06-15,TUE,2.44,358,873.52,83.8
B007,B,banana,2021-06-16,WED,2.44,357,871.08,93.8
B007,B,banana,2021-06-17,THU,2.46,367,902.82,95.9
B007,B,banana,2021-06-18,FRI,2.46,357,878.22,97.3
B007,B,banana,2021-06-19,SAT,2.46,398,979.08,96.7
B007,B,banana,2021-06-20,SUN,2.46,395,971.7,96.7
B007,B,banana,2021-06-21,MON,,,,
B007,B,banana,2021-06-22,TUE,2.46,367,902.82,93.1
B007,B,banana,2021-06-23,WED,2.46,358,880.68,95.5
B007,B,banana,2021-06-24,THU,2.49,369,918.81,97
B007,B,banana,2021-06-25,FRI,2.49,359,893.91,97
B007,B,banana,2021-06-26,SAT,2.49,395,983.55,96
B007,B,banana,2021-06-27,SUN,2.49,397,988.53,98.1
B007,B,banana,2021-06-28,MON,,,,
B007,B,banana,2021-06-29,TUE,2.49,360,896.4,97.3
B007,B,banana,2021-06-30,WED,2.49,356,886.44,95
B007,B,banana,2021-07-01,THU,2.5,362,905,94.7
B007,B,banana,2021-07-02,FRI,2.5,369,922.5,98.1
B007,B,banana,2021-07-03,SAT,2.5,394,985,94.6
B007,B,banana,2021-07-04,SUN,2.5,394,985,95.9
B007,B,banana,2021-07-05,MON,,,,
B007,B,banana,2021-07-06,TUE,2.5,370,925,97.3
B007,B,banana,2021-07-07,WED,2.5,358,895,93.6
B007,B,banana,2021-07-08,THU,2.49,359,893.91,94.6
B007,B,banana,2021-07-09,FRI,2.49,357,888.93,96.7
B007,B,banana,2021-07-10,SAT,2.49,394,981.06,95.5
B007,B,banana,2021-07-11,SUN,2.49,395,983.55,98.4
B007,B,banana,2021-07-12,MON,,,,
B007,B,banana,2021-07-13,TUE,2.49,360,896.4,97
B007,B,banana,2021-07-14,WED,2.49,360,896.4,93.9
B007,B,banana,2021-07-15,THU,2.51,365,916.15,92.1
B007,B,banana,2021-07-16,FRI,2.51,364,913.64,95.4
B007,B,banana,2021-07-17,SAT,2.51,397,996.47,88.9
B007,B,banana,2021-07-18,SUN,2.51,395,991.45,93.2
B007,B,banana,2021-07-19,MON,,,,
B007,B,banana,2021-07-20,TUE,2.51,369,926.19,96.7
B007,B,banana,2021-07-21,WED,2.51,363,911.13,98.2
B007,B,banana,2021-07-22,THU,2.53,356,900.68,97.7
B007,B,banana,2021-07-23,FRI,2.53,365,923.45,95.4
B007,B,banana,2021-07-24,SAT,2.53,396,1001.88,93.3
B007,B,banana,2021-07-25,SUN,2.53,393,994.29,97.8
B007,B,banana,2021-07-26,MON,,,,
B007,B,banana,2021-07-27,TUE,2.53,356,900.68,95
B007,B,banana,2021-07-28,WED,2.53,360,910.8,96
B007,B,banana,2021-07-29,THU,2.55,366,933.3,91.3
B007,B,banana,2021-07-30,FRI,2.55,365,930.75,96.5
B007,B,banana,2021-07-31,SAT,2.55,392,999.6,95.1
B007,B,banana,2021-08-01,SUN,2.55,397,1012.35,96.5
B007,B,banana,2021-08-02,MON,,,,
B007,B,banana,2021-08-03,TUE,2.55,359,915.45,97.1
B007,B,banana,2021-08-04,WED,2.55,369,940.95,97.5
B007,B,banana,2021-08-05,THU,2.55,364,928.2,96.3
B007,B,banana,2021-08-06,FRI,2.55,363,925.65,94.5
B007,B,banana,2021-08-07,SAT,2.55,394,1004.7,96
B007,B,banana,2021-08-08,SUN,2.55,393,1002.15,91
B007,B,banana,2021-08-09,MON,,,,
B007,B,banana,2021-08-10,TUE,2.55,366,933.3,96.4
B007,B,banana,2021-08-11,WED,2.55,359,915.45,94.4
B007,B,banana,2021-08-12,THU,2.58,360,928.8,93
B007,B,banana,2021-08-13,FRI,2.58,360,928.8,91.8
B007,B,banana,2021-08-14,SAT,2.58,392,1011.36,93.9
B007,B,banana,2021-08-15,SUN,2.58,397,1024.26,95.9
B007,B,banana,2021-08-16,MON,,,,
B007,B,banana,2021-08-17,TUE,2.58,366,944.28,95.3
B007,B,banana,2021-08-18,WED,2.58,363,936.54,95.2
B007,B,banana,2021-08-19,THU,2.6,362,941.2,93.9
B007,B,banana,2021-08-20,FRI,2.6,359,933.4,94.9
B007,B,banana,2021-08-21,SAT,2.6,395,1027,97.4
B007,B,banana,2021-08-22,SUN,2.6,395,1027,97.4
B007,B,banana,2021-08-23,MON,,,,
B007,B,banana,2021-08-24,TUE,2.6,359,933.4,97.5
B007,B,banana,2021-08-25,WED,2.6,368,956.8,93.2
B007,B,banana,2021-08-26,THU,2.62,360,943.2,92.8
B007,B,banana,2021-08-27,FRI,2.62,366,958.92,89.4
B007,B,banana,2021-08-28,SAT,2.62,395,1034.9,98
B007,B,banana,2021-08-29,SUN,2.62,393,1029.66,96.9
B007,B,banana,2021-08-30,MON,,,,
B007,B,banana,2021-08-31,TUE,2.62,357,935.34,95.2
B007,B,banana,2021-09-01,WED,2.62,356,932.72,91.1
B007,B,banana,2021-09-02,THU,2.63,367,965.21,91.4
B007,B,banana,2021-09-03,FRI,2.63,357,938.91,89.7
B007,B,banana,2021-09-04,SAT,2.63,394,1036.22,95
B007,B,banana,2021-09-05,SUN,2.63,394,1036.22,95.7
B007,B,banana,2021-09-06,MON,,,,
B007,B,banana,2021-09-07,TUE,2.63,365,959.95,98.6
B007,B,banana,2021-09-08,WED,2.63,361,949.43,93.2
B007,B,banana,2021-09-09,THU,2.63,364,957.32,98.6
B007,B,banana,2021-09-10,FRI,2.63,369,970.47,94.8
B007,B,banana,2021-09-11,SAT,2.63,393,1033.59,94.8
B007,B,banana,2021-09-12,SUN,2.63,394,1036.22,94
B007,B,banana,2021-09-13,MON,,,,
B007,B,banana,2021-09-14,TUE,2.63,368,967.84,97.8
B007,B,banana,2021-09-15,WED,2.63,364,957.32,96.2
B007,B,banana,2021-09-16,THU,2.65,370,980.5,97.9
B007,B,banana,2021-09-17,FRI,2.65,356,943.4,98.4
B007,B,banana,2021-09-18,SAT,2.65,393,1041.45,99.6
B007,B,banana,2021-09-19,SUN,2.65,398,1054.7,98.1
B007,B,banana,2021-09-20,MON,,,,
B007,B,banana,2021-09-21,TUE,2.65,359,951.35,98.2
B007,B,banana,2021-09-22,WED,2.65,356,943.4,98.3
B007,B,banana,2021-09-23,THU,2.66,370,984.2,93.9
B007,B,banana,2021-09-24,FRI,2.66,361,960.26,98.4
B007,B,banana,2021-09-25,SAT,2.66,396,1053.36,98.2
B007,B,banana,2021-09-26,SUN,2.66,395,1050.7,99.3
B007,B,banana,2021-09-27,MON,,,,
B007,B,banana,2021-09-28,TUE,2.66,357,949.62,97
B007,B,banana,2021-09-29,WED,2.66,366,973.56,97
B007,B,banana,2021-09-30,THU,2.68,367,983.56,95.8
B007,B,cherry,2021-04-01,THU,5.84,332,1938.88,96
B007,B,cherry,2021-04-02,FRI,5.84,334,1950.56,87
B007,B,cherry,2021-04-03,SAT,5.84,363,2119.92,90.3
B007,B,cherry,2021-04-04,SUN,5.84,360,2102.4,95.2
B007,B,cherry,2021-04-05,MON,,,,
B007,B,cherry,2021-04-06,TUE,5.84,329,1921.36,84.9
B007,B,cherry,2021-04-07,WED,5.84,334,1950.56,88.9
B007,B,cherry,2021-04-08,THU,5.85,335,1959.75,82.5
B007,B,cherry,2021-04-09,FRI,5.85,326,1907.1,95
B007,B,cherry,2021-04-10,SAT,5.85,359,2100.15,95
B007,B,cherry,2021-04-11,SUN,5.85,358,2094.3,92.9
B007,B,cherry,2021-04-12,MON,,,,
B007,B,cherry,2021-04-13,TUE,5.85,327,1912.95,80.8
B007,B,cherry,2021-04-14,WED,5.85,329,1924.65,81.9
B007,B,cherry,2021-04-15,THU,5.85,328,1918.8,93.2
B007,B,cherry,2021-04-16,FRI,5.85,330,1930.5,97.6
B007,B,cherry,2021-04-17,SAT,5.85,363,2123.55,85.6
B007,B,cherry,2021-04-18,SUN,5.85,359,2100.15,86.1
B007,B,cherry,2021-04-19,MON,,,,
B007,B,cherry,2021-04-20,TUE,5.85,333,1948.05,93.5
B007,B,cherry,2021-04-21,WED,5.85,330,1930.5,96.4
B007,B,cherry,2021-04-22,THU,5.85,329,1924.65,89.6
B007,B,cherry,2021-04-23,FRI,5.85,331,1936.35,97.6
B007,B,cherry,2021-04-24,SAT,5.85,358,2094.3,85.8
B007,B,cherry,2021-04-25,SUN,5.85,358,2094.3,94.9
B007,B,cherry,2021-04-26,MON,,,,
B007,B,cherry,2021-04-27,TUE,5.85,335,1959.75,90.6
B007,B,cherry,2021-04-28,WED,5.85,336,1965.6,92
B007,B,cherry,2021-04-29,THU,5.88,337,1981.56,87.4
B007,B,cherry,2021-04-30,FRI,5.88,337,1981.56,93.7
B007,B,cherry,2021-05-01,SAT,5.88,359,2110.92,95.8
B007,B,cherry,2021-05-02,SUN,5.88,360,2116.8,92.6
B007,B,cherry,2021-05-03,MON,,,,
B007,B,cherry,2021-05-04,TUE,5.88,331,1946.28,86.3
B007,B,cherry,2021-05-05,WED,5.88,325,1911,92.9
B007,B,cherry,2021-05-06,THU,5.89,331,1949.59,94.7
B007,B,cherry,2021-05-07,FRI,5.89,337,1984.93,86.6
B007,B,cherry,2021-05-08,SAT,5.89,363,2138.07,97.4
B007,B,cherry,2021-05-09,SUN,5.89,358,2108.62,90.2
B007,B,cherry,2021-05-10,MON,,,,
B007,B,cherry,2021-05-11,TUE,5.89,329,1937.81,97
B007,B,cherry,2021-05-12,WED,5.89,328,1931.92,91
B007,B,cherry,2021-05-13,THU,5.91,333,1968.03,96.4
B007,B,cherry,2021-05-14,FRI,5.91,325,1920.75,96.6
B007,B,cherry,2021-05-15,SAT,5.91,361,2133.51,96.2
B007,B,cherry,2021-05-16,SUN,5.91,360,2127.6,96.6
B007,B,cherry,2021-05-17,MON,,,,
B007,B,cherry,2021-05-18,TUE,5.91,335,1979.85,94.5
B007,B,cherry,2021-05-19,WED,5.91,333,1968.03,95.8
B007,B,cherry,2021-05-20,THU,5.92,337,1995.04,96
B007,B,cherry,2021-05-21,FRI,5.92,334,1977.28,92.8
B007,B,cherry,2021-05-22,SAT,5.92,361,2137.12,96
B007,B,cherry,2021-05-23,SUN,5.92,361,2137.12,95
B007,B,cherry,2021-05-24,MON,,,,
B007,B,cherry,2021-05-25,TUE,5.92,325,1924,94.2
B007,B,cherry,2021-05-26,WED,5.92,332,1965.44,94.6
B007,B,cherry,2021-05-27,THU,5.92,325,1924,96.6
B007,B,cherry,2021-05-28,FRI,5.92,333,1971.36,95.9
B007,B,cherry,2021-05-29,SAT,5.92,358,2119.36,88.9
B007,B,cherry,2021-05-30,SUN,5.92,362,2143.04,98.6
B007,B,cherry,2021-05-31,MON,,,,
B007,B,cherry,2021-06-01,TUE,5.92,327,1935.84,91.2
B007,B,cherry,2021-06-02,WED,5.92,332,1965.44,91.2
B007,B,cherry,2021-06-03,THU,5.94,337,2001.78,92.7
B007,B,cherry,2021-06-04,FRI,5.94,326,1936.44,94.5
B007,B,cherry,2021-06-05,SAT,5.94,364,2162.16,96.8
B007,B,cherry,2021-06-06,SUN,5.94,358,2126.52,95.1
B007,B,cherry,2021-06-07,MON,,,,
B007,B,cherry,2021-06-08,TUE,5.94,325,1930.5,95.1
B007,B,cherry,2021-06-09,WED,5.94,333,1978.02,92.1
B007,B,cherry,2021-06-10,THU,5.96,335,1996.6,95.1
B007,B,cherry,2021-06-11,FRI,5.96,336,2002.56,93.9
B007,B,cherry,2021-06-12,SAT,5.96,358,2133.68,94
B007,B,cherry,2021-06-13,SUN,5.96,363,2163.48,88.8
B007,B,cherry,2021-06-14,MON,,,,
B007,B,cherry,2021-06-15,TUE,5.96,335,1996.6,83.8
B007,B,cherry,2021-06-16,WED,5.96,329,1960.84,93.8
B007,B,cherry,2021-06-17,THU,5.98,326,1949.48,95.9
B007,B,cherry,2021-06-18,FRI,5.98,333,1991.34,97.3
B007,B,cherry,2021-06-19,SAT,5.98,363,2170.74,96.7
B007,B,cherry,2021-06-20,SUN,5.98,362,2164.76,96.7
B007,B,cherry,2021-06-21,MON,,,,
B007,B,cherry,2021-06-22,TUE,5.98,335,2003.3,93.1
B007,B,cherry,2021-06-23,WED,5.98,328,1961.44,95.5
B007,B,cherry,2021-06-24,THU,6.01,332,1995.32,97
B007,B,cherry,2021-06-25,FRI,6.01,335,2013.35,97
B007,B,cherry,2021-06-26,SAT,6.01,364,2187.64,96
B007,B,cherry,2021-06-27,SUN,6.01,363,2181.63,98.1
B007,B,cherry,2021-06-28,MON,,,,
B007,B,cherry,2021-06-29,TUE,6.01,328,1971.28,97.3
B007,B,cherry,2021-06-30,WED,6.01,328,1971.28,95
B007,B,cherry,2021-07-01,THU,6.03,333,2007.99,94.7
B007,B,cherry,2021-07-02,FRI,6.03,330,1989.9,98.1
B007,B,cherry,2021-07-03,SAT,6.03,359,2164.77,94.6
B007,B,cherry,2021-07-04,SUN,6.03,358,2158.74,95.9
B007,B,cherry,2021-07-05,MON,,,,
B007,B,cherry,2021-07-06,TUE,6.03,336,2026.08,97.3
B007,B,cherry,2021-07-07,WED,6.03,327,1971.81,93.6
B007,B,cherry,2021-07-08,THU,6.06,328,1987.68,94.6
B007,B,cherry,2021-07-09,FRI,6.06,326,1975.56,96.7
B007,B,cherry,2021-07-10,SAT,6.06,361,2187.66,95.5
B007,B,cherry,2021-07-11,SUN,6.06,359,2175.54,98.4
B007,B,cherry,2021-07-12,MON,,,,
B007,B,cherry,2021-07-13,TUE,6.06,325,1969.5,97
B007,B,cherry,2021-07-14,WED,6.06,338,2048.28,93.9
B007,B,cherry,2021-07-15,THU,6.06,332,2011.92,92.1
B007,B,cherry,2021-07-16,FRI,6.06,334,2024.04,95.4
B007,B,cherry,2021-07-17,SAT,6.06,359,2175.54,88.9
B007,B,cherry,2021-07-18,SUN,6.06,364,2205.84,93.2
B007,B,cherry,2021-07-19,MON,,,,
B007,B,cherry,2021-07-20,TUE,6.06,337,2042.22,96.7
B007,B,cherry,2021-07-21,WED,6.06,337,2042.22,98.2
B007,B,cherry,2021-07-22,THU,6.05,329,1990.45,97.7
B007,B,cherry,2021-07-23,FRI,6.05,335,2026.75,95.4
B007,B,cherry,2021-07-24,SAT,6.05,359,2171.95,93.3
B007,B,cherry,2021-07-25,SUN,6.05,363,2196.15,97.8
B007,B,cherry,2021-07-26,MON,,,,
B007,B,cherry,2021-07-27,TUE,6.05,326,1972.3,95
B007,B,cherry,2021-07-28,WED,6.05,324,1960.2,96
B007,B,cherry,2021-07-29,THU,6.07,335,2033.45,91.3
B007,B,cherry,2021-07-30,FRI,6.07,325,1972.75,96.5
B007,B,cherry,2021-07-31,SAT,6.07,358,2173.06,95.1
B007,B,cherry,2021-08-01,SUN,6.07,364,2209.48,96.5
B007,B,cherry,2021-08-02,MON,,,,
B007,B,cherry,2021-08-03,TUE,6.07,327,1984.89,97.1
B007,B,cherry,2021-08-04,WED,6.07,336,2039.52,97.5
B007,B,cherry,2021-08-05,THU,6.08,327,1988.16,96.3
B007,B,cherry,2021-08-06,FRI,6.08,334,2030.72,94.5
B007,B,cherry,2021-08-07,SAT,6.08,360,2188.8,96
B007,B,cherry,2021-08-08,SUN,6.08,360,2188.8,91
B007,B,cherry,2021-08-09,MON,,,,
B007,B,cherry,2021-08-10,TUE,6.08,333,2024.64,96.4
B007,B,cherry,2021-08-11,WED,6.08,325,1976,94.4
B007,B,cherry,2021-08-12,THU,6.09,328,1997.52,93
B007,B,cherry,2021-08-13,FRI,6.09,330,2009.7,91.8
B007,B,cherry,2021-08-14,SAT,6.09,360,2192.4,93.9
B007,B,cherry,2021-08-15,SUN,6.09,360,2192.4,95.9
B007,B,cherry,2021-08-16,MON,,,,
B007,B,cherry,2021-08-17,TUE,6.09,325,1979.25,95.3
B007,B,cherry,2021-08-18,WED,6.09,333,2027.97,95.2
B007,B,cherry,2021-08-19,THU,6.1,330,2013,93.9
B007,B,cherry,2021-08-20,FRI,6.1,337,2055.7,94.9
B007,B,cherry,2021-08-21,SAT,6.1,362,2208.2,97.4
B007,B,cherry,2021-08-22,SUN,6.1,360,2196,97.4
B007,B,cherry,2021-08-23,MON,,,,
B007,B,cherry,2021-08-24,TUE,6.1,336,2049.6,97.5
B007,B,cherry,2021-08-25,WED,6.1,333,2031.3,93.2
B007,B,cherry,2021-08-26,THU,6.13,334,2047.42,92.8
B007,B,cherry,2021-08-27,FRI,6.13,335,2053.55,89.4
B007,B,cherry,2021-08-28,SAT,6.13,364,2231.32,98
B007,B,cherry,2021-08-29,SUN,6.13,361,2212.93,96.9
B007,B,cherry,2021-08-30,MON,,,,
B007,B,cherry,2021-08-31,TUE,6.13,332,2035.16,95.2
B007,B,cherry,2021-09-01,WED,6.13,331,2029.03,91.1
B007,B,cherry,2021-09-02,THU,6.14,326,2001.64,91.4
B007,B,cherry,2021-09-03,FRI,6.14,332,2038.48,89.7
B007,B,cherry,2021-09-04,SAT,6.14,358,2198.12,95
B007,B,cherry,2021-09-05,SUN,6.14,358,2198.12,95.7
B007,B,cherry,2021-09-06,MON,,,,
B007,B,cherry,2021-09-07,TUE,6.14,333,2044.62,98.6
B007,B,cherry,2021-09-08,WED,6.14,334,2050.76,93.2
B007,B,cherry,2021-09-09,THU,6.14,336,2063.04,98.6
B007,B,cherry,2021-09-10,FRI,6.14,326,2001.64,94.8
B007,B,cherry,2021-09-11,SAT,6.14,363,2228.82,94.8
B007,B,cherry,2021-09-12,SUN,6.14,361,2216.54,94
B007,B,cherry,2021-09-13,MON,,,,
B007,B,cherry,2021-09-14,TUE,6.14,334,2050.76,97.8
B007,B,cherry,2021-09-15,WED,6.14,327,2007.78,96.2
B007,B,cherry,2021-09-16,THU,6.14,331,2032.34,97.9
B007,B,cherry,2021-09-17,FRI,6.14,332,2038.48,98.4
B007,B,cherry,2021-09-18,SAT,6.14,358,2198.12,99.6
B007,B,cherry,2021-09-19,SUN,6.14,364,2234.96,98.1
B007,B,cherry,2021-09-20,MON,,,,
B007,B,cherry,2021-09-21,TUE,6.14,330,2026.2,98.2
B007,B,cherry,2021-09-22,WED,6.14,328,2013.92,98.3
B007,B,cherry,2021-09-23,THU,6.16,329,2026.64,93.9
B007,B,cherry,2021-09-24,FRI,6.16,336,2069.76,98.4
B007,B,cherry,2021-09-25,SAT,6.16,364,2242.24,98.2
B007,B,cherry,2021-09-26,SUN,6.16,360,2217.6,99.3
B007,B,cherry,2021-09-27,MON,,,,
B007,B,cherry,2021-09-28,TUE,6.16,335,2063.6,97
B007,B,cherry,2021-09-29,WED,6.16,333,2051.28,97
B007,B,cherry,2021-09-30,THU,6.16,326,2008.16,95.8
B008,B,apple,2021-04-01,THU,1.02,447,455.94,96
B008,B,apple,2021-04-02,FRI,1.02,445,453.9,87
B008,B,apple,2021-04-03,SAT,1.02,496,505.92,90.3
B008,B,apple,2021-04-04,SUN,1.02,493,502.86,95.2
B008,B,apple,2021-04-05,MON,,,,
B008,B,apple,2021-04-06,TUE,1.02,445,453.9,84.9
B008,B,apple,2021-04-07,WED,1.02,444,452.88,88.9
B008,B,apple,2021-04-08,THU,1.03,453,466.59,82.5
B008,B,apple,2021-04-09,FRI,1.03,459,472.77,95
B008,B,apple,2021-04-10,SAT,1.03,494,508.82,95
B008,B,apple,2021-04-11,SUN,1.03,498,512.94,92.9
B008,B,apple,2021-04-12,MON,,,,
B008,B,apple,2021-04-13,TUE,1.03,454,467.62,80.8
B008,B,apple,2021-04-14,WED,1.03,448,461.44,81.9
B008,B,apple,2021-04-15,THU,1.03,446,459.38,93.2
B008,B,apple,2021-04-16,FRI,1.03,456,469.68,97.6
B008,B,apple,2021-04-17,SAT,1.03,495,509.85,85.6
B008,B,apple,2021-04-18,SUN,1.03,490,504.7,86.1
B008,B,apple,2021-04-19,MON,,,,
B008,B,apple,2021-04-20,TUE,1.03,458,471.74,93.5
B008,B,apple,2021-04-21,WED,1.03,459,472.77,96.4
B008,B,apple,2021-04-22,THU,1.04,459,477.36,89.6
B008,B,apple,2021-04-23,FRI,1.04,460,478.4,97.6
B008,B,apple,2021-04-24,SAT,1.04,498,517.92,85.8
B008,B,apple,2021-04-25,SUN,1.04,490,509.6,94.9
B008,B,apple,2021-04-26,MON,,,,
B008,B,apple,2021-04-27,TUE,1.04,451,469.04,90.6
B008,B,apple,2021-04-28,WED,1.04,448,465.92,92
B008,B,apple,2021-04-29,THU,1.04,459,477.36,87.4
B008,B,apple,2021-04-30,FRI,1.04,444,461.76,93.7
B008,B,apple,2021-05-01,SAT,1.04,494,513.76,95.8
B008,B,apple,2021-05-02,SUN,1.04,490,509.6,92.6
B008,B,apple,2021-05-03,MON,,,,
B008,B,apple,2021-05-04,TUE,1.04,455,473.2,86.3
B008,B,apple,2021-05-05,WED,1.04,461,479.44,92.9
B008,B,apple,2021-05-06,THU,1.06,455,482.3,94.7
B008,B,apple,2021-05-07,FRI,1.06,460,487.6,86.6
B008,B,apple,2021-05-08,SAT,1.06,496,525.76,97.4
B008,B,apple,2021-05-09,SUN,1.06,491,520.46,90.2
B008,B,apple,2021-05-10,MON,,,,
B008,B,apple,2021-05-11,TUE,1.06,449,475.94,97
B008,B,apple,2021-05-12,WED,1.06,453,480.18,91
B008,B,apple,2021-05-13,THU,1.06,444,470.64,96.4
B008,B,apple,2021-05-14,FRI,1.06,450,477,96.6
B008,B,apple,2021-05-15,SAT,1.06,496,525.76,96.2
B008,B,apple,2021-05-16,SUN,1.06,491,520.46,96.6
B008,B,apple,2021-05-17,MON,,,,
B008,B,apple,2021-05-18,TUE,1.06,458,485.48,94.5
B008,B,apple,2021-05-19,WED,1.06,458,485.48,95.8
B008,B,apple,2021-05-20,THU,1.06,446,472.76,96
B008,B,apple,2021-05-21,FRI,1.06,451,478.06,92.8
B008,B,apple,2021-05-22,SAT,1.06,495,524.7,96
B008,B,apple,2021-05-23,SUN,1.06,494,523.64,95
B008,B,apple,2021-05-24,MON,,,,
B008,B,apple,2021-05-25,TUE,1.06,451,478.06,94.2
B008,B,apple,2021-05-26,WED,1.06,456,483.36,94.6
B008,B,apple,2021-05-27,THU,1.06,444,470.64,96.6
B008,B,apple,2021-05-28,FRI,1.06,456,483.36,95.9
B008,B,apple,2021-05-29,SAT,1.06,491,520.46,88.9
B008,B,apple,2021-05-30,SUN,1.06,496,525.76,98.6
B008,B,apple,2021-05-31,MON,,,,
B008,B,apple,2021-06-01,TUE,1.06,460,487.6,91.2
B008,B,apple,2021-06-02,WED,1.06,457,484.42,91.2
B008,B,apple,2021-06-03,THU,1.07,461,493.27,92.7
B008,B,apple,2021-06-04,FRI,1.07,462,494.34,94.5
B008,B,apple,2021-06-05,SAT,1.07,498,532.86,96.8
B008,B,apple,2021-06-06,SUN,1.07,490,524.3,95.1
B008,B,apple,2021-06-07,MON,,,,
B008,B,apple,2021-06-08,TUE,1.07,448,479.36,95.1
B008,B,apple,2021-06-09,WED,1.07,451,482.57,92.1
B008,B,apple,2021-06-10,THU,1.1,453,498.3,95.1
B008,B,apple,2021-06-11,FRI,1.1,451,496.1,93.9
B008,B,apple,2021-06-12,SAT,1.1,491,540.1,94
B008,B,apple,2021-06-13,SUN,1.1,493,542.3,88.8
B008,B,apple,2021-06-14,MON,,,,
B008,B,apple,2021-06-15,TUE,1.1,458,503.8,83.8
B008,B,apple,2021-06-16,WED,1.1,450,495,93.8
B008,B,apple,2021-06-17,THU,1.09,458,499.22,95.9
B008,B,apple,2021-06-18,FRI,1.09,451,491.59,97.3
B008,B,apple,2021-06-19,SAT,1.09,491,535.19,96.7
B008,B,apple,2021-06-20,SUN,1.09,496,540.64,96.7
B008,B,apple,2021-06-21,MON,,,,
B008,B,apple,2021-06-22,TUE,1.09,447,487.23,93.1
B008,B,apple,2021-06-23,WED,1.09,453,493.77,95.5
B008,B,apple,2021-06-24,THU,1.09,457,498.13,97
B008,B,apple,2021-06-25,FRI,1.09,448,488.32,97
B008,B,apple,2021-06-26,SAT,1.09,490,534.1,96
B008,B,apple,2021-06-27,SUN,1.09,492,536.28,98.1
B008,B,apple,2021-06-28,MON,,,,
B008,B,apple,2021-06-29,TUE,1.09,452,492.68,97.3
B008,B,apple,2021-06-30,WED,1.09,452,492.68,95
B008,B,apple,2021-07-01,THU,1.12,455,509.6,94.7
B008,B,apple,2021-07-02,FRI,1.12,458,512.96,98.1
B008,B,apple,2021-07-03,SAT,1.12,491,549.92,94.6
B008,B,apple,2021-07-04,SUN,1.12,491,549.92,95.9
B008,B,apple,2021-07-05,MON,,,,
B008,B,apple,2021-07-06,TUE,1.12,460,515.2,97.3
B008,B,apple,2021-07-07,WED,1.12,452,506.24,93.6
B008,B,apple,2021-07-08,THU,1.14,455,518.7,94.6
B008,B,apple,2021-07-09,FRI,1.14,460,524.4,96.7
B008,B,apple,2021-07-10,SAT,1.14,491,559.74,95.5
B008,B,apple,2021-07-11,SUN,1.14,492,560.88,98.4
B008,B,apple,2021-07-12,MON,,,,
B008,B,apple,2021-07-13,TUE,1.14,458,522.12,97
B008,B,apple,2021-07-14,WED,1.14,458,522.12,93.9
B008,B,apple,2021-07-15,THU,1.14,446,508.44,92.1
B008,B,apple,2021-07-16,FRI,1.14,454,517.56,95.4
B008,B,apple,2021-07-17,SAT,1.14,492,560.88,88.9
B008,B,apple,2021-07-18,SUN,1.14,497,566.58,93.2
B008,B,apple,2021-07-19,MON,,,,
B008,B,apple,2021-07-20,TUE,1.14,458,522.12,96.7
B008,B,apple,2021-07-21,WED,1.14,453,516.42,98.2
B008,B,apple,2021-07-22,THU,1.14,460,524.4,97.7
B008,B,apple,2021-07-23,FRI,1.14,457,520.98,95.4
B008,B,apple,2021-07-24,SAT,1.14,489,557.46,93.3
B008,B,apple,2021-07-25,SUN,1.14,494,563.16,97.8
B008,B,apple,2021-07-26,MON,,,,
B008,B,apple,2021-07-27,TUE,1.14,459,523.26,95
B008,B,apple,2021-07-28,WED,1.14,461,525.54,96
B008,B,apple,2021-07-29,THU,1.14,447,509.58,91.3
B008,B,apple,2021-07-30,FRI,1.14,449,511.86,96.5
B008,B,apple,2021-07-31,SAT,1.14,492,560.88,95.1
B008,B,apple,2021-08-01,SUN,1.14,494,563.16,96.5
B008,B,apple,2021-08-02,MON,,,,
B008,B,apple,2021-08-03,TUE,1.14,449,511.86,97.1
B008,B,apple,2021-08-04,WED,1.14,450,513,97.5
B008,B,apple,2021-08-05,THU,1.16,452,524.32,96.3
B008,B,apple,2021-08-06,FRI,1.16,445,516.2,94.5
B008,B,apple,2021-08-07,SAT,1.16,495,574.2,96
B008,B,apple,2021-08-08,SUN,1.16,496,575.36,91
B008,B,apple,2021-08-09,MON,,,,
B008,B,apple,2021-08-10,TUE,1.16,444,515.04,96.4
B008,B,apple,2021-08-11,WED,1.16,459,532.44,94.4
B008,B,apple,2021-08-12,THU,1.16,458,531.28,93
B008,B,apple,2021-08-13,FRI,1.16,449,520.84,91.8
B008,B,apple,2021-08-14,SAT,1.16,494,573.04,93.9
B008,B,apple,2021-08-15,SUN,1.16,494,573.04,95.9
B008,B,apple,2021-08-16,MON,,,,
B008,B,apple,2021-08-17,TUE,1.16,448,519.68,95.3
B008,B,apple,2021-08-18,WED,1.16,454,526.64,95.2
B008,B,apple,2021-08-19,THU,1.16,462,535.92,93.9
B008,B,apple,2021-08-20,FRI,1.16,456,528.96,94.9
B008,B,apple,2021-08-21,SAT,1.16,497,576.52,97.4
B008,B,apple,2021-08-22,SUN,1.16,495,574.2,97.4
B008,B,apple,2021-08-23,MON,,,,
B008,B,apple,2021-08-24,TUE,1.16,457,530.12,97.5
B008,B,apple,2021-08-25,WED,1.16,459,532.44,93.2
B008,B,apple,2021-08-26,THU,1.18,459,541.62,92.8
B008,B,apple,2021-08-27,FRI,1.18,462,545.16,89.4
B008,B,apple,2021-08-28,SAT,1.18,493,581.74,98
B008,B,apple,2021-08-29,SUN,1.18,497,586.46,96.9
B008,B,apple,2021-08-30,MON,,,,
B008,B,apple,2021-08-31,TUE,1.18,445,525.1,95.2
B008,B,apple,2021-09-01,WED,1.18,456,538.08,91.1
B008,B,apple,2021-09-02,THU,1.19,448,533.12,91.4
B008,B,apple,2021-09-03,FRI,1.19,459,546.21,89.7
B008,B,apple,2021-09-04,SAT,1.19,494,587.86,95
B008,B,apple,2021-09-05,SUN,1.19,490,583.1,95.7
B008,B,apple,2021-09-06,MON,,,,
B008,B,apple,2021-09-07,TUE,1.19,445,529.55,98.6
B008,B,apple,2021-09-08,WED,1.19,449,534.31,93.2
B008,B,apple,2021-09-09,THU,1.22,458,558.76,98.6
B008,B,apple,2021-09-10,FRI,1.22,451,550.22,94.8
B008,B,apple,2021-09-11,SAT,1.22,496,605.12,94.8
B008,B,apple,2021-09-12,SUN,1.22,494,602.68,94
B008,B,apple,2021-09-13,MON,,,,
B008,B,apple,2021-09-14,TUE,1.22,459,559.98,97.8
B008,B,apple,2021-09-15,WED,1.22,462,563.64,96.2
B008,B,apple,2021-09-16,THU,1.24,445,551.8,97.9
B008,B,apple,2021-09-17,FRI,1.24,457,566.68,98.4
B008,B,apple,2021-09-18,SAT,1.24,493,611.32,99.6
B008,B,apple,2021-09-19,SUN,1.24,497,616.28,98.1
B008,B,apple,2021-09-20,MON,,,,
B008,B,apple,2021-09-21,TUE,1.24,456,565.44,98.2
B008,B,apple,2021-09-22,WED,1.24,461,571.64,98.3
B008,B,apple,2021-09-23,THU,1.24,461,571.64,93.9
B008,B,apple,2021-09-24,FRI,1.24,453,561.72,98.4
B008,B,apple,2021-09-25,SAT,1.24,493,611.32,98.2
B008,B,apple,2021-09-26,SUN,1.24,496,615.04,99.3
B008,B,apple,2021-09-27,MON,,,,
B008,B,apple,2021-09-28,TUE,1.24,456,565.44,97
B008,B,apple,2021-09-29,WED,1.24,444,550.56,97
B008,B,apple,2021-09-30,THU,1.26,459,578.34,95.8
B008,B,banana,2021-04-01,THU,,270,,96
B008,B,banana,2021-04-02,FRI,,272,,87
B008,B,banana,2021-04-03,SAT,,292,,90.3
B008,B,banana,2021-04-04,SUN,,291,,95.2
B008,B,banana,2021-04-05,MON,,,,
B008,B,banana,2021-04-06,TUE,,270,,84.9
B008,B,banana,2021-04-07,WED,,265,,88.9
B008,B,banana,2021-04-08,THU,,264,,82.5
B008,B,banana,2021-04-09,FRI,,265,,95
B008,B,banana,2021-04-10,SAT,,292,,95
B008,B,banana,2021-04-11,SUN,,291,,92.9
B008,B,banana,2021-04-12,MON,,,,
B008,B,banana,2021-04-13,TUE,,267,,80.8
B008,B,banana,2021-04-14,WED,,272,,81.9
B008,B,banana,2021-04-15,THU,,264,,93.2
B008,B,banana,2021-04-16,FRI,,273,,97.6
B008,B,banana,2021-04-17,SAT,,292,,85.6
B008,B,banana,2021-04-18,SUN,,291,,86.1
B008,B,banana,2021-04-19,MON,,,,
B008,B,banana,2021-04-20,TUE,,273,,93.5
B008,B,banana,2021-04-21,WED,,269,,96.4
B008,B,banana,2021-04-22,THU,,272,,89.6
B008,B,banana,2021-04-23,FRI,,267,,97.6
B008,B,banana,2021-04-24,SAT,,291,,85.8
B008,B,banana,2021-04-25,SUN,,294,,94.9
B008,B,banana,2021-04-26,MON,,,,
B008,B,banana,2021-04-27,TUE,,270,,90.6
B008,B,banana,2021-04-28,WED,,271,,92
B008,B,banana,2021-04-29,THU,,274,,87.4
B008,B,banana,2021-04-30,FRI,,272,,93.7
B008,B,banana,2021-05-01,SAT,,294,,95.8
B008,B,banana,2021-05-02,SUN,,291,,92.6
B008,B,banana,2021-05-03,MON,,,,
B008,B,banana,2021-05-04,TUE,,274,,86.3
B008,B,banana,2021-05-05,WED,,274,,92.9
B008,B,banana,2021-05-06,THU,,271,,94.7
B008,B,banana,2021-05-07,FRI,,266,,86.6
B008,B,banana,2021-05-08,SAT,,294,,97.4
B008,B,banana,2021-05-09,SUN,,294,,90.2
B008,B,banana,2021-05-10,MON,,,,
B008,B,banana,2021-05-11,TUE,,274,,97
B008,B,banana,2021-05-12,WED,,271,,91
B008,B,banana,2021-05-13,THU,,272,,96.4
B008,B,banana,2021-05-14,FRI,,272,,96.6
B008,B,banana,2021-05-15,SAT,,295,,96.2
B008,B,banana,2021-05-16,SUN,,295,,96.6
B008,B,banana,2021-05-17,MON,,,,
B008,B,banana,2021-05-18,TUE,,267,,94.5
B008,B,banana,2021-05-19,WED,,273,,95.8
B008,B,banana,2021-05-20,THU,,274,,96
B008,B,banana,2021-05-21,FRI,,272,,92.8
B008,B,banana,2021-05-22,SAT,,293,,96
B008,B,banana,2021-05-23,SUN,,293,,95
B008,B,banana,2021-05-24,MON,,,,
B008,B,banana,2021-05-25,TUE,,272,,94.2
B008,B,banana,2021-05-26,WED,,266,,94.6
B008,B,banana,2021-05-27,THU,,269,,96.6
B008,B,banana,2021-05-28,FRI,,266,,95.9
B008,B,banana,2021-05-29,SAT,,293,,88.9
B008,B,banana,2021-05-30,SUN,,295,,98.6
B008,B,banana,2021-05-31,MON,,,,
B008,B,banana,2021-06-01,TUE,,266,,91.2
B008,B,banana,2021-06-02,WED,,266,,91.2
B008,B,banana,2021-06-03,THU,,267,,92.7
B008,B,banana,2021-06-04,FRI,,265,,94.5
B008,B,banana,2021-06-05,SAT,,291,,96.8
B008,B,banana,2021-06-06,SUN,,293,,95.1
B008,B,banana,2021-06-07,MON,,,,
B008,B,banana,2021-06-08,TUE,,270,,95.1
B008,B,banana,2021-06-09,WED,,264,,92.1
B008,B,banana,2021-06-10,THU,,266,,95.1
B008,B,banana,2021-06-11,FRI,,266,,93.9
B008,B,banana,2021-06-12,SAT,,296,,94
B008,B,banana,2021-06-13,SUN,,296,,88.8
B008,B,banana,2021-06-14,MON,,,,
B008,B,banana,2021-06-15,TUE,,272,,83.8
B008,B,banana,2021-06-16,WED,,271,,93.8
B008,B,banana,2021-06-17,THU,,267,,95.9
B008,B,banana,2021-06-18,FRI,,264,,97.3
B008,B,banana,2021-06-19,SAT,,294,,96.7
B008,B,banana,2021-06-20,SUN,,295,,96.7
B008,B,banana,2021-06-21,MON,,,,
B008,B,banana,2021-06-22,TUE,,273,,93.1
B008,B,banana,2021-06-23,WED,,272,,95.5
B008,B,banana,2021-06-24,THU,,270,,97
B008,B,banana,2021-06-25,FRI,,265,,97
B008,B,banana,2021-06-26,SAT,,295,,96
B008,B,banana,2021-06-27,SUN,,291,,98.1
B008,B,banana,2021-06-28,MON,,,,
B008,B,banana,2021-06-29,TUE,,274,,97.3
B008,B,banana,2021-06-30,WED,,269,,95
B008,B,banana,2021-07-01,THU,,265,,94.7
B008,B,banana,2021-07-02,FRI,,274,,98.1
B008,B,banana,2021-07-03,SAT,,291,,94.6
B008,B,banana,2021-07-04,SUN,,293,,95.9
B008,B,banana,2021-07-05,MON,,,,
B008,B,banana,2021-07-06,TUE,,264,,97.3
B008,B,banana,2021-07-07,WED,,266,,93.6
B008,B,banana,2021-07-08,THU,,265,,94.6
B008,B,banana,2021-07-09,FRI,,265,,96.7
B008,B,banana,2021-07-10,SAT,,291,,95.5
B008,B,banana,2021-07-11,SUN,,292,,98.4
B008,B,banana,2021-07-12,MON,,,,
B008,B,banana,2021-07-13,TUE,,265,,97
B008,B,banana,2021-07-14,WED,,269,,93.9
B008,B,banana,2021-07-15,THU,,270,,92.1
B008,B,banana,2021-07-16,FRI,,274,,95.4
B008,B,banana,2021-07-17,SAT,,293,,88.9
B008,B,banana,2021-07-18,SUN,,294,,93.2
B008,B,banana,2021-07-19,MON,,,,
B008,B,banana,2021-07-20,TUE,,266,,96.7
B008,B,banana,2021-07-21,WED,,271,,98.2
B008,B,banana,2021-07-22,THU,,264,,97.7
B008,B,banana,2021-07-23,FRI,,272,,95.4
B008,B,banana,2021-07-24,SAT,,291,,93.3
B008,B,banana,2021-07-25,SUN,,292,,97.8
B008,B,banana,2021-07-26,MON,,,,
B008,B,banana,2021-07-27,TUE,,264,,95
B008,B,banana,2021-07-28,WED,,270,,96
B008,B,banana,2021-07-29,THU,,273,,91.3
B008,B,banana,2021-07-30,FRI,,272,,96.5
B008,B,banana,2021-07-31,SAT,,292,,95.1
B008,B,banana,2021-08-01,SUN,,293,,96.5
B008,B,banana,2021-08-02,MON,,,,
B008,B,banana,2021-08-03,TUE,,270,,97.1
B008,B,banana,2021-08-04,WED,,271,,97.5
B008,B,banana,2021-08-05,THU,,267,,96.3
B008,B,banana,2021-08-06,FRI,,266,,94.5
B008,B,banana,2021-08-07,SAT,,291,,96
B008,B,banana,2021-08-08,SUN,,291,,91
B008,B,banana,2021-08-09,MON,,,,
B008,B,banana,2021-08-10,TUE,,274,,96.4
B008,B,banana,2021-08-11,WED,,272,,94.4
B008,B,banana,2021-08-12,THU,,266,,93
B008,B,banana,2021-08-13,FRI,,273,,91.8
B008,B,banana,2021-08-14,SAT,,295,,93.9
B008,B,banana,2021-08-15,SUN,,295,,95.9
B008,B,banana,2021-08-16,MON,,,,
B008,B,banana,2021-08-17,TUE,,266,,95.3
B008,B,banana,2021-08-18,WED,,268,,95.2
B008,B,banana,2021-08-19,THU,,272,,93.9
B008,B,banana,2021-08-20,FRI,,271,,94.9
B008,B,banana,2021-08-21,SAT,,295,,97.4
B008,B,banana,2021-08-22,SUN,,294,,97.4
B008,B,banana,2021-08-23,MON,,,,
B008,B,banana,2021-08-24,TUE,,273,,97.5
B008,B,banana,2021-08-25,WED,,268,,93.2
B008,B,banana,2021-08-26,THU,,268,,92.8
B008,B,banana,2021-08-27,FRI,,266,,89.4
B008,B,banana,2021-08-28,SAT,,294,,98
B008,B,banana,2021-08-29,SUN,,295,,96.9
B008,B,banana,2021-08-30,MON,,,,
B008,B,banana,2021-08-31,TUE,,267,,95.2
B008,B,banana,2021-09-01,WED,,264,,91.1
B008,B,banana,2021-09-02,THU,,274,,91.4
B008,B,banana,2021-09-03,FRI,,274,,89.7
B008,B,banana,2021-09-04,SAT,,291,,95
B008,B,banana,2021-09-05,SUN,,293,,95.7
B008,B,banana,2021-09-06,MON,,,,
B008,B,banana,2021-09-07,TUE,,266,,98.6
B008,B,banana,2021-09-08,WED,,270,,93.2
B008,B,banana,2021-09-09,THU,,274,,98.6
B008,B,banana,2021-09-10,FRI,,270,,94.8
B008,B,banana,2021-09-11,SAT,,293,,94.8
B008,B,banana,2021-09-12,SUN,,294,,94
B008,B,banana,2021-09-13,MON,,,,
B008,B,banana,2021-09-14,TUE,,269,,97.8
B008,B,banana,2021-09-15,WED,,264,,96.2
B008,B,banana,2021-09-16,THU,,267,,97.9
B008,B,banana,2021-09-17,FRI,,268,,98.4
B008,B,banana,2021-09-18,SAT,,291,,99.6
B008,B,banana,2021-09-19,SUN,,295,,98.1
B008,B,banana,2021-09-20,MON,,,,
B008,B,banana,2021-09-21,TUE,,266,,98.2
B008,B,banana,2021-09-22,WED,,267,,98.3
B008,B,banana,2021-09-23,THU,,267,,93.9
B008,B,banana,2021-09-24,FRI,,272,,98.4
B008,B,banana,2021-09-25,SAT,,292,,98.2
B008,B,banana,2021-09-26,SUN,,292,,99.3
B008,B,banana,2021-09-27,MON,,,,
B008,B,banana,2021-09-28,TUE,,268,,97
B008,B,banana,2021-09-29,WED,,271,,97
B008,B,banana,2021-09-30,THU,,267,,95.8
B008,B,cherry,2021-04-01,THU,6.39,163,1041.57,96
B008,B,cherry,2021-04-02,FRI,6.39,159,1016.01,87
B008,B,cherry,2021-04-03,SAT,6.39,176,1124.64,90.3
B008,B,cherry,2021-04-04,SUN,6.39,175,1118.25,95.2
B008,B,cherry,2021-04-05,MON,,,,
B008,B,cherry,2021-04-06,TUE,6.39,163,1041.57,84.9
B008,B,cherry,2021-04-07,WED,6.39,163,1041.57,88.9
B008,B,cherry,2021-04-08,THU,6.39,159,1016.01,82.5
B008,B,cherry,2021-04-09,FRI,6.39,163,1041.57,95
B008,B,cherry,2021-04-10,SAT,6.39,174,1111.86,95
B008,B,cherry,2021-04-11,SUN,6.39,176,1124.64,92.9
B008,B,cherry,2021-04-12,MON,,,,
B008,B,cherry,2021-04-13,TUE,6.39,161,1028.79,80.8
B008,B,cherry,2021-04-14,WED,6.39,159,1016.01,81.9
B008,B,cherry,2021-04-15,THU,6.41,161,1032.01,93.2
B008,B,cherry,2021-04-16,FRI,6.41,160,1025.6,97.6
B008,B,cherry,2021-04-17,SAT,6.41,177,1134.57,85.6
B008,B,cherry,2021-04-18,SUN,6.41,175,1121.75,86.1
B008,B,cherry,2021-04-19,MON,,,,
B008,B,cherry,2021-04-20,TUE,6.41,161,1032.01,93.5
B008,B,cherry,2021-04-21,WED,6.41,162,1038.42,96.4
B008,B,cherry,2021-04-22,THU,6.42,158,1014.36,89.6
B008,B,cherry,2021-04-23,FRI,6.42,158,1014.36,97.6
B008,B,cherry,2021-04-24,SAT,6.42,175,1123.5,85.8
B008,B,cherry,2021-04-25,SUN,6.42,175,1123.5,94.9
B008,B,cherry,2021-04-26,MON,,,,
B008,B,cherry,2021-04-27,TUE,6.42,163,1046.46,90.6
B008,B,cherry,2021-04-28,WED,6.42,162,1040.04,92
B008,B,cherry,2021-04-29,THU,6.41,159,1019.19,87.4
B008,B,cherry,2021-04-30,FRI,6.41,160,1025.6,93.7
B008,B,cherry,2021-05-01,SAT,6.41,177,1134.57,95.8
B008,B,cherry,2021-05-02,SUN,6.41,175,1121.75,92.6
B008,B,cherry,2021-05-03,MON,,,,
B008,B,cherry,2021-05-04,TUE,6.41,163,1044.83,86.3
B008,B,cherry,2021-05-05,WED,6.41,160,1025.6,92.9
B008,B,cherry,2021-05-06,THU,6.41,158,1012.78,94.7
B008,B,cherry,2021-05-07,FRI,6.41,161,1032.01,86.6
B008,B,cherry,2021-05-08,SAT,6.41,176,1128.16,97.4
B008,B,cherry,2021-05-09,SUN,6.41,176,1128.16,90.2
B008,B,cherry,2021-05-10,MON,,,,
B008,B,cherry,2021-05-11,TUE,6.41,163,1044.83,97
B008,B,cherry,2021-05-12,WED,6.41,162,1038.42,91
B008,B,cherry,2021-05-13,THU,6.4,163,1043.2,96.4
B008,B,cherry,2021-05-14,FRI,6.4,164,1049.6,96.6
B008,B,cherry,2021-05-15,SAT,6.4,176,1126.4,96.2
B008,B,cherry,2021-05-16,SUN,6.4,177,1132.8,96.6
B008,B,cherry,2021-05-17,MON,,,,
B008,B,cherry,2021-05-18,TUE,6.4,163,1043.2,94.5
B008,B,cherry,2021-05-19,WED,6.4,159,1017.6,95.8
B008,B,cherry,2021-05-20,THU,6.39,162,1035.18,96
B008,B,cherry,2021-05-21,FRI,6.39,162,1035.18,92.8
B008,B,cherry,2021-05-22,SAT,6.39,177,1131.03,96
B008,B,cherry,2021-05-23,SUN,6.39,175,1118.25,95
B008,B,cherry,2021-05-24,MON,,,,
B008,B,cherry,2021-05-25,TUE,6.39,163,1041.57,94.2
B008,B,cherry,2021-05-26,WED,6.39,161,1028.79,94.6
B008,B,cherry,2021-05-27,THU,6.4,159,1017.6,96.6
B008,B,cherry,2021-05-28,FRI,6.4,163,1043.2,95.9
B008,B,cherry,2021-05-29,SAT,6.4,174,1113.6,88.9
B008,B,cherry,2021-05-30,SUN,6.4,174,1113.6,98.6
B008,B,cherry,2021-05-31,MON,,,,
B008,B,cherry,2021-06-01,TUE,6.4,161,1030.4,91.2
B008,B,cherry,2021-06-02,WED,6.4,160,1024,91.2
B008,B,cherry,2021-06-03,THU,6.4,158,1011.2,92.7
B008,B,cherry,2021-06-04,FRI,6.4,162,1036.8,94.5
B008,B,cherry,2021-06-05,SAT,6.4,175,1120,96.8
B008,B,cherry,2021-06-06,SUN,6.4,177,1132.8,95.1
B008,B,cherry,2021-06-07,MON,,,,
B008,B,cherry,2021-06-08,TUE,6.4,159,1017.6,95.1
B008,B,cherry,2021-06-09,WED,6.4,160,1024,92.1
B008,B,cherry,2021-06-10,THU,6.4,161,1030.4,95.1
B008,B,cherry,2021-06-11,FRI,6.4,163,1043.2,93.9
B008,B,cherry,2021-06-12,SAT,6.4,176,1126.4,94
B008,B,cherry,2021-06-13,SUN,6.4,176,1126.4,88.8
B008,B,cherry,2021-06-14,MON,,,,
B008,B,cherry,2021-06-15,TUE,6.4,161,1030.4,83.8
B008,B,cherry,2021-06-16,WED,6.4,162,1036.8,93.8
B008,B,cherry,2021-06-17,THU,6.4,164,1049.6,95.9
B008,B,cherry,2021-06-18,FRI,6.4,163,1043.2,97.3
B008,B,cherry,2021-06-19,SAT,6.4,176,1126.4,96.7
B008,B,cherry,2021-06-20,SUN,6.4,175,1120,96.7
B008,B,cherry,2021-06-21,MON,,,,
B008,B,cherry,2021-06-22,TUE,6.4,158,1011.2,93.1
B008,B,cherry,2021-06-23,WED,6.4,163,1043.2,95.5
B008,B,cherry,2021-06-24,THU,6.43,159,1022.37,97
B008,B,cherry,2021-06-25,FRI,6.43,163,1048.09,97
B008,B,cherry,2021-06-26,SAT,6.43,174,1118.82,96
B008,B,cherry,2021-06-27,SUN,6.43,175,1125.25,98.1
B008,B,cherry,2021-06-28,MON,,,,
B008,B,cherry,2021-06-29,TUE,6.43,164,1054.52,97.3
B008,B,cherry,2021-06-30,WED,6.43,161,1035.23,95
B008,B,cherry,2021-07-01,THU,6.43,160,1028.8,94.7
B008,B,cherry,2021-07-02,FRI,6.43,159,1022.37,98.1
B008,B,cherry,2021-07-03,SAT,6.43,176,1131.68,94.6
B008,B,cherry,2021-07-04,SUN,6.43,176,1131.68,95.9
B008,B,cherry,2021-07-05,MON,,,,
B008,B,cherry,2021-07-06,TUE,6.43,158,1015.94,97.3
B008,B,cherry,2021-07-07,WED,6.43,162,1041.66,93.6
B008,B,cherry,2021-07-08,THU,6.45,163,1051.35,94.6
B008,B,cherry,2021-07-09,FRI,6.45,160,1032,96.7
B008,B,cherry,2021-07-10,SAT,6.45,175,1128.75,95.5
B008,B,cherry,2021-07-11,SUN,6.45,175,1128.75,98.4
B008,B,cherry,2021-07-12,MON,,,,
B008,B,cherry,2021-07-13,TUE,6.45,158,1019.1,97
B008,B,cherry,2021-07-14,WED,6.45,159,1025.55,93.9
B008,B,cherry,2021-07-15,THU,6.46,162,1046.52,92.1
B008,B,cherry,2021-07-16,FRI,6.46,160,1033.6,95.4
B008,B,cherry,2021-07-17,SAT,6.46,174,1124.04,88.9
B008,B,cherry,2021-07-18,SUN,6.46,175,1130.5,93.2
B008,B,cherry,2021-07-19,MON,,,,
B008,B,cherry,2021-07-20,TUE,6.46,164,1059.44,96.7
B008,B,cherry,2021-07-21,WED,6.46,162,1046.52,98.2
B008,B,cherry,2021-07-22,THU,6.45,160,1032,97.7
B008,B,cherry,2021-07-23,FRI,6.45,162,1044.9,95.4
B008,B,cherry,2021-07-24,SAT,6.45,175,1128.75,93.3
B008,B,cherry,2021-07-25,SUN,6.45,176,1135.2,97.8
B008,B,cherry,2021-07-26,MON,,,,
B008,B,cherry,2021-07-27,TUE,6.45,162,1044.9,95
B008,B,cherry,2021-07-28,WED,6.45,163,1051.35,96
B008,B,cherry,2021-07-29,THU,6.47,159,1028.73,91.3
B008,B,cherry,2021-07-30,FRI,6.47,159,1028.73,96.5
B008,B,cherry,2021-07-31,SAT,6.47,175,1132.25,95.1
B008,B,cherry,2021-08-01,SUN,6.47,175,1132.25,96.5
B008,B,cherry,2021-08-02,MON,,,,
B008,B,cherry,2021-08-03,TUE,6.47,158,1022.26,97.1
B008,B,cherry,2021-08-04,WED,6.47,159,1028.73,97.5
B008,B,cherry,2021-08-05,THU,6.49,163,1057.87,96.3
B008,B,cherry,2021-08-06,FRI,6.49,164,1064.36,94.5
B008,B,cherry,2021-08-07,SAT,6.49,176,1142.24,96
B008,B,cherry,2021-08-08,SUN,6.49,177,1148.73,91
B008,B,cherry,2021-08-09,MON,,,,
B008,B,cherry,2021-08-10,TUE,6.49,158,1025.42,96.4
B008,B,cherry,2021-08-11,WED,6.49,160,1038.4,94.4
B008,B,cherry,2021-08-12,THU,6.5,164,1066,93
B008,B,cherry,2021-08-13,FRI,6.5,159,1033.5,91.8
B008,B,cherry,2021-08-14,SAT,6.5,176,1144,93.9
B008,B,cherry,2021-08-15,SUN,6.5,175,1137.5,95.9
B008,B,cherry,2021-08-16,MON,,,,
B008,B,cherry,2021-08-17,TUE,6.5,164,1066,95.3
B008,B,cherry,2021-08-18,WED,6.5,160,1040,95.2
B008,B,cherry,2021-08-19,THU,6.52,163,1062.76,93.9
B008,B,cherry,2021-08-20,FRI,6.52,162,1056.24,94.9
B008,B,cherry,2021-08-21,SAT,6.52,177,1154.04,97.4
B008,B,cherry,2021-08-22,SUN,6.52,175,1141,97.4
B008,B,cherry,2021-08-23,MON,,,,
B008,B,cherry,2021-08-24,TUE,6.52,161,1049.72,97.5
B008,B,cherry,2021-08-25,WED,6.52,160,1043.2,93.2
B008,B,cherry,2021-08-26,THU,6.54,161,1052.94,92.8
B008,B,cherry,2021-08-27,FRI,6.54,161,1052.94,89.4
B008,B,cherry,2021-08-28,SAT,6.54,176,1151.04,98
B008,B,cherry,2021-08-29,SUN,6.54,176,1151.04,96.9
B008,B,cherry,2021-08-30,MON,,,,
B008,B,cherry,2021-08-31,TUE,6.54,160,1046.4,95.2
B008,B,cherry,2021-09-01,WED,6.54,158,1033.32,91.1
B008,B,cherry,2021-09-02,THU,6.55,161,1054.55,91.4
B008,B,cherry,2021-09-03,FRI,6.55,162,1061.1,89.7
B008,B,cherry,2021-09-04,SAT,6.55,175,1146.25,95
B008,B,cherry,2021-09-05,SUN,6.55,177,1159.35,95.7
B008,B,cherry,2021-09-06,MON,,,,
B008,B,cherry,2021-09-07,TUE,6.55,163,1067.65,98.6
B008,B,cherry,2021-09-08,WED,6.55,162,1061.1,93.2
B008,B,cherry,2021-09-09,THU,6.56,164,1075.84,98.6
B008,B,cherry,2021-09-10,FRI,6.56,164,1075.84,94.8
B008,B,cherry,2021-09-11,SAT,6.56,175,1148,94.8
B008,B,cherry,2021-09-12,SUN,6.56,174,1141.44,94
B008,B,cherry,2021-09-13,MON,,,,
B008,B,cherry,2021-09-14,TUE,6.56,158,1036.48,97.8
B008,B,cherry,2021-09-15,WED,6.56,163,1069.28,96.2
B008,B,cherry,2021-09-16,THU,6.56,162,1062.72,97.9
B008,B,cherry,2021-09-17,FRI,6.56,158,1036.48,98.4
B008,B,cherry,2021-09-18,SAT,6.56,176,1154.56,99.6
B008,B,cherry,2021-09-19,SUN,6.56,177,1161.12,98.1
B008,B,cherry,2021-09-20,MON,,,,
B008,B,cherry,2021-09-21,TUE,6.56,163,1069.28,98.2
B008,B,cherry,2021-09-22,WED,6.56,159,1043.04,98.3
B008,B,cherry,2021-09-23,THU,6.58,163,1072.54,93.9
B008,B,cherry,2021-09-24,FRI,6.58,159,1046.22,98.4
B008,B,cherry,2021-09-25,SAT,6.58,177,1164.66,98.2
B008,B,cherry,2021-09-26,SUN,6.58,174,1144.92,99.3
B008,B,cherry,2021-09-27,MON,,,,
B008,B,cherry,2021-09-28,TUE,6.58,164,1079.12,97
B008,B,cherry,2021-09-29,WED,6.58,163,1072.54,97
B008,B,cherry,2021-09-30,THU,6.59,158,1041.22,95.8
B009,B,apple,2021-04-01,THU,1.09,482,525.38,96
B009,B,apple,2021-04-02,FRI,1.09,495,539.55,87
B009,B,apple,2021-04-03,SAT,1.09,529,576.61,90.3
B009,B,apple,2021-04-04,SUN,1.09,531,578.79,95.2
B009,B,apple,2021-04-05,MON,,,,
B009,B,apple,2021-04-06,TUE,1.09,492,536.28,84.9
B009,B,apple,2021-04-07,WED,1.09,489,533.01,88.9
B009,B,apple,2021-04-08,THU,1.08,499,538.92,82.5
B009,B,apple,2021-04-09,FRI,1.08,497,536.76,95
B009,B,apple,2021-04-10,SAT,1.08,535,577.8,95
B009,B,apple,2021-04-11,SUN,1.08,534,576.72,92.9
B009,B,apple,2021-04-12,MON,,,,
B009,B,apple,2021-04-13,TUE,1.08,483,521.64,80.8
B009,B,apple,2021-04-14,WED,1.08,498,537.84,81.9
B009,B,apple,2021-04-15,THU,1.1,491,540.1,93.2
B009,B,apple,2021-04-16,FRI,1.1,497,546.7,97.6
B009,B,apple,2021-04-17,SAT,1.1,528,580.8,85.6
B009,B,apple,2021-04-18,SUN,1.1,534,587.4,86.1
B009,B,apple,2021-04-19,MON,,,,
B009,B,apple,2021-04-20,TUE,1.1,495,544.5,93.5
B009,B,apple,2021-04-21,WED,1.1,488,536.8,96.4
B009,B,apple,2021-04-22,THU,1.11,481,533.91,89.6
B009,B,apple,2021-04-23,FRI,1.11,480,532.8,97.6
B009,B,apple,2021-04-24,SAT,1.11,536,594.96,85.8
B009,B,apple,2021-04-25,SUN,1.11,537,596.07,94.9
B009,B,apple,2021-04-26,MON,,,,
B009,B,apple,2021-04-27,TUE,1.11,482,535.02,90.6
B009,B,apple,2021-04-28,WED,1.11,487,540.57,92
B009,B,apple,2021-04-29,THU,1.1,484,532.4,87.4
B009,B,apple,2021-04-30,FRI,1.1,482,530.2,93.7
B009,B,apple,2021-05-01,SAT,1.1,531,584.1,95.8
B009,B,apple,2021-05-02,SUN,1.1,537,590.7,92.6
B009,B,apple,2021-05-03,MON,,,,
B009,B,apple,2021-05-04,TUE,1.1,485,533.5,86.3
B009,B,apple,2021-05-05,WED,1.1,484,532.4,92.9
B009,B,apple,2021-05-06,THU,1.12,499,558.88,94.7
B009,B,apple,2021-05-07,FRI,1.12,494,553.28,86.6
B009,B,apple,2021-05-08,SAT,1.12,530,593.6,97.4
B009,B,apple,2021-05-09,SUN,1.12,535,599.2,90.2
B009,B,apple,2021-05-10,MON,,,,
B009,B,apple,2021-05-11,TUE,1.12,489,547.68,97
B009,B,apple,2021-05-12,WED,1.12,496,555.52,91
B009,B,apple,2021-05-13,THU,1.12,495,554.4,96.4
B009,B,apple,2021-05-14,FRI,1.12,491,549.92,96.6
B009,B,apple,2021-05-15,SAT,1.12,531,594.72,96.2
B009,B,apple,2021-05-16,SUN,1.12,532,595.84,96.6
B009,B,apple,2021-05-17,MON,,,,
B009,B,apple,2021-05-18,TUE,1.12,496,555.52,94.5
B009,B,apple,2021-05-19,WED,1.12,480,537.6,95.8
B009,B,apple,2021-05-20,THU,1.12,491,549.92,96
B009,B,apple,2021-05-21,FRI,1.12,489,547.68,92.8
B009,B,apple,2021-05-22,SAT,1.12,532,595.84,96
B009,B,apple,2021-05-23,SUN,1.12,529,592.48,95
B009,B,apple,2021-05-24,MON,,,,
B009,B,apple,2021-05-25,TUE,1.12,498,557.76,94.2
B009,B,apple,2021-05-26,WED,1.12,487,545.44,94.6
B009,B,apple,2021-05-27,THU,1.15,485,557.75,96.6
B009,B,apple,2021-05-28,FRI,1.15,493,566.95,95.9
B009,B,apple,2021-05-29,SAT,1.15,535,615.25,88.9
B009,B,apple,2021-05-30,SUN,1.15,532,611.8,98.6
B009,B,apple,2021-05-31,MON,,,,
B009,B,apple,2021-06-01,TUE,1.15,484,556.6,91.2
B009,B,apple,2021-06-02,WED,1.15,494,568.1,91.2
B009,B,apple,2021-06-03,THU,1.16,488,566.08,92.7
B009,B,apple,2021-06-04,FRI,1.16,495,574.2,94.5
B009,B,apple,2021-06-05,SAT,1.16,534,619.44,96.8
B009,B,apple,2021-06-06,SUN,1.16,531,615.96,95.1
B009,B,apple,2021-06-07,MON,,,,
B009,B,apple,2021-06-08,TUE,1.16,489,567.24,95.1
B009,B,apple,2021-06-09,WED,1.16,493,571.88,92.1
B009,B,apple,2021-06-10,THU,1.18,497,586.46,95.1
B009,B,apple,2021-06-11,FRI,1.18,490,578.2,93.9
B009,B,apple,2021-06-12,SAT,1.18,534,630.12,94
B009,B,apple,2021-06-13,SUN,1.18,530,625.4,88.8
B009,B,apple,2021-06-14,MON,,,,
B009,B,apple,2021-06-15,TUE,1.18,484,571.12,83.8
B009,B,apple,2021-06-16,WED,1.18,487,574.66,93.8
B009,B,apple,2021-06-17,THU,1.18,485,572.3,95.9
B009,B,apple,2021-06-18,FRI,1.18,498,587.64,97.3
B009,B,apple,2021-06-19,SAT,1.18,534,630.12,96.7
B009,B,apple,2021-06-20,SUN,1.18,536,632.48,96.7
B009,B,apple,2021-06-21,MON,,,,
B009,B,apple,2021-06-22,TUE,1.18,491,579.38,93.1
B009,B,apple,2021-06-23,WED,1.18,486,573.48,95.5
B009,B,apple,2021-06-24,THU,1.21,498,602.58,97
B009,B,apple,2021-06-25,FRI,1.21,496,600.16,97
B009,B,apple,2021-06-26,SAT,1.21,535,647.35,96
B009,B,apple,2021-06-27,SUN,1.21,532,643.72,98.1
B009,B,apple,2021-06-28,MON,,,,
B009,B,apple,2021-06-29,TUE,1.21,482,583.22,97.3
B009,B,apple,2021-06-30,WED,1.21,480,580.8,95
B009,B,apple,2021-07-01,THU,1.22,488,595.36,94.7
B009,B,apple,2021-07-02,FRI,1.22,480,585.6,98.1
B009,B,apple,2021-07-03,SAT,1.22,529,645.38,94.6
B009,B,apple,2021-07-04,SUN,1.22,535,652.7,95.9
B009,B,apple,2021-07-05,MON,,,,
B009,B,apple,2021-07-06,TUE,1.22,487,594.14,97.3
B009,B,apple,2021-07-07,WED,1.22,494,602.68,93.6
B009,B,apple,2021-07-08,THU,1.24,496,615.04,94.6
B009,B,apple,2021-07-09,FRI,1.24,488,605.12,96.7
B009,B,apple,2021-07-10,SAT,1.24,533,660.92,95.5
B009,B,apple,2021-07-11,SUN,1.24,532,659.68,98.4
B009,B,apple,2021-07-12,MON,,,,
B009,B,apple,2021-07-13,TUE,1.24,484,600.16,97
B009,B,apple,2021-07-14,WED,1.24,481,596.44,93.9
B009,B,apple,2021-07-15,THU,1.25,488,610,92.1
B009,B,apple,2021-07-16,FRI,1.25,493,616.25,95.4
B009,B,apple,2021-07-17,SAT,1.25,530,662.5,88.9
B009,B,apple,2021-07-18,SUN,1.25,534,667.5,93.2
B009,B,apple,2021-07-19,MON,,,,
B009,B,apple,2021-07-20,TUE,1.25,488,610,96.7
B009,B,apple,2021-07-21,WED,1.25,484,605,98.2
B009,B,apple,2021-07-22,THU,1.28,490,627.2,97.7
B009,B,apple,2021-07-23,FRI,1.28,489,625.92,95.4
B009,B,apple,2021-07-24,SAT,1.28,532,680.96,93.3
B009,B,apple,2021-07-25,SUN,1.28,531,679.68,97.8
B009,B,apple,2021-07-26,MON,,,,
B009,B,apple,2021-07-27,TUE,1.28,492,629.76,95
B009,B,apple,2021-07-28,WED,1.28,485,620.8,96
B009,B,apple,2021-07-29,THU,1.27,488,619.76,91.3
B009,B,apple,2021-07-30,FRI,1.27,483,613.41,96.5
B009,B,apple,2021-07-31,SAT,1.27,534,678.18,95.1
B009,B,apple,2021-08-01,SUN,1.27,531,674.37,96.5
B009,B,apple,2021-08-02,MON,,,,
B009,B,apple,2021-08-03,TUE,1.27,482,612.14,97.1
B009,B,apple,2021-08-04,WED,1.27,494,627.38,97.5
B009,B,apple,2021-08-05,THU,1.29,480,619.2,96.3
B009,B,apple,2021-08-06,FRI,1.29,497,641.13,94.5
B009,B,apple,2021-08-07,SAT,1.29,530,683.7,96
B009,B,apple,2021-08-08,SUN,1.29,530,683.7,91
B009,B,apple,2021-08-09,MON,,,,
B009,B,apple,2021-08-10,TUE,1.29,488,629.52,96.4
B009,B,apple,2021-08-11,WED,1.29,494,637.26,94.4
B009,B,apple,2021-08-12,THU,1.3,492,639.6,93
B009,B,apple,2021-08-13,FRI,1.3,486,631.8,91.8
B009,B,apple,2021-08-14,SAT,1.3,538,699.4,93.9
B009,B,apple,2021-08-15,SUN,1.3,532,691.6,95.9
B009,B,apple,2021-08-16,MON,,,,
B009,B,apple,2021-08-17,TUE,1.3,492,639.6,95.3
B009,B,apple,2021-08-18,WED,1.3,480,624,95.2
B009,B,apple,2021-08-19,THU,1.31,496,649.76,93.9
B009,B,apple,2021-08-20,FRI,1.31,484,634.04,94.9
B009,B,apple,2021-08-21,SAT,1.31,537,703.47,97.4
B009,B,apple,2021-08-22,SUN,1.31,528,691.68,97.4
B009,B,apple,2021-08-23,MON,,,,
B009,B,apple,2021-08-24,TUE,1.31,491,643.21,97.5
B009,B,apple,2021-08-25,WED,1.31,492,644.52,93.2
B009,B,apple,2021-08-26,THU,1.34,485,649.9,92.8
B009,B,apple,2021-08-27,FRI,1.34,481,644.54,89.4
B009,B,apple,2021-08-28,SAT,1.34,535,716.9,98
B009,B,apple,2021-08-29,SUN,1.34,529,708.86,96.9
B009,B,apple,2021-08-30,MON,,,,
B009,B,apple,2021-08-31,TUE,1.34,496,664.64,95.2
B009,B,apple,2021-09-01,WED,1.34,495,663.3,91.1
B009,B,apple,2021-09-02,THU,1.33,488,649.04,91.4
B009,B,apple,2021-09-03,FRI,1.33,487,647.71,89.7
B009,B,apple,2021-09-04,SAT,1.33,536,712.88,95
B009,B,apple,2021-09-05,SUN,1.33,535,711.55,95.7
B009,B,apple,2021-09-06,MON,,,,
B009,B,apple,2021-09-07,TUE,1.33,494,657.02,98.6
B009,B,apple,2021-09-08,WED,1.33,482,641.06,93.2
B009,B,apple,2021-09-09,THU,1.36,486,660.96,98.6
B009,B,apple,2021-09-10,FRI,1.36,492,669.12,94.8
B009,B,apple,2021-09-11,SAT,1.36,531,722.16,94.8
B009,B,apple,2021-09-12,SUN,1.36,533,724.88,94
B009,B,apple,2021-09-13,MON,,,,
B009,B,apple,2021-09-14,TUE,1.36,486,660.96,97.8
B009,B,apple,2021-09-15,WED,1.36,486,660.96,96.2
B009,B,apple,2021-09-16,THU,1.36,496,674.56,97.9
B009,B,apple,2021-09-17,FRI,1.36,492,669.12,98.4
B009,B,apple,2021-09-18,SAT,1.36,531,722.16,99.6
B009,B,apple,2021-09-19,SUN,1.36,532,723.52,98.1
B009,B,apple,2021-09-20,MON,,,,
B009,B,apple,2021-09-21,TUE,1.36,484,658.24,98.2
B009,B,apple,2021-09-22,WED,1.36,483,656.88,98.3
B009,B,apple,2021-09-23,THU,1.38,480,662.4,93.9
B009,B,apple,2021-09-24,FRI,1.38,492,678.96,98.4
B009,B,apple,2021-09-25,SAT,1.38,534,736.92,98.2
B009,B,apple,2021-09-26,SUN,1.38,533,735.54,99.3
B009,B,apple,2021-09-27,MON,,,,
B009,B,apple,2021-09-28,TUE,1.38,497,685.86,97
B009,B,apple,2021-09-29,WED,1.38,494,681.72,97
B009,B,apple,2021-09-30,THU,1.4,498,697.2,95.8
B009,B,banana,2021-04-01,THU,3.05,280,854,96
B009,B,banana,2021-04-02,FRI,3.05,280,854,87
B009,B,banana,2021-04-03,SAT,3.05,313,954.65,90.3
B009,B,banana,2021-04-04,SUN,3.05,313,954.65,95.2
B009,B,banana,2021-04-05,MON,,,,
B009,B,banana,2021-04-06,TUE,3.05,284,866.2,84.9
B009,B,banana,2021-04-07,WED,3.05,282,860.1,88.9
B009,B,banana,2021-04-08,THU,3.05,280,854,82.5
B009,B,banana,2021-04-09,FRI,3.05,281,857.05,95
B009,B,banana,2021-04-10,SAT,3.05,311,948.55,95
B009,B,banana,2021-04-11,SUN,3.05,311,948.55,92.9
B009,B,banana,2021-04-12,MON,,,,
B009,B,banana,2021-04-13,TUE,3.05,287,875.35,80.8
B009,B,banana,2021-04-14,WED,3.05,290,884.5,81.9
B009,B,banana,2021-04-15,THU,3.06,282,862.92,93.2
B009,B,banana,2021-04-16,FRI,3.06,282,862.92,97.6
B009,B,banana,2021-04-17,SAT,3.06,313,957.78,85.6
B009,B,banana,2021-04-18,SUN,3.06,312,954.72,86.1
B009,B,banana,2021-04-19,MON,,,,
B009,B,banana,2021-04-20,TUE,3.06,285,872.1,93.5
B009,B,banana,2021-04-21,WED,3.06,290,887.4,96.4
B009,B,banana,2021-04-22,THU,3.08,290,893.2,89.6
B009,B,banana,2021-04-23,FRI,3.08,291,896.28,97.6
B009,B,banana,2021-04-24,SAT,3.08,309,951.72,85.8
B009,B,banana,2021-04-25,SUN,3.08,311,957.88,94.9
B009,B,banana,2021-04-26,MON,,,,
B009,B,banana,2021-04-27,TUE,3.08,286,880.88,90.6
B009,B,banana,2021-04-28,WED,3.08,281,865.48,92
B009,B,banana,2021-04-29,THU,3.11,285,886.35,87.4
B009,B,banana,2021-04-30,FRI,3.11,284,883.24,93.7
B009,B,banana,2021-05-01,SAT,3.11,309,960.99,95.8
B009,B,banana,2021-05-02,SUN,3.11,313,973.43,92.6
B009,B,banana,2021-05-03,MON,,,,
B009,B,banana,2021-05-04,TUE,3.11,288,895.68,86.3
B009,B,banana,2021-05-05,WED,3.11,282,877.02,92.9
B009,B,banana,2021-05-06,THU,3.12,289,901.68,94.7
B009,B,banana,2021-05-07,FRI,3.12,287,895.44,86.6
B009,B,banana,2021-05-08,SAT,3.12,312,973.44,97.4
B009,B,banana,2021-05-09,SUN,3.12,311,970.32,90.2
B009,B,banana,2021-05-10,MON,,,,
B009,B,banana,2021-05-11,TUE,3.12,284,886.08,97
B009,B,banana,2021-05-12,WED,3.12,289,901.68,91
B009,B,banana,2021-05-13,THU,3.12,287,895.44,96.4
B009,B,banana,2021-05-14,FRI,3.12,285,889.2,96.6
B009,B,banana,2021-05-15,SAT,3.12,308,960.96,96.2
B009,B,banana,2021-05-16,SUN,3.12,310,967.2,96.6
B009,B,banana,2021-05-17,MON,,,,
B009,B,banana,2021-05-18,TUE,3.12,282,879.84,94.5
B009,B,banana,2021-05-19,WED,3.12,286,892.32,95.8
B009,B,banana,2021-05-20,THU,3.13,290,907.7,96
B009,B,banana,2021-05-21,FRI,3.13,284,888.92,92.8
B009,B,banana,2021-05-22,SAT,3.13,311,973.43,96
B009,B,banana,2021-05-23,SUN,3.13,308,964.04,95
B009,B,banana,2021-05-24,MON,,,,
B009,B,banana,2021-05-25,TUE,3.13,284,888.92,94.2
B009,B,banana,2021-05-26,WED,3.13,289,904.57,94.6
B009,B,banana,2021-05-27,THU,3.13,285,892.05,96.6
B009,B,banana,2021-05-28,FRI,3.13,283,885.79,95.9
B009,B,banana,2021-05-29,SAT,3.13,312,976.56,88.9
B009,B,banana,2021-05-30,SUN,3.13,310,970.3,98.6
B009,B,banana,2021-05-31,MON,,,,
B009,B,banana,2021-06-01,TUE,3.13,286,895.18,91.2
B009,B,banana,2021-06-02,WED,3.13,289,904.57,91.2
B009,B,banana,2021-06-03,THU,3.12,289,901.68,92.7
B009,B,banana,2021-06-04,FRI,3.12,288,898.56,94.5
B009,B,banana,2021-06-05,SAT,3.12,308,960.96,96.8
B009,B,banana,2021-06-06,SUN,3.12,311,970.32,95.1
B009,B,banana,2021-06-07,MON,,,,
B009,B,banana,2021-06-08,TUE,3.12,285,889.2,95.1
B009,B,banana,2021-06-09,WED,3.12,287,895.44,92.1
B009,B,banana,2021-06-10,THU,3.12,284,886.08,95.1
B009,B,banana,2021-06-11,FRI,3.12,279,870.48,93.9
B009,B,banana,2021-06-12,SAT,3.12,312,973.44,94
B009,B,banana,2021-06-13,SUN,3.12,308,960.96,88.8
B009,B,banana,2021-06-14,MON,,,,
B009,B,banana,2021-06-15,TUE,3.12,280,873.6,83.8
B009,B,banana,2021-06-16,WED,3.12,282,879.84,93.8
B009,B,banana,2021-06-17,THU,3.13,290,907.7,95.9
B009,B,banana,2021-06-18,FRI,3.13,284,888.92,97.3
B009,B,banana,2021-06-19,SAT,3.13,308,964.04,96.7
B009,B,banana,2021-06-20,SUN,3.13,309,967.17,96.7
B009,B,banana,2021-06-21,MON,,,,
B009,B,banana,2021-06-22,TUE,3.13,289,904.57,93.1
B009,B,banana,2021-06-23,WED,3.13,289,904.57,95.5
B009,B,banana,2021-06-24,THU,3.16,289,913.24,97
B009,B,banana,2021-06-25,FRI,3.16,286,903.76,97
B009,B,banana,2021-06-26,SAT,3.16,308,973.28,96
B009,B,banana,2021-06-27,SUN,3.16,312,985.92,98.1
B009,B,banana,2021-06-28,MON,,,,
B009,B,banana,2021-06-29,TUE,3.16,285,900.6,97.3
B009,B,banana,2021-06-30,WED,3.16,288,910.08,95
B009,B,banana,2021-07-01,THU,3.17,280,887.6,94.7
B009,B,banana,2021-07-02,FRI,3.17,280,887.6,98.1
B009,B,banana,2021-07-03,SAT,3.17,308,976.36,94.6
B009,B,banana,2021-07-04,SUN,3.17,311,985.87,95.9
B009,B,banana,2021-07-05,MON,,,,
B009,B,banana,2021-07-06,TUE,3.17,280,887.6,97.3
B009,B,banana,2021-07-07,WED,3.17,288,912.96,93.6
B009,B,banana,2021-07-08,THU,3.18,287,912.66,94.6
B009,B,banana,2021-07-09,FRI,3.18,283,899.94,96.7
B009,B,banana,2021-07-10,SAT,3.18,308,979.44,95.5
B009,B,banana,2021-07-11,SUN,3.18,310,985.8,98.4
B009,B,banana,2021-07-12,MON,,,,
B009,B,banana,2021-07-13,TUE,3.18,287,912.66,97
B009,B,banana,2021-07-14,WED,3.18,279,887.22,93.9
B009,B,banana,2021-07-15,THU,3.21,284,911.64,92.1
B009,B,banana,2021-07-16,FRI,3.21,279,895.59,95.4
B009,B,banana,2021-07-17,SAT,3.21,312,1001.52,88.9
B009,B,banana,2021-07-18,SUN,3.21,310,995.1,93.2
B009,B,banana,2021-07-19,MON,,,,
B009,B,banana,2021-07-20,TUE,3.21,281,902.01,96.7
B009,B,banana,2021-07-21,WED,3.21,288,924.48,98.2
B009,B,banana,2021-07-22,THU,3.23,288,930.24,97.7
B009,B,banana,2021-07-23,FRI,3.23,286,923.78,95.4
B009,B,banana,2021-07-24,SAT,3.23,308,994.84,93.3
B009,B,banana,2021-07-25,SUN,3.23,309,998.07,97.8
B009,B,banana,2021-07-26,MON,,,,
B009,B,banana,2021-07-27,TUE,3.23,289,933.47,95
B009,B,banana,2021-07-28,WED,3.23,284,917.32,96
B009,B,banana,2021-07-29,THU,3.25,282,916.5,91.3
B009,B,banana,2021-07-30,FRI,3.25,281,913.25,96.5
B009,B,banana,2021-07-31,SAT,3.25,308,1001,95.1
B009,B,banana,2021-08-01,SUN,3.25,313,1017.25,96.5
B009,B,banana,2021-08-02,MON,,,,
B009,B,banana,2021-08-03,TUE,3.25,281,913.25,97.1
B009,B,banana,2021-08-04,WED,3.25,281,913.25,97.5
B009,B,banana,2021-08-05,THU,3.25,290,942.5,96.3
B009,B,banana,2021-08-06,FRI,3.25,285,926.25,94.5
B009,B,banana,2021-08-07,SAT,3.25,311,1010.75,96
B009,B,banana,2021-08-08,SUN,3.25,310,1007.5,91
B009,B,banana,2021-08-09,MON,,,,
B009,B,banana,2021-08-10,TUE,3.25,281,913.25,96.4
B009,B,banana,2021-08-11,WED,3.25,289,939.25,94.4
B009,B,banana,2021-08-12,THU,3.26,282,919.32,93
B009,B,banana,2021-08-13,FRI,3.26,283,922.58,91.8
B009,B,banana,2021-08-14,SAT,3.26,313,1020.38,93.9
B009,B,banana,2021-08-15,SUN,3.26,308,1004.08,95.9
B009,B,banana,2021-08-16,MON,,,,
B009,B,banana,2021-08-17,TUE,3.26,282,919.32,95.3
B009,B,banana,2021-08-18,WED,3.26,284,925.84,95.2
B009,B,banana,2021-08-19,THU,3.28,290,951.2,93.9
B009,B,banana,2021-08-20,FRI,3.28,281,921.68,94.9
B009,B,banana,2021-08-21,SAT,3.28,313,1026.64,97.4
B009,B,banana,2021-08-22,SUN,3.28,311,1020.08,97.4
B009,B,banana,2021-08-23,MON,,,,
B009,B,banana,2021-08-24,TUE,3.28,285,934.8,97.5
B009,B,banana,2021-08-25,WED,3.28,285,934.8,93.2
B009,B,banana,2021-08-26,THU,3.29,280,921.2,92.8
B009,B,banana,2021-08-27,FRI,3.29,286,940.94,89.4
B009,B,banana,2021-08-28,SAT,3.29,308,1013.32,98
B009,B,banana,2021-08-29,SUN,3.29,313,1029.77,96.9
B009,B,banana,2021-08-30,MON,,,,
B009,B,banana,2021-08-31,TUE,3.29,284,934.36,95.2
B009,B,banana,2021-09-01,WED,3.29,283,931.07,91.1
B009,B,banana,2021-09-02,THU,3.3,286,943.8,91.4
B009,B,banana,2021-09-03,FRI,3.3,289,953.7,89.7
B009,B,banana,2021-09-04,SAT,3.3,312,1029.6,95
B009,B,banana,2021-09-05,SUN,3.3,309,1019.7,95.7
B009,B,banana,2021-09-06,MON,,,,
B009,B,banana,2021-09-07,TUE,3.3,281,927.3,98.6
B009,B,banana,2021-09-08,WED,3.3,281,927.3,93.2
B009,B,banana,2021-09-09,THU,3.3,283,933.9,98.6
B009,B,banana,2021-09-10,FRI,3.3,288,950.4,94.8
B009,B,banana,2021-09-11,SAT,3.3,310,1023,94.8
B009,B,banana,2021-09-12,SUN,3.3,313,1032.9,94
B009,B,banana,2021-09-13,MON,,,,
B009,B,banana,2021-09-14,TUE,3.3,281,927.3,97.8
B009,B,banana,2021-09-15,WED,3.3,281,927.3,96.2
B009,B,banana,2021-09-16,THU,3.32,283,939.56,97.9
B009,B,banana,2021-09-17,FRI,3.32,282,936.24,98.4
B009,B,banana,2021-09-18,SAT,3.32,312,1035.84,99.6
B009,B,banana,2021-09-19,SUN,3.32,310,1029.2,98.1
B009,B,banana,2021-09-20,MON,,,,
B009,B,banana,2021-09-21,TUE,3.32,288,956.16,98.2
B009,B,banana,2021-09-22,WED,3.32,290,962.8,98.3
B009,B,banana,2021-09-23,THU,3.33,285,949.05,93.9
B009,B,banana,2021-09-24,FRI,3.33,286,952.38,98.4
B009,B,banana,2021-09-25,SAT,3.33,311,1035.63,98.2
B009,B,banana,2021-09-26,SUN,3.33,311,1035.63,99.3
B009,B,banana,2021-09-27,MON,,,,
B009,B,banana,2021-09-28,TUE,3.33,287,955.71,97
B009,B,banana,2021-09-29,WED,3.33,283,942.39,97
B009,B,banana,2021-09-30,THU,3.35,286,958.1,95.8
B009,B,cherry,2021-04-01,THU,7.01,481,3371.81,96
B009,B,cherry,2021-04-02,FRI,7.01,500,3505,87
B009,B,cherry,2021-04-03,SAT,7.01,532,3729.32,90.3
B009,B,cherry,2021-04-04,SUN,7.01,534,3743.34,95.2
B009,B,cherry,2021-04-05,MON,,,,
B009,B,cherry,2021-04-06,TUE,7.01,499,3497.99,84.9
B009,B,cherry,2021-04-07,WED,7.01,490,3434.9,88.9
B009,B,cherry,2021-04-08,THU,7.01,488,3420.88,82.5
B009,B,cherry,2021-04-09,FRI,7.01,499,3497.99,95
B009,B,cherry,2021-04-10,SAT,7.01,533,3736.33,95
B009,B,cherry,2021-04-11,SUN,7.01,538,3771.38,92.9
B009,B,cherry,2021-04-12,MON,,,,
B009,B,cherry,2021-04-13,TUE,7.01,484,3392.84,80.8
B009,B,cherry,2021-04-14,WED,7.01,493,3455.93,81.9
B009,B,cherry,2021-04-15,THU,7.01,481,3371.81,93.2
B009,B,cherry,2021-04-16,FRI,7.01,482,3378.82,97.6
B009,B,cherry,2021-04-17,SAT,7.01,532,3729.32,85.6
B009,B,cherry,2021-04-18,SUN,7.01,535,3750.35,86.1
B009,B,cherry,2021-04-19,MON,,,,
B009,B,cherry,2021-04-20,TUE,7.01,492,3448.92,93.5
B009,B,cherry,2021-04-21,WED,7.01,484,3392.84,96.4
B009,B,cherry,2021-04-22,THU,7.02,492,3453.84,89.6
B009,B,cherry,2021-04-23,FRI,7.02,489,3432.78,97.6
B009,B,cherry,2021-04-24,SAT,7.02,536,3762.72,85.8
B009,B,cherry,2021-04-25,SUN,7.02,531,3727.62,94.9
B009,B,cherry,2021-04-26,MON,,,,
B009,B,cherry,2021-04-27,TUE,7.02,481,3376.62,90.6
B009,B,cherry,2021-04-28,WED,7.02,492,3453.84,92
B009,B,cherry,2021-04-29,THU,7.01,486,3406.86,87.4
B009,B,cherry,2021-04-30,FRI,7.01,493,3455.93,93.7
B009,B,cherry,2021-05-01,SAT,7.01,531,3722.31,95.8
B009,B,cherry,2021-05-02,SUN,7.01,532,3729.32,92.6
B009,B,cherry,2021-05-03,MON,,,,
B009,B,cherry,2021-05-04,TUE,7.01,497,3483.97,86.3
B009,B,cherry,2021-05-05,WED,7.01,499,3497.99,92.9
B009,B,cherry,2021-05-06,THU,7.03,484,3402.52,94.7
B009,B,cherry,2021-05-07,FRI,7.03,480,3374.4,86.6
B009,B,cherry,2021-05-08,SAT,7.03,535,3761.05,97.4
B009,B,cherry,2021-05-09,SUN,7.03,535,3761.05,90.2
B009,B,cherry,2021-05-10,MON,,,,
B009,B,cherry,2021-05-11,TUE,7.03,489,3437.67,97
B009,B,cherry,2021-05-12,WED,7.03,494,3472.82,91
B009,B,cherry,2021-05-13,THU,7.04,498,3505.92,96.4
B009,B,cherry,2021-05-14,FRI,7.04,489,3442.56,96.6
B009,B,cherry,2021-05-15,SAT,7.04,535,3766.4,96.2
B009,B,cherry,2021-05-16,SUN,7.04,531,3738.24,96.6
B009,B,cherry,2021-05-17,MON,,,,
B009,B,cherry,2021-05-18,TUE,7.04,484,3407.36,94.5
B009,B,cherry,2021-05-19,WED,7.04,481,3386.24,95.8
B009,B,cherry,2021-05-20,THU,7.04,486,3421.44,96
B009,B,cherry,2021-05-21,FRI,7.04,481,3386.24,92.8
B009,B,cherry,2021-05-22,SAT,7.04,529,3724.16,96
B009,B,cherry,2021-05-23,SUN,7.04,536,3773.44,95
B009,B,cherry,2021-05-24,MON,,,,
B009,B,cherry,2021-05-25,TUE,7.04,483,3400.32,94.2
B009,B,cherry,2021-05-26,WED,7.04,493,3470.72,94.6
B009,B,cherry,2021-05-27,THU,7.04,485,3414.4,96.6
B009,B,cherry,2021-05-28,FRI,7.04,487,3428.48,95.9
B009,B,cherry,2021-05-29,SAT,7.04,533,3752.32,88.9
B009,B,cherry,2021-05-30,SUN,7.04,538,3787.52,98.6
B009,B,cherry,2021-05-31,MON,,,,
B009,B,cherry,2021-06-01,TUE,7.04,483,3400.32,91.2
B009,B,cherry,2021-06-02,WED,7.04,498,3505.92,91.2
B009,B,cherry,2021-06-03,THU,7.05,480,3384,92.7
B009,B,cherry,2021-06-04,FRI,7.05,490,3454.5,94.5
B009,B,cherry,2021-06-05,SAT,7.05,534,3764.7,96.8
B009,B,cherry,2021-06-06,SUN,7.05,538,3792.9,95.1
B009,B,cherry,2021-06-07,MON,,,,
B009,B,cherry,2021-06-08,TUE,7.05,495,3489.75,95.1
B009,B,cherry,2021-06-09,WED,7.05,493,3475.65,92.1
B009,B,cherry,2021-06-10,THU,7.07,488,3450.16,95.1
B009,B,cherry,2021-06-11,FRI,7.07,492,3478.44,93.9
B009,B,cherry,2021-06-12,SAT,7.07,536,3789.52,94
B009,B,cherry,2021-06-13,SUN,7.07,533,3768.31,88.8
B009,B,cherry,2021-06-14,MON,,,,
B009,B,cherry,2021-06-15,TUE,7.07,497,3513.79,83.8
B009,B,cherry,2021-06-16,WED,7.07,496,3506.72,93.8
B009,B,cherry,2021-06-17,THU,7.06,492,3473.52,95.9
B009,B,cherry,2021-06-18,FRI,7.06,494,3487.64,97.3
B009,B,cherry,2021-06-19,SAT,7.06,532,3755.92,96.7
B009,B,cherry,2021-06-20,SUN,7.06,537,3791.22,96.7
B009,B,cherry,2021-06-21,MON,,,,
B009,B,cherry,2021-06-22,TUE,7.06,497,3508.82,93.1
B009,B,cherry,2021-06-23,WED,7.06,498,3515.88,95.5
B009,B,cherry,2021-06-24,THU,7.07,491,3471.37,97
B009,B,cherry,2021-06-25,FRI,7.07,483,3414.81,97
B009,B,cherry,2021-06-26,SAT,7.07,531,3754.17,96
B009,B,cherry,2021-06-27,SUN,7.07,536,3789.52,98.1
B009,B,cherry,2021-06-28,MON,,,,
B009,B,cherry,2021-06-29,TUE,7.07,486,3436.02,97.3
B009,B,cherry,2021-06-30,WED,7.07,490,3464.3,95
B009,B,cherry,2021-07-01,THU,7.1,497,3528.7,94.7
B009,B,cherry,2021-07-02,FRI,7.1,498,3535.8,98.1
B009,B,cherry,2021-07-03,SAT,7.1,533,3784.3,94.6
B009,B,cherry,2021-07-04,SUN,7.1,531,3770.1,95.9
B009,B,cherry,2021-07-05,MON,,,,
B009,B,cherry,2021-07-06,TUE,7.1,481,3415.1,97.3
B009,B,cherry,2021-07-07,WED,7.1,493,3500.3,93.6
B009,B,cherry,2021-07-08,THU,7.11,499,3547.89,94.6
B009,B,cherry,2021-07-09,FRI,7.11,483,3434.13,96.7
B009,B,cherry,2021-07-10,SAT,7.11,530,3768.3,95.5
B009,B,cherry,2021-07-11,SUN,7.11,536,3810.96,98.4
B009,B,cherry,2021-07-12,MON,,,,
B009,B,cherry,2021-07-13,TUE,7.11,493,3505.23,97
B009,B,cherry,2021-07-14,WED,7.11,498,3540.78,93.9
B009,B,cherry,2021-07-15,THU,7.14,482,3441.48,92.1
B009,B,cherry,2021-07-16,FRI,7.14,481,3434.34,95.4
B009,B,cherry,2021-07-17,SAT,7.14,532,3798.48,88.9
B009,B,cherry,2021-07-18,SUN,7.14,537,3834.18,93.2
B009,B,cherry,2021-07-19,MON,,,,
B009,B,cherry,2021-07-20,TUE,7.14,488,3484.32,96.7
B009,B,cherry,2021-07-21,WED,7.14,498,3555.72,98.2
B009,B,cherry,2021-07-22,THU,7.16,491,3515.56,97.7
B009,B,cherry,2021-07-23,FRI,7.16,496,3551.36,95.4
B009,B,cherry,2021-07-24,SAT,7.16,532,3809.12,93.3
B009,B,cherry,2021-07-25,SUN,7.16,538,3852.08,97.8
B009,B,cherry,2021-07-26,MON,,,,
B009,B,cherry,2021-07-27,TUE,7.16,487,3486.92,95
B009,B,cherry,2021-07-28,WED,7.16,487,3486.92,96
B009,B,cherry,2021-07-29,THU,7.16,489,3501.24,91.3
B009,B,cherry,2021-07-30,FRI,7.16,499,3572.84,96.5
B009,B,cherry,2021-07-31,SAT,7.16,539,3859.24,95.1
B009,B,cherry,2021-08-01,SUN,7.16,532,3809.12,96.5
B009,B,cherry,2021-08-02,MON,,,,
B009,B,cherry,2021-08-03,TUE,7.16,495,3544.2,97.1
B009,B,cherry,2021-08-04,WED,7.16,487,3486.92,97.5
B009,B,cherry,2021-08-05,THU,7.17,483,3463.11,96.3
B009,B,cherry,2021-08-06,FRI,7.17,485,3477.45,94.5
B009,B,cherry,2021-08-07,SAT,7.17,530,3800.1,96
B009,B,cherry,2021-08-08,SUN,7.17,537,3850.29,91
B009,B,cherry,2021-08-09,MON,,,,
B009,B,cherry,2021-08-10,TUE,7.17,494,3541.98,96.4
B009,B,cherry,2021-08-11,WED,7.17,480,3441.6,94.4
B009,B,cherry,2021-08-12,THU,7.16,487,3486.92,93
B009,B,cherry,2021-08-13,FRI,7.16,483,3458.28,91.8
B009,B,cherry,2021-08-14,SAT,7.16,531,3801.96,93.9
B009,B,cherry,2021-08-15,SUN,7.16,538,3852.08,95.9
B009,B,cherry,2021-08-16,MON,,,,
B009,B,cherry,2021-08-17,TUE,7.16,485,3472.6,95.3
B009,B,cherry,2021-08-18,WED,7.16,485,3472.6,95.2
B009,B,cherry,2021-08-19,THU,7.19,496,3566.24,93.9
B009,B,cherry,2021-08-20,FRI,7.19,493,3544.67,94.9
B009,B,cherry,2021-08-21,SAT,7.19,538,3868.22,97.4
B009,B,cherry,2021-08-22,SUN,7.19,532,3825.08,97.4
B009,B,cherry,2021-08-23,MON,,,,
B009,B,cherry,2021-08-24,TUE,7.19,492,3537.48,97.5
B009,B,cherry,2021-08-25,WED,7.19,494,3551.86,93.2
B009,B,cherry,2021-08-26,THU,7.21,480,3460.8,92.8
B009,B,cherry,2021-08-27,FRI,7.21,480,3460.8,89.4
B009,B,cherry,2021-08-28,SAT,7.21,537,3871.77,98
B009,B,cherry,2021-08-29,SUN,7.21,532,3835.72,96.9
B009,B,cherry,2021-08-30,MON,,,,
B009,B,cherry,2021-08-31,TUE,7.21,498,3590.58,95.2
B009,B,cherry,2021-09-01,WED,7.21,492,3547.32,91.1
B009,B,cherry,2021-09-02,THU,7.2,499,3592.8,91.4
B009,B,cherry,2021-09-03,FRI,7.2,499,3592.8,89.7
B009,B,cherry,2021-09-04,SAT,7.2,534,3844.8,95
B009,B,cherry,2021-09-05,SUN,7.2,537,3866.4,95.7
B009,B,cherry,2021-09-06,MON,,,,
B009,B,cherry,2021-09-07,TUE,7.2,494,3556.8,98.6
B009,B,cherry,2021-09-08,WED,7.2,491,3535.2,93.2
B009,B,cherry,2021-09-09,THU,7.22,489,3530.58,98.6
B009,B,cherry,2021-09-10,FRI,7.22,499,3602.78,94.8
B009,B,cherry,2021-09-11,SAT,7.22,530,3826.6,94.8
B009,B,cherry,2021-09-12,SUN,7.22,532,3841.04,94
B009,B,cherry,2021-09-13,MON,,,,
B009,B,cherry,2021-09-14,TUE,7.22,490,3537.8,97.8
B009,B,cherry,2021-09-15,WED,7.22,493,3559.46,96.2
B009,B,cherry,2021-09-16,THU,7.21,488,3518.48,97.9
B009,B,cherry,2021-09-17,FRI,7.21,491,3540.11,98.4
B009,B,cherry,2021-09-18,SAT,7.21,534,3850.14,99.6
B009,B,cherry,2021-09-19,SUN,7.21,531,3828.51,98.1
B009,B,cherry,2021-09-20,MON,,,,
B009,B,cherry,2021-09-21,TUE,7.21,492,3547.32,98.2
B009,B,cherry,2021-09-22,WED,7.21,482,3475.22,98.3
B009,B,cherry,2021-09-23,THU,7.22,495,3573.9,93.9
B009,B,cherry,2021-09-24,FRI,7.22,499,3602.78,98.4
B009,B,cherry,2021-09-25,SAT,7.22,529,3819.38,98.2
B009,B,cherry,2021-09-26,SUN,7.22,539,3891.58,99.3
B009,B,cherry,2021-09-27,MON,,,,
B009,B,cherry,2021-09-28,TUE,7.22,485,3501.7,97
B009,B,cherry,2021-09-29,WED,7.22,496,3581.12,97
B009,B,cherry,2021-09-30,THU,7.24,482,3489.68,95.8
B010,B,apple,2021-04-01,THU,0.92,374,344.08,96
B010,B,apple,2021-04-02,FRI,0.92,369,339.48,87
B010,B,apple,2021-04-03,SAT,0.92,403,370.76,90.3
B010,B,apple,2021-04-04,SUN,0.92,399,367.08,95.2
B010,B,apple,2021-04-05,MON,,,,
B010,B,apple,2021-04-06,TUE,0.92,368,338.56,84.9
B010,B,apple,2021-04-07,WED,0.92,367,337.64,88.9
B010,B,apple,2021-04-08,THU,0.92,365,335.8,82.5
B010,B,apple,2021-04-09,FRI,0.92,372,342.24,95
B010,B,apple,2021-04-10,SAT,0.92,402,369.84,95
B010,B,apple,2021-04-11,SUN,0.92,400,368,92.9
B010,B,apple,2021-04-12,MON,,,,
B010,B,apple,2021-04-13,TUE,0.92,376,345.92,80.8
B010,B,apple,2021-04-14,WED,0.92,370,340.4,81.9
B010,B,apple,2021-04-15,THU,0.93,375,348.75,93.2
B010,B,apple,2021-04-16,FRI,0.93,362,336.66,97.6
B010,B,apple,2021-04-17,SAT,0.93,400,372,85.6
B010,B,apple,2021-04-18,SUN,0.93,405,376.65,86.1
B010,B,apple,2021-04-19,MON,,,,
B010,B,apple,2021-04-20,TUE,0.93,367,341.31,93.5
B010,B,apple,2021-04-21,WED,0.93,374,347.82,96.4
B010,B,apple,2021-04-22,THU,0.95,365,346.75,89.6
B010,B,apple,2021-04-23,FRI,0.95,370,351.5,97.6
B010,B,apple,2021-04-24,SAT,0.95,402,381.9,85.8
B010,B,apple,2021-04-25,SUN,0.95,402,381.9,94.9
B010,B,apple,2021-04-26,MON,,,,
B010,B,apple,2021-04-27,TUE,0.95,362,343.9,90.6
B010,B,apple,2021-04-28,WED,0.95,368,349.6,92
B010,B,apple,2021-04-29,THU,0.96,374,359.04,87.4
B010,B,apple,2021-04-30,FRI,0.96,362,347.52,93.7
B010,B,apple,2021-05-01,SAT,0.96,404,387.84,95.8
B010,B,apple,2021-05-02,SUN,0.96,403,386.88,92.6
B010,B,apple,2021-05-03,MON,,,,
B010,B,apple,2021-05-04,TUE,0.96,376,360.96,86.3
B010,B,apple,2021-05-05,WED,0.96,367,352.32,92.9
B010,B,apple,2021-05-06,THU,0.97,367,355.99,94.7
B010,B,apple,2021-05-07,FRI,0.97,370,358.9,86.6
B010,B,apple,2021-05-08,SAT,0.97,405,392.85,97.4
B010,B,apple,2021-05-09,SUN,0.97,405,392.85,90.2
B010,B,apple,2021-05-10,MON,,,,
B010,B,apple,2021-05-11,TUE,0.97,375,363.75,97
B010,B,apple,2021-05-12,WED,0.97,365,354.05,91
B010,B,apple,2021-05-13,THU,0.99,367,363.33,96.4
B010,B,apple,2021-05-14,FRI,0.99,372,368.28,96.6
B010,B,apple,2021-05-15,SAT,0.99,405,400.95,96.2
B010,B,apple,2021-05-16,SUN,0.99,403,398.97,96.6
B010,B,apple,2021-05-17,MON,,,,
B010,B,apple,2021-05-18,TUE,0.99,370,366.3,94.5
B010,B,apple,2021-05-19,WED,0.99,369,365.31,95.8
B010,B,apple,2021-05-20,THU,0.98,375,367.5,96
B010,B,apple,2021-05-21,FRI,0.98,368,360.64,92.8
B010,B,apple,2021-05-22,SAT,0.98,400,392,96
B010,B,apple,2021-05-23,SUN,0.98,402,393.96,95
B010,B,apple,2021-05-24,MON,,,,
B010,B,apple,2021-05-25,TUE,0.98,368,360.64,94.2
B010,B,apple,2021-05-26,WED,0.98,372,364.56,94.6
B010,B,apple,2021-05-27,THU,1,374,374,96.6
B010,B,apple,2021-05-28,FRI,1,374,374,95.9
B010,B,apple,2021-05-29,SAT,1,399,399,88.9
B010,B,apple,2021-05-30,SUN,1,405,405,98.6
B010,B,apple,2021-05-31,MON,,,,
B010,B,apple,2021-06-01,TUE,1,368,368,91.2
B010,B,apple,2021-06-02,WED,1,363,363,91.2
B010,B,apple,2021-06-03,THU,1.02,365,372.3,92.7
B010,B,apple,2021-06-04,FRI,1.02,369,376.38,94.5
B010,B,apple,2021-06-05,SAT,1.02,403,411.06,96.8
B010,B,apple,2021-06-06,SUN,1.02,405,413.1,95.1
B010,B,apple,2021-06-07,MON,,,,
B010,B,apple,2021-06-08,TUE,1.02,375,382.5,95.1
B010,B,apple,2021-06-09,WED,1.02,372,379.44,92.1
B010,B,apple,2021-06-10,THU,1.04,374,388.96,95.1
B010,B,apple,2021-06-11,FRI,1.04,370,384.8,93.9
B010,B,apple,2021-06-12,SAT,1.04,402,418.08,94
B010,B,apple,2021-06-13,SUN,1.04,406,422.24,88.8
B010,B,apple,2021-06-14,MON,,,,
B010,B,apple,2021-06-15,TUE,1.04,368,382.72,83.8
B010,B,apple,2021-06-16,WED,1.04,372,386.88,93.8
B010,B,apple,2021-06-17,THU,1.07,362,387.34,95.9
B010,B,apple,2021-06-18,FRI,1.07,364,389.48,97.3
B010,B,apple,2021-06-19,SAT,1.07,400,428,96.7
B010,B,apple,2021-06-20,SUN,1.07,399,426.93,96.7
B010,B,apple,2021-06-21,MON,,,,
B010,B,apple,2021-06-22,TUE,1.07,371,396.97,93.1
B010,B,apple,2021-06-23,WED,1.07,368,393.76,95.5
B010,B,apple,2021-06-24,THU,1.1,368,404.8,97
B010,B,apple,2021-06-25,FRI,1.1,366,402.6,97
B010,B,apple,2021-06-26,SAT,1.1,403,443.3,96
B010,B,apple,2021-06-27,SUN,1.1,406,446.6,98.1
B010,B,apple,2021-06-28,MON,,,,
B010,B,apple,2021-06-29,TUE,1.1,376,413.6,97.3
B010,B,apple,2021-06-30,WED,1.1,365,401.5,95
B010,B,apple,2021-07-01,THU,1.11,368,408.48,94.7
B010,B,apple,2021-07-02,FRI,1.11,366,406.26,98.1
B010,B,apple,2021-07-03,SAT,1.11,404,448.44,94.6
B010,B,apple,2021-07-04,SUN,1.11,401,445.11,95.9
B010,B,apple,2021-07-05,MON,,,,
B010,B,apple,2021-07-06,TUE,1.11,364,404.04,97.3
B010,B,apple,2021-07-07,WED,1.11,366,406.26,93.6
B010,B,apple,2021-07-08,THU,1.11,375,416.25,94.6
B010,B,apple,2021-07-09,FRI,1.11,368,408.48,96.7
B010,B,apple,2021-07-10,SAT,1.11,401,445.11,95.5
B010,B,apple,2021-07-11,SUN,1.11,401,445.11,98.4
B010,B,apple,2021-07-12,MON,,,,
B010,B,apple,2021-07-13,TUE,1.11,368,408.48,97
B010,B,apple,2021-07-14,WED,1.11,376,417.36,93.9
B010,B,apple,2021-07-15,THU,1.14,364,414.96,92.1
B010,B,apple,2021-07-16,FRI,1.14,374,426.36,95.4
B010,B,apple,2021-07-17,SAT,1.14,402,458.28,88.9
B010,B,apple,2021-07-18,SUN,1.14,401,457.14,93.2
B010,B,apple,2021-07-19,MON,,,,
B010,B,apple,2021-07-20,TUE,1.14,373,425.22,96.7
B010,B,apple,2021-07-21,WED,1.14,366,417.24,98.2
B010,B,apple,2021-07-22,THU,1.17,373,436.41,97.7
B010,B,apple,2021-07-23,FRI,1.17,375,438.75,95.4
B010,B,apple,2021-07-24,SAT,1.17,402,470.34,93.3
B010,B,apple,2021-07-25,SUN,1.17,402,470.34,97.8
B010,B,apple,2021-07-26,MON,,,,
B010,B,apple,2021-07-27,TUE,1.17,376,439.92,95
B010,B,apple,2021-07-28,WED,1.17,376,439.92,96
B010,B,apple,2021-07-29,THU,1.19,373,443.87,91.3
B010,B,apple,2021-07-30,FRI,1.19,371,441.49,96.5
B010,B,apple,2021-07-31,SAT,1.19,402,478.38,95.1
B010,B,apple,2021-08-01,SUN,1.19,399,474.81,96.5
B010,B,apple,2021-08-02,MON,,,,
B010,B,apple,2021-08-03,TUE,1.19,366,435.54,97.1
B010,B,apple,2021-08-04,WED,1.19,364,433.16,97.5
B010,B,apple,2021-08-05,THU,1.2,368,441.6,96.3
B010,B,apple,2021-08-06,FRI,1.2,369,442.8,94.5
B010,B,apple,2021-08-07,SAT,1.2,402,482.4,96
B010,B,apple,2021-08-08,SUN,1.2,402,482.4,91
B010,B,apple,2021-08-09,MON,,,,
B010,B,apple,2021-08-10,TUE,1.2,371,445.2,96.4
B010,B,apple,2021-08-11,WED,1.2,366,439.2,94.4
B010,B,apple,2021-08-12,THU,1.21,366,442.86,93
B010,B,apple,2021-08-13,FRI,1.21,366,442.86,91.8
B010,B,apple,2021-08-14,SAT,1.21,400,484,93.9
B010,B,apple,2021-08-15,SUN,1.21,401,485.21,95.9
B010,B,apple,2021-08-16,MON,,,,
B010,B,apple,2021-08-17,TUE,1.21,370,447.7,95.3
B010,B,apple,2021-08-18,WED,1.21,363,439.23,95.2
B010,B,apple,2021-08-19,THU,1.23,374,460.02,93.9
B010,B,apple,2021-08-20,FRI,1.23,375,461.25,94.9
B010,B,apple,2021-08-21,SAT,1.23,399,490.77,97.4
B010,B,apple,2021-08-22,SUN,1.23,404,496.92,97.4
B010,B,apple,2021-08-23,MON,,,,
B010,B,apple,2021-08-24,TUE,1.23,372,457.56,97.5
B010,B,apple,2021-08-25,WED,1.23,374,460.02,93.2
B010,B,apple,2021-08-26,THU,1.25,368,460,92.8
B010,B,apple,2021-08-27,FRI,1.25,362,452.5,89.4
B010,B,apple,2021-08-28,SAT,1.25,401,501.25,98
B010,B,apple,2021-08-29,SUN,1.25,401,501.25,96.9
B010,B,apple,2021-08-30,MON,,,,
B010,B,apple,2021-08-31,TUE,1.25,371,463.75,95.2
B010,B,apple,2021-09-01,WED,1.25,371,463.75,91.1
B010,B,apple,2021-09-02,THU,1.28,366,468.48,91.4
B010,B,apple,2021-09-03,FRI,1.28,374,478.72,89.7
B010,B,apple,2021-09-04,SAT,1.28,405,518.4,95
B010,B,apple,2021-09-05,SUN,1.28,403,515.84,95.7
B010,B,apple,2021-09-06,MON,,,,
B010,B,apple,2021-09-07,TUE,1.28,364,465.92,98.6
B010,B,apple,2021-09-08,WED,1.28,365,467.2,93.2
B010,B,apple,2021-09-09,THU,1.28,375,480,98.6
B010,B,apple,2021-09-10,FRI,1.28,374,478.72,94.8
B010,B,apple,2021-09-11,SAT,1.28,405,518.4,94.8
B010,B,apple,2021-09-12,SUN,1.28,400,512,94
B010,B,apple,2021-09-13,MON,,,,
B010,B,apple,2021-09-14,TUE,1.28,374,478.72,97.8
B010,B,apple,2021-09-15,WED,1.28,370,473.6,96.2
B010,B,apple,2021-09-16,THU,1.3,366,475.8,97.9
B010,B,apple,2021-09-17,FRI,1.3,372,483.6,98.4
B010,B,apple,2021-09-18,SAT,1.3,399,518.7,99.6
B010,B,apple,2021-09-19,SUN,1.3,401,521.3,98.1
B010,B,apple,2021-09-20,MON,,,,
B010,B,apple,2021-09-21,TUE,1.3,363,471.9,98.2
B010,B,apple,2021-09-22,WED,1.3,374,486.2,98.3
B010,B,apple,2021-09-23,THU,1.3,365,474.5,93.9
B010,B,apple,2021-09-24,FRI,1.3,373,484.9,98.4
B010,B,apple,2021-09-25,SAT,1.3,400,520,98.2
B010,B,apple,2021-09-26,SUN,1.3,401,521.3,99.3
B010,B,apple,2021-09-27,MON,,,,
B010,B,apple,2021-09-28,TUE,1.3,376,488.8,97
B010,B,apple,2021-09-29,WED,1.3,370,481,97
B010,B,apple,2021-09-30,THU,1.32,374,493.68,95.8
B010,B,cherry,2021-04-01,THU,5.5,306,1683,96
B010,B,cherry,2021-04-02,FRI,5.5,295,1622.5,87
B010,B,cherry,2021-04-03,SAT,5.5,327,1798.5,90.3
B010,B,cherry,2021-04-04,SUN,5.5,326,1793,95.2
B010,B,cherry,2021-04-05,MON,,,,
B010,B,cherry,2021-04-06,TUE,5.5,302,1661,84.9
B010,B,cherry,2021-04-07,WED,5.5,305,1677.5,88.9
B010,B,cherry,2021-04-08,THU,5.49,301,1652.49,82.5
B010,B,cherry,2021-04-09,FRI,5.49,306,1679.94,95
B010,B,cherry,2021-04-10,SAT,5.49,324,1778.76,95
B010,B,cherry,2021-04-11,SUN,5.49,328,1800.72,92.9
B010,B,cherry,2021-04-12,MON,,,,
B010,B,cherry,2021-04-13,TUE,5.49,301,1652.49,80.8
B010,B,cherry,2021-04-14,WED,5.49,300,1647,81.9
B010,B,cherry,2021-04-15,THU,5.5,300,1650,93.2
B010,B,cherry,2021-04-16,FRI,5.5,296,1628,97.6
B010,B,cherry,2021-04-17,SAT,5.5,324,1782,85.6
B010,B,cherry,2021-04-18,SUN,5.5,325,1787.5,86.1
B010,B,cherry,2021-04-19,MON,,,,
B010,B,cherry,2021-04-20,TUE,5.5,295,1622.5,93.5
B010,B,cherry,2021-04-21,WED,5.5,297,1633.5,96.4
B010,B,cherry,2021-04-22,THU,5.5,299,1644.5,89.6
B010,B,cherry,2021-04-23,FRI,5.5,295,1622.5,97.6
B010,B,cherry,2021-04-24,SAT,5.5,328,1804,85.8
B010,B,cherry,2021-04-25,SUN,5.5,330,1815,94.9
B010,B,cherry,2021-04-26,MON,,,,
B010,B,cherry,2021-04-27,TUE,5.5,300,1650,90.6
B010,B,cherry,2021-04-28,WED,5.5,297,1633.5,92
B010,B,cherry,2021-04-29,THU,5.52,302,1667.04,87.4
B010,B,cherry,2021-04-30,FRI,5.52,298,1644.96,93.7
B010,B,cherry,2021-05-01,SAT,5.52,326,1799.52,95.8
B010,B,cherry,2021-05-02,SUN,5.52,326,1799.52,92.6
B010,B,cherry,2021-05-03,MON,,,,
B010,B,cherry,2021-05-04,TUE,5.52,304,1678.08,86.3
B010,B,cherry,2021-05-05,WED,5.52,301,1661.52,92.9
B010,B,cherry,2021-05-06,THU,5.54,298,1650.92,94.7
B010,B,cherry,2021-05-07,FRI,5.54,298,1650.92,86.6
B010,B,cherry,2021-05-08,SAT,5.54,325,1800.5,97.4
B010,B,cherry,2021-05-09,SUN,5.54,327,1811.58,90.2
B010,B,cherry,2021-05-10,MON,,,,
B010,B,cherry,2021-05-11,TUE,5.54,295,1634.3,97
B010,B,cherry,2021-05-12,WED,5.54,305,1689.7,91
B010,B,cherry,2021-05-13,THU,5.54,302,1673.08,96.4
B010,B,cherry,2021-05-14,FRI,5.54,299,1656.46,96.6
B010,B,cherry,2021-05-15,SAT,5.54,325,1800.5,96.2
B010,B,cherry,2021-05-16,SUN,5.54,329,1822.66,96.6
B010,B,cherry,2021-05-17,MON,,,,
B010,B,cherry,2021-05-18,TUE,5.54,295,1634.3,94.5
B010,B,cherry,2021-05-19,WED,5.54,295,1634.3,95.8
B010,B,cherry,2021-05-20,THU,5.56,304,1690.24,96
B010,B,cherry,2021-05-21,FRI,5.56,304,1690.24,92.8
B010,B,cherry,2021-05-22,SAT,5.56,329,1829.24,96
B010,B,cherry,2021-05-23,SUN,5.56,327,1818.12,95
B010,B,cherry,2021-05-24,MON,,,,
B010,B,cherry,2021-05-25,TUE,5.56,304,1690.24,94.2
B010,B,cherry,2021-05-26,WED,5.56,300,1668,94.6
B010,B,cherry,2021-05-27,THU,5.59,296,1654.64,96.6
B010,B,cherry,2021-05-28,FRI,5.59,295,1649.05,95.9
B010,B,cherry,2021-05-29,SAT,5.59,328,1833.52,88.9
B010,B,cherry,2021-05-30,SUN,5.59,326,1822.34,98.6
B010,B,cherry,2021-05-31,MON,,,,
B010,B,cherry,2021-06-01,TUE,5.59,302,1688.18,91.2
B010,B,cherry,2021-06-02,WED,5.59,299,1671.41,91.2
B010,B,cherry,2021-06-03,THU,5.6,297,1663.2,92.7
B010,B,cherry,2021-06-04,FRI,5.6,295,1652,94.5
B010,B,cherry,2021-06-05,SAT,5.6,325,1820,96.8
B010,B,cherry,2021-06-06,SUN,5.6,327,1831.2,95.1
B010,B,cherry,2021-06-07,MON,,,,
B010,B,cherry,2021-06-08,TUE,5.6,295,1652,95.1
B010,B,cherry,2021-06-09,WED,5.6,294,1646.4,92.1
B010,B,cherry,2021-06-10,THU,5.62,300,1686,95.1
B010,B,cherry,2021-06-11,FRI,5.62,301,1691.62,93.9
B010,B,cherry,2021-06-12,SAT,5.62,327,1837.74,94
B010,B,cherry,2021-06-13,SUN,5.62,328,1843.36,88.8
B010,B,cherry,2021-06-14,MON,,,,
B010,B,cherry,2021-06-15,TUE,5.62,297,1669.14,83.8
B010,B,cherry,2021-06-16,WED,5.62,295,1657.9,93.8
B010,B,cherry,2021-06-17,THU,5.63,302,1700.26,95.9
B010,B,cherry,2021-06-18,FRI,5.63,297,1672.11,97.3
B010,B,cherry,2021-06-19,SAT,5.63,328,1846.64,96.7
B010,B,cherry,2021-06-20,SUN,5.63,330,1857.9,96.7
B010,B,cherry,2021-06-21,MON,,,,
B010,B,cherry,2021-06-22,TUE,5.63,296,1666.48,93.1
B010,B,cherry,2021-06-23,WED,5.63,303,1705.89,95.5
B010,B,cherry,2021-06-24,THU,5.65,297,1678.05,97
B010,B,cherry,2021-06-25,FRI,5.65,301,1700.65,97
B010,B,cherry,2021-06-26,SAT,5.65,325,1836.25,96
B010,B,cherry,2021-06-27,SUN,5.65,328,1853.2,98.1
B010,B,cherry,2021-06-28,MON,,,,
B010,B,cherry,2021-06-29,TUE,5.65,294,1661.1,97.3
B010,B,cherry,2021-06-30,WED,5.65,303,1711.95,95
B010,B,cherry,2021-07-01,THU,5.65,295,1666.75,94.7
B010,B,cherry,2021-07-02,FRI,5.65,302,1706.3,98.1
B010,B,cherry,2021-07-03,SAT,5.65,326,1841.9,94.6
B010,B,cherry,2021-07-04,SUN,5.65,327,1847.55,95.9
B010,B,cherry,2021-07-05,MON,,,,
B010,B,cherry,2021-07-06,TUE,5.65,297,1678.05,97.3
B010,B,cherry,2021-07-07,WED,5.65,301,1700.65,93.6
B010,B,cherry,2021-07-08,THU,5.66,300,1698,94.6
B010,B,cherry,2021-07-09,FRI,5.66,303,1714.98,96.7
B010,B,cherry,2021-07-10,SAT,5.66,330,1867.8,95.5
B010,B,cherry,2021-07-11,SUN,5.66,327,1850.82,98.4
B010,B,cherry,2021-07-12,MON,,,,
B010,B,cherry,2021-07-13,TUE,5.66,303,1714.98,97
B010,B,cherry,2021-07-14,WED,5.66,301,1703.66,93.9
B010,B,cherry,2021-07-15,THU,5.68,301,1709.68,92.1
B010,B,cherry,2021-07-16,FRI,5.68,297,1686.96,95.4
B010,B,cherry,2021-07-17,SAT,5.68,326,1851.68,88.9
B010,B,cherry,2021-07-18,SUN,5.68,328,1863.04,93.2
B010,B,cherry,2021-07-19,MON,,,,
B010,B,cherry,2021-07-20,TUE,5.68,301,1709.68,96.7
B010,B,cherry,2021-07-21,WED,5.68,306,1738.08,98.2
B010,B,cherry,2021-07-22,THU,5.7,296,1687.2,97.7
B010,B,cherry,2021-07-23,FRI,5.7,303,1727.1,95.4
B010,B,cherry,2021-07-24,SAT,5.7,326,1858.2,93.3
B010,B,cherry,2021-07-25,SUN,5.7,329,1875.3,97.8
B010,B,cherry,2021-07-26,MON,,,,
B010,B,cherry,2021-07-27,TUE,5.7,301,1715.7,95
B010,B,cherry,2021-07-28,WED,5.7,304,1732.8,96
B010,B,cherry,2021-07-29,THU,5.71,305,1741.55,91.3
B010,B,cherry,2021-07-30,FRI,5.71,294,1678.74,96.5
B010,B,cherry,2021-07-31,SAT,5.71,324,1850.04,95.1
B010,B,cherry,2021-08-01,SUN,5.71,329,1878.59,96.5
B010,B,cherry,2021-08-02,MON,,,,
B010,B,cherry,2021-08-03,TUE,5.71,296,1690.16,97.1
B010,B,cherry,2021-08-04,WED,5.71,299,1707.29,97.5
B010,B,cherry,2021-08-05,THU,5.72,299,1710.28,96.3
B010,B,cherry,2021-08-06,FRI,5.72,300,1716,94.5
B010,B,cherry,2021-08-07,SAT,5.72,326,1864.72,96
B010,B,cherry,2021-08-08,SUN,5.72,326,1864.72,91
B010,B,cherry,2021-08-09,MON,,,,
B010,B,cherry,2021-08-10,TUE,5.72,297,1698.84,96.4
B010,B,cherry,2021-08-11,WED,5.72,297,1698.84,94.4
B010,B,cherry,2021-08-12,THU,5.74,299,1716.26,93
B010,B,cherry,2021-08-13,FRI,5.74,295,1693.3,91.8
B010,B,cherry,2021-08-14,SAT,5.74,328,1882.72,93.9
B010,B,cherry,2021-08-15,SUN,5.74,328,1882.72,95.9
B010,B,cherry,2021-08-16,MON,,,,
B010,B,cherry,2021-08-17,TUE,5.74,304,1744.96,95.3
B010,B,cherry,2021-08-18,WED,5.74,305,1750.7,95.2
B010,B,cherry,2021-08-19,THU,5.76,298,1716.48,93.9
B010,B,cherry,2021-08-20,FRI,5.76,303,1745.28,94.9
B010,B,cherry,2021-08-21,SAT,5.76,327,1883.52,97.4
B010,B,cherry,2021-08-22,SUN,5.76,326,1877.76,97.4
B010,B,cherry,2021-08-23,MON,,,,
B010,B,cherry,2021-08-24,TUE,5.76,294,1693.44,97.5
B010,B,cherry,2021-08-25,WED,5.76,298,1716.48,93.2
B010,B,cherry,2021-08-26,THU,5.76,300,1728,92.8
B010,B,cherry,2021-08-27,FRI,5.76,297,1710.72,89.4
B010,B,cherry,2021-08-28,SAT,5.76,329,1895.04,98
B010,B,cherry,2021-08-29,SUN,5.76,325,1872,96.9
B010,B,cherry,2021-08-30,MON,,,,
B010,B,cherry,2021-08-31,TUE,5.76,299,1722.24,95.2
B010,B,cherry,2021-09-01,WED,5.76,294,1693.44,91.1
B010,B,cherry,2021-09-02,THU,5.76,295,1699.2,91.4
B010,B,cherry,2021-09-03,FRI,5.76,306,1762.56,89.7
B010,B,cherry,2021-09-04,SAT,5.76,327,1883.52,95
B010,B,cherry,2021-09-05,SUN,5.76,325,1872,95.7
B010,B,cherry,2021-09-06,MON,,,,
B010,B,cherry,2021-09-07,TUE,5.76,306,1762.56,98.6
B010,B,cherry,2021-09-08,WED,5.76,296,1704.96,93.2
B010,B,cherry,2021-09-09,THU,5.76,301,1733.76,98.6
B010,B,cherry,2021-09-10,FRI,5.76,305,1756.8,94.8
B010,B,cherry,2021-09-11,SAT,5.76,327,1883.52,94.8
B010,B,cherry,2021-09-12,SUN,5.76,329,1895.04,94
B010,B,cherry,2021-09-13,MON,,,,
B010,B,cherry,2021-09-14,TUE,5.76,301,1733.76,97.8
B010,B,cherry,2021-09-15,WED,5.76,294,1693.44,96.2
B010,B,cherry,2021-09-16,THU,5.77,300,1731,97.9
B010,B,cherry,2021-09-17,FRI,5.77,306,1765.62,98.4
B010,B,cherry,2021-09-18,SAT,5.77,330,1904.1,99.6
B010,B,cherry,2021-09-19,SUN,5.77,325,1875.25,98.1
B010,B,cherry,2021-09-20,MON,,,,
B010,B,cherry,2021-09-21,TUE,5.77,295,1702.15,98.2
B010,B,cherry,2021-09-22,WED,5.77,295,1702.15,98.3
B010,B,cherry,2021-09-23,THU,5.8,298,1728.4,93.9
B010,B,cherry,2021-09-24,FRI,5.8,299,1734.2,98.4
B010,B,cherry,2021-09-25,SAT,5.8,330,1914,98.2
B010,B,cherry,2021-09-26,SUN,5.8,327,1896.6,99.3
B010,B,cherry,2021-09-27,MON,,,,
B010,B,cherry,2021-09-28,TUE,5.8,299,1734.2,97
B010,B,cherry,2021-09-29,WED,5.8,298,1728.4,97
B010,B,cherry,2021-09-30,THU,5.79,298,1725.42,95.8
B011,B,cherry,2021-04-01,THU,3.67,206,756.02,96
B011,B,cherry,2021-04-02,FRI,3.67,203,745.01,87
B011,B,cherry,2021-04-03,SAT,3.67,221,811.07,90.3
B011,B,cherry,2021-04-04,SUN,3.67,222,814.74,95.2
B011,B,cherry,2021-04-05,MON,,,,
B011,B,cherry,2021-04-06,TUE,3.67,206,756.02,84.9
B011,B,cherry,2021-04-07,WED,3.67,207,759.69,88.9
B011,B,cherry,2021-04-08,THU,3.68,203,747.04,82.5
B011,B,cherry,2021-04-09,FRI,3.68,201,739.68,95
B011,B,cherry,2021-04-10,SAT,3.68,222,816.96,95
B011,B,cherry,2021-04-11,SUN,3.68,221,813.28,92.9
B011,B,cherry,2021-04-12,MON,,,,
B011,B,cherry,2021-04-13,TUE,3.68,203,747.04,80.8
B011,B,cherry,2021-04-14,WED,3.68,205,754.4,81.9
B011,B,cherry,2021-04-15,THU,3.69,208,767.52,93.2
B011,B,cherry,2021-04-16,FRI,3.69,204,752.76,97.6
B011,B,cherry,2021-04-17,SAT,3.69,221,815.49,85.6
B011,B,cherry,2021-04-18,SUN,3.69,224,826.56,86.1
B011,B,cherry,2021-04-19,MON,,,,
B011,B,cherry,2021-04-20,TUE,3.69,202,745.38,93.5
B011,B,cherry,2021-04-21,WED,3.69,208,767.52,96.4
B011,B,cherry,2021-04-22,THU,3.71,202,749.42,89.6
B011,B,cherry,2021-04-23,FRI,3.71,204,756.84,97.6
B011,B,cherry,2021-04-24,SAT,3.71,221,819.91,85.8
B011,B,cherry,2021-04-25,SUN,3.71,221,819.91,94.9
B011,B,cherry,2021-04-26,MON,,,,
B011,B,cherry,2021-04-27,TUE,3.71,207,767.97,90.6
B011,B,cherry,2021-04-28,WED,3.71,205,760.55,92
B011,B,cherry,2021-04-29,THU,3.71,208,771.68,87.4
B011,B,cherry,2021-04-30,FRI,3.71,201,745.71,93.7
B011,B,cherry,2021-05-01,SAT,3.71,222,823.62,95.8
B011,B,cherry,2021-05-02,SUN,3.71,222,823.62,92.6
B011,B,cherry,2021-05-03,MON,,,,
B011,B,cherry,2021-05-04,TUE,3.71,206,764.26,86.3
B011,B,cherry,2021-05-05,WED,3.71,200,742,92.9
B011,B,cherry,2021-05-06,THU,3.74,201,751.74,94.7
B011,B,cherry,2021-05-07,FRI,3.74,204,762.96,86.6
B011,B,cherry,2021-05-08,SAT,3.74,222,830.28,97.4
B011,B,cherry,2021-05-09,SUN,3.74,222,830.28,90.2
B011,B,cherry,2021-05-10,MON,,,,
B011,B,cherry,2021-05-11,TUE,3.74,201,751.74,97
B011,B,cherry,2021-05-12,WED,3.74,207,774.18,91
B011,B,cherry,2021-05-13,THU,3.75,205,768.75,96.4
B011,B,cherry,2021-05-14,FRI,3.75,201,753.75,96.6
B011,B,cherry,2021-05-15,SAT,3.75,221,828.75,96.2
B011,B,cherry,2021-05-16,SUN,3.75,224,840,96.6
B011,B,cherry,2021-05-17,MON,,,,
B011,B,cherry,2021-05-18,TUE,3.75,202,757.5,94.5
B011,B,cherry,2021-05-19,WED,3.75,203,761.25,95.8
B011,B,cherry,2021-05-20,THU,3.78,204,771.12,96
B011,B,cherry,2021-05-21,FRI,3.78,207,782.46,92.8
B011,B,cherry,2021-05-22,SAT,3.78,223,842.94,96
B011,B,cherry,2021-05-23,SUN,3.78,224,846.72,95
B011,B,cherry,2021-05-24,MON,,,,
B011,B,cherry,2021-05-25,TUE,3.78,201,759.78,94.2
B011,B,cherry,2021-05-26,WED,3.78,201,759.78,94.6
B011,B,cherry,2021-05-27,THU,3.79,201,761.79,96.6
B011,B,cherry,2021-05-28,FRI,3.79,200,758,95.9
B011,B,cherry,2021-05-29,SAT,3.79,223,845.17,88.9
B011,B,cherry,2021-05-30,SUN,3.79,222,841.38,98.6
B011,B,cherry,2021-05-31,MON,,,,
B011,B,cherry,2021-06-01,TUE,3.79,206,780.74,91.2
B011,B,cherry,2021-06-02,WED,3.79,207,784.53,91.2
B011,B,cherry,2021-06-03,THU,3.82,205,783.1,92.7
B011,B,cherry,2021-06-04,FRI,3.82,206,786.92,94.5
B011,B,cherry,2021-06-05,SAT,3.82,223,851.86,96.8
B011,B,cherry,2021-06-06,SUN,3.82,223,851.86,95.1
B011,B,cherry,2021-06-07,MON,,,,
B011,B,cherry,2021-06-08,TUE,3.82,203,775.46,95.1
B011,B,cherry,2021-06-09,WED,3.82,204,779.28,92.1
B011,B,cherry,2021-06-10,THU,3.84,206,791.04,95.1
B011,B,cherry,2021-06-11,FRI,3.84,200,768,93.9
B011,B,cherry,2021-06-12,SAT,3.84,223,856.32,94
B011,B,cherry,2021-06-13,SUN,3.84,220,844.8,88.8
B011,B,cherry,2021-06-14,MON,,,,
B011,B,cherry,2021-06-15,TUE,3.84,201,771.84,83.8
B011,B,cherry,2021-06-16,WED,3.84,201,771.84,93.8
B011,B,cherry,2021-06-17,THU,3.83,205,785.15,95.9
B011,B,cherry,2021-06-18,FRI,3.83,203,777.49,97.3
B011,B,cherry,2021-06-19,SAT,3.83,222,850.26,96.7
B011,B,cherry,2021-06-20,SUN,3.83,223,854.09,96.7
B011,B,cherry,2021-06-21,MON,,,,
B011,B,cherry,2021-06-22,TUE,3.83,204,781.32,93.1
B011,B,cherry,2021-06-23,WED,3.83,202,773.66,95.5
B011,B,cherry,2021-06-24,THU,3.85,205,789.25,97
B011,B,cherry,2021-06-25,FRI,3.85,203,781.55,97
B011,B,cherry,2021-06-26,SAT,3.85,222,854.7,96
B011,B,cherry,2021-06-27,SUN,3.85,223,858.55,98.1
B011,B,cherry,2021-06-28,MON,,,,
B011,B,cherry,2021-06-29,TUE,3.85,204,785.4,97.3
B011,B,cherry,2021-06-30,WED,3.85,202,777.7,95
B011,B,cherry,2021-07-01,THU,3.88,200,776,94.7
B011,B,cherry,2021-07-02,FRI,3.88,205,795.4,98.1
B011,B,cherry,2021-07-03,SAT,3.88,222,861.36,94.6
B011,B,cherry,2021-07-04,SUN,3.88,223,865.24,95.9
B011,B,cherry,2021-07-05,MON,,,,
B011,B,cherry,2021-07-06,TUE,3.88,200,776,97.3
B011,B,cherry,2021-07-07,WED,3.88,206,799.28,93.6
B011,B,cherry,2021-07-08,THU,3.89,204,793.56,94.6
B011,B,cherry,2021-07-09,FRI,3.89,201,781.89,96.7
B011,B,cherry,2021-07-10,SAT,3.89,222,863.58,95.5
B011,B,cherry,2021-07-11,SUN,3.89,222,863.58,98.4
B011,B,cherry,2021-07-12,MON,,,,
B011,B,cherry,2021-07-13,TUE,3.89,203,789.67,97
B011,B,cherry,2021-07-14,WED,3.89,206,801.34,93.9
B011,B,cherry,2021-07-15,THU,3.9,208,811.2,92.1
B011,B,cherry,2021-07-16,FRI,3.9,204,795.6,95.4
B011,B,cherry,2021-07-17,SAT,3.9,222,865.8,88.9
B011,B,cherry,2021-07-18,SUN,3.9,224,873.6,93.2
B011,B,cherry,2021-07-19,MON,,,,
B011,B,cherry,2021-07-20,TUE,3.9,205,799.5,96.7
B011,B,cherry,2021-07-21,WED,3.9,207,807.3,98.2
B011,B,cherry,2021-07-22,THU,3.9,205,799.5,97.7
B011,B,cherry,2021-07-23,FRI,3.9,203,791.7,95.4
B011,B,cherry,2021-07-24,SAT,3.9,222,865.8,93.3
B011,B,cherry,2021-07-25,SUN,3.9,224,873.6,97.8
B011,B,cherry,2021-07-26,MON,,,,
B011,B,cherry,2021-07-27,TUE,3.9,203,791.7,95
B011,B,cherry,2021-07-28,WED,3.9,202,787.8,96
B011,B,cherry,2021-07-29,THU,3.91,201,785.91,91.3
B011,B,cherry,2021-07-30,FRI,3.91,207,809.37,96.5
B011,B,cherry,2021-07-31,SAT,3.91,222,868.02,95.1
B011,B,cherry,2021-08-01,SUN,3.91,223,871.93,96.5
B011,B,cherry,2021-08-02,MON,,,,
B011,B,cherry,2021-08-03,TUE,3.91,205,801.55,97.1
B011,B,cherry,2021-08-04,WED,3.91,202,789.82,97.5
B011,B,cherry,2021-08-05,THU,3.92,205,803.6,96.3
B011,B,cherry,2021-08-06,FRI,3.92,202,791.84,94.5
B011,B,cherry,2021-08-07,SAT,3.92,223,874.16,96
B011,B,cherry,2021-08-08,SUN,3.92,223,874.16,91
B011,B,cherry,2021-08-09,MON,,,,
B011,B,cherry,2021-08-10,TUE,3.92,204,799.68,96.4
B011,B,cherry,2021-08-11,WED,3.92,201,787.92,94.4
B011,B,cherry,2021-08-12,THU,3.94,201,791.94,93
B011,B,cherry,2021-08-13,FRI,3.94,205,807.7,91.8
B011,B,cherry,2021-08-14,SAT,3.94,221,870.74,93.9
B011,B,cherry,2021-08-15,SUN,3.94,222,874.68,95.9
B011,B,cherry,2021-08-16,MON,,,,
B011,B,cherry,2021-08-17,TUE,3.94,205,807.7,95.3
B011,B,cherry,2021-08-18,WED,3.94,204,803.76,95.2
B011,B,cherry,2021-08-19,THU,3.93,202,793.86,93.9
B011,B,cherry,2021-08-20,FRI,3.93,204,801.72,94.9
B011,B,cherry,2021-08-21,SAT,3.93,222,872.46,97.4
B011,B,cherry,2021-08-22,SUN,3.93,221,868.53,97.4
B011,B,cherry,2021-08-23,MON,,,,
B011,B,cherry,2021-08-24,TUE,3.93,205,805.65,97.5
B011,B,cherry,2021-08-25,WED,3.93,205,805.65,93.2
B011,B,cherry,2021-08-26,THU,3.94,204,803.76,92.8
B011,B,cherry,2021-08-27,FRI,3.94,206,811.64,89.4
B011,B,cherry,2021-08-28,SAT,3.94,221,870.74,98
B011,B,cherry,2021-08-29,SUN,3.94,223,878.62,96.9
B011,B,cherry,2021-08-30,MON,,,,
B011,B,cherry,2021-08-31,TUE,3.94,205,807.7,95.2
B011,B,cherry,2021-09-01,WED,3.94,204,803.76,91.1
B011,B,cherry,2021-09-02,THU,3.95,202,797.9,91.4
B011,B,cherry,2021-09-03,FRI,3.95,207,817.65,89.7
B011,B,cherry,2021-09-04,SAT,3.95,223,880.85,95
B011,B,cherry,2021-09-05,SUN,3.95,224,884.8,95.7
B011,B,cherry,2021-09-06,MON,,,,
B011,B,cherry,2021-09-07,TUE,3.95,201,793.95,98.6
B011,B,cherry,2021-09-08,WED,3.95,208,821.6,93.2
B011,B,cherry,2021-09-09,THU,3.94,207,815.58,98.6
B011,B,cherry,2021-09-10,FRI,3.94,204,803.76,94.8
B011,B,cherry,2021-09-11,SAT,3.94,224,882.56,94.8
B011,B,cherry,2021-09-12,SUN,3.94,222,874.68,94
B011,B,cherry,2021-09-13,MON,,,,
B011,B,cherry,2021-09-14,TUE,3.94,204,803.76,97.8
B011,B,cherry,2021-09-15,WED,3.94,203,799.82,96.2
B011,B,cherry,2021-09-16,THU,3.96,205,811.8,97.9
B011,B,cherry,2021-09-17,FRI,3.96,205,811.8,98.4
B011,B,cherry,2021-09-18,SAT,3.96,221,875.16,99.6
B011,B,cherry,2021-09-19,SUN,3.96,224,887.04,98.1
B011,B,cherry,2021-09-20,MON,,,,
B011,B,cherry,2021-09-21,TUE,3.96,205,811.8,98.2
B011,B,cherry,2021-09-22,WED,3.96,206,815.76,98.3
B011,B,cherry,2021-09-23,THU,3.95,201,793.95,93.9
B011,B,cherry,2021-09-24,FRI,3.95,202,797.9,98.4
B011,B,cherry,2021-09-25,SAT,3.95,221,872.95,98.2
B011,B,cherry,2021-09-26,SUN,3.95,221,872.95,99.3
B011,B,cherry,2021-09-27,MON,,,,
B011,B,cherry,2021-09-28,TUE,3.95,201,793.95,97
B011,B,cherry,2021-09-29,WED,3.95,202,797.9,97
B011,B,cherry,2021-09-30,THU,3.95,205,809.75,95.8
B012,B,apple,2021-04-01,THU,0.89,340,302.6,96
B012,B,apple,2021-04-02,FRI,0.89,341,303.49,87
B012,B,apple,2021-04-03,SAT,0.89,368,327.52,90.3
B012,B,apple,2021-04-04,SUN,0.89,368,327.52,95.2
B012,B,apple,2021-04-05,MON,,,,
B012,B,apple,2021-04-06,TUE,0.89,333,296.37,84.9
B012,B,apple,2021-04-07,WED,0.89,340,302.6,88.9
B012,B,apple,2021-04-08,THU,0.89,339,301.71,82.5
B012,B,apple,2021-04-09,FRI,0.89,340,302.6,95
B012,B,apple,2021-04-10,SAT,0.89,366,325.74,95
B012,B,apple,2021-04-11,SUN,0.89,368,327.52,92.9
B012,B,apple,2021-04-12,MON,,,,
B012,B,apple,2021-04-13,TUE,0.89,342,304.38,80.8
B012,B,apple,2021-04-14,WED,0.89,333,296.37,81.9
B012,B,apple,2021-04-15,THU,0.91,331,301.21,93.2
B012,B,apple,2021-04-16,FRI,0.91,340,309.4,97.6
B012,B,apple,2021-04-17,SAT,0.91,368,334.88,85.6
B012,B,apple,2021-04-18,SUN,0.91,369,335.79,86.1
B012,B,apple,2021-04-19,MON,,,,
B012,B,apple,2021-04-20,TUE,0.91,335,304.85,93.5
B012,B,apple,2021-04-21,WED,0.91,341,310.31,96.4
B012,B,apple,2021-04-22,THU,0.91,343,312.13,89.6
B012,B,apple,2021-04-23,FRI,0.91,332,302.12,97.6
B012,B,apple,2021-04-24,SAT,0.91,371,337.61,85.8
B012,B,apple,2021-04-25,SUN,0.91,369,335.79,94.9
B012,B,apple,2021-04-26,MON,,,,
B012,B,apple,2021-04-27,TUE,0.91,343,312.13,90.6
B012,B,apple,2021-04-28,WED,0.91,344,313.04,92
B012,B,apple,2021-04-29,THU,0.91,339,308.49,87.4
B012,B,apple,2021-04-30,FRI,0.91,340,309.4,93.7
B012,B,apple,2021-05-01,SAT,0.91,370,336.7,95.8
B012,B,apple,2021-05-02,SUN,0.91,371,337.61,92.6
B012,B,apple,2021-05-03,MON,,,,
B012,B,apple,2021-05-04,TUE,0.91,338,307.58,86.3
B012,B,apple,2021-05-05,WED,0.91,337,306.67,92.9
B012,B,apple,2021-05-06,THU,0.93,334,310.62,94.7
B012,B,apple,2021-05-07,FRI,0.93,338,314.34,86.6
B012,B,apple,2021-05-08,SAT,0.93,370,344.1,97.4
B012,B,apple,2021-05-09,SUN,0.93,370,344.1,90.2
B012,B,apple,2021-05-10,MON,,,,
B012,B,apple,2021-05-11,TUE,0.93,338,314.34,97
B012,B,apple,2021-05-12,WED,0.93,340,316.2,91
B012,B,apple,2021-05-13,THU,0.95,343,325.85,96.4
B012,B,apple,2021-05-14,FRI,0.95,337,320.15,96.6
B012,B,apple,2021-05-15,SAT,0.95,367,348.65,96.2
B012,B,apple,2021-05-16,SUN,0.95,371,352.45,96.6
B012,B,apple,2021-05-17,MON,,,,
B012,B,apple,2021-05-18,TUE,0.95,335,318.25,94.5
B012,B,apple,2021-05-19,WED,0.95,340,323,95.8
B012,B,apple,2021-05-20,THU,0.96,340,326.4,96
B012,B,apple,2021-05-21,FRI,0.96,338,324.48,92.8
B012,B,apple,2021-05-22,SAT,0.96,368,353.28,96
B012,B,apple,2021-05-23,SUN,0.96,367,352.32,95
B012,B,apple,2021-05-24,MON,,,,
B012,B,apple,2021-05-25,TUE,0.96,332,318.72,94.2
B012,B,apple,2021-05-26,WED,0.96,341,327.36,94.6
B012,B,apple,2021-05-27,THU,0.99,339,335.61,96.6
B012,B,apple,2021-05-28,FRI,0.99,334,330.66,95.9
B012,B,apple,2021-05-29,SAT,0.99,366,362.34,88.9
B012,B,apple,2021-05-30,SUN,0.99,365,361.35,98.6
B012,B,apple,2021-05-31,MON,,,,
B012,B,apple,2021-06-01,TUE,0.99,340,336.6,91.2
B012,B,apple,2021-06-02,WED,0.99,339,335.61,91.2
B012,B,apple,2021-06-03,THU,0.99,340,336.6,92.7
B012,B,apple,2021-06-04,FRI,0.99,339,335.61,94.5
B012,B,apple,2021-06-05,SAT,0.99,367,363.33,96.8
B012,B,apple,2021-06-06,SUN,0.99,367,363.33,95.1
B012,B,apple,2021-06-07,MON,,,,
B012,B,apple,2021-06-08,TUE,0.99,332,328.68,95.1
B012,B,apple,2021-06-09,WED,0.99,341,337.59,92.1
B012,B,apple,2021-06-10,THU,1,342,342,95.1
B012,B,apple,2021-06-11,FRI,1,340,340,93.9
B012,B,apple,2021-06-12,SAT,1,369,369,94
B012,B,apple,2021-06-13,SUN,1,369,369,88.8
B012,B,apple,2021-06-14,MON,,,,
B012,B,apple,2021-06-15,TUE,1,335,335,83.8
B012,B,apple,2021-06-16,WED,1,343,343,93.8
B012,B,apple,2021-06-17,THU,1.03,334,344.02,95.9
B012,B,apple,2021-06-18,FRI,1.03,335,345.05,97.3
B012,B,apple,2021-06-19,SAT,1.03,365,375.95,96.7
B012,B,apple,2021-06-20,SUN,1.03,368,379.04,96.7
B012,B,apple,2021-06-21,MON,,,,
B012,B,apple,2021-06-22,TUE,1.03,338,348.14,93.1
B012,B,apple,2021-06-23,WED,1.03,333,342.99,95.5
B012,B,apple,2021-06-24,THU,1.05,343,360.15,97
B012,B,apple,2021-06-25,FRI,1.05,341,358.05,97
B012,B,apple,2021-06-26,SAT,1.05,367,385.35,96
B012,B,apple,2021-06-27,SUN,1.05,372,390.6,98.1
B012,B,apple,2021-06-28,MON,,,,
B012,B,apple,2021-06-29,TUE,1.05,336,352.8,97.3
B012,B,apple,2021-06-30,WED,1.05,344,361.2,95
B012,B,apple,2021-07-01,THU,1.08,337,363.96,94.7
B012,B,apple,2021-07-02,FRI,1.08,337,363.96,98.1
B012,B,apple,2021-07-03,SAT,1.08,371,400.68,94.6
B012,B,apple,2021-07-04,SUN,1.08,367,396.36,95.9
B012,B,apple,2021-07-05,MON,,,,
B012,B,apple,2021-07-06,TUE,1.08,334,360.72,97.3
B012,B,apple,2021-07-07,WED,1.08,332,358.56,93.6
B012,B,apple,2021-07-08,THU,1.11,337,374.07,94.6
B012,B,apple,2021-07-09,FRI,1.11,333,369.63,96.7
B012,B,apple,2021-07-10,SAT,1.11,367,407.37,95.5
B012,B,apple,2021-07-11,SUN,1.11,366,406.26,98.4
B012,B,apple,2021-07-12,MON,,,,
B012,B,apple,2021-07-13,TUE,1.11,337,374.07,97
B012,B,apple,2021-07-14,WED,1.11,338,375.18,93.9
B012,B,apple,2021-07-15,THU,1.12,343,384.16,92.1
B012,B,apple,2021-07-16,FRI,1.12,341,381.92,95.4
B012,B,apple,2021-07-17,SAT,1.12,367,411.04,88.9
B012,B,apple,2021-07-18,SUN,1.12,372,416.64,93.2
B012,B,apple,2021-07-19,MON,,,,
B012,B,apple,2021-07-20,TUE,1.12,344,385.28,96.7
B012,B,apple,2021-07-21,WED,1.12,341,381.92,98.2
B012,B,apple,2021-07-22,THU,1.13,337,380.81,97.7
B012,B,apple,2021-07-23,FRI,1.13,334,377.42,95.4
B012,B,apple,2021-07-24,SAT,1.13,366,413.58,93.3
B012,B,apple,2021-07-25,SUN,1.13,367,414.71,97.8
B012,B,apple,2021-07-26,MON,,,,
B012,B,apple,2021-07-27,TUE,1.13,342,386.46,95
B012,B,apple,2021-07-28,WED,1.13,344,388.72,96
B012,B,apple,2021-07-29,THU,1.13,335,378.55,91.3
B012,B,apple,2021-07-30,FRI,1.13,334,377.42,96.5
B012,B,apple,2021-07-31,SAT,1.13,369,416.97,95.1
B012,B,apple,2021-08-01,SUN,1.13,370,418.1,96.5
B012,B,apple,2021-08-02,MON,,,,
B012,B,apple,2021-08-03,TUE,1.13,337,380.81,97.1
B012,B,apple,2021-08-04,WED,1.13,332,375.16,97.5
B012,B,apple,2021-08-05,THU,1.15,340,391,96.3
B012,B,apple,2021-08-06,FRI,1.15,335,385.25,94.5
B012,B,apple,2021-08-07,SAT,1.15,371,426.65,96
B012,B,apple,2021-08-08,SUN,1.15,368,423.2,91
B012,B,apple,2021-08-09,MON,,,,
B012,B,apple,2021-08-10,TUE,1.15,339,389.85,96.4
B012,B,apple,2021-08-11,WED,1.15,334,384.1,94.4
B012,B,apple,2021-08-12,THU,1.16,338,392.08,93
B012,B,apple,2021-08-13,FRI,1.16,333,386.28,91.8
B012,B,apple,2021-08-14,SAT,1.16,366,424.56,93.9
B012,B,apple,2021-08-15,SUN,1.16,372,431.52,95.9
B012,B,apple,2021-08-16,MON,,,,
B012,B,apple,2021-08-17,TUE,1.16,332,385.12,95.3
B012,B,apple,2021-08-18,WED,1.16,342,396.72,95.2
B012,B,apple,2021-08-19,THU,1.18,337,397.66,93.9
B012,B,apple,2021-08-20,FRI,1.18,344,405.92,94.9
B012,B,apple,2021-08-21,SAT,1.18,370,436.6,97.4
B012,B,apple,2021-08-22,SUN,1.18,365,430.7,97.4
B012,B,apple,2021-08-23,MON,,,,
B012,B,apple,2021-08-24,TUE,1.18,337,397.66,97.5
B012,B,apple,2021-08-25,WED,1.18,338,398.84,93.2
B012,B,apple,2021-08-26,THU,1.17,341,398.97,92.8
B012,B,apple,2021-08-27,FRI,1.17,338,395.46,89.4
B012,B,apple,2021-08-28,SAT,1.17,371,434.07,98
B012,B,apple,2021-08-29,SUN,1.17,370,432.9,96.9
B012,B,apple,2021-08-30,MON,,,,
B012,B,apple,2021-08-31,TUE,1.17,342,400.14,95.2
B012,B,apple,2021-09-01,WED,1.17,342,400.14,91.1
B012,B,apple,2021-09-02,THU,1.2,344,412.8,91.4
B012,B,apple,2021-09-03,FRI,1.2,336,403.2,89.7
B012,B,apple,2021-09-04,SAT,1.2,367,440.4,95
B012,B,apple,2021-09-05,SUN,1.2,371,445.2,95.7
B012,B,apple,2021-09-06,MON,,,,
B012,B,apple,2021-09-07,TUE,1.2,342,410.4,98.6
B012,B,apple,2021-09-08,WED,1.2,336,403.2,93.2
B012,B,apple,2021-09-09,THU,1.22,338,412.36,98.6
B012,B,apple,2021-09-10,FRI,1.22,336,409.92,94.8
B012,B,apple,2021-09-11,SAT,1.22,371,452.62,94.8
B012,B,apple,2021-09-12,SUN,1.22,368,448.96,94
B012,B,apple,2021-09-13,MON,,,,
B012,B,apple,2021-09-14,TUE,1.22,336,409.92,97.8
B012,B,apple,2021-09-15,WED,1.22,332,405.04,96.2
B012,B,apple,2021-09-16,THU,1.23,342,420.66,97.9
B012,B,apple,2021-09-17,FRI,1.23,340,418.2,98.4
B012,B,apple,2021-09-18,SAT,1.23,367,451.41,99.6
B012,B,apple,2021-09-19,SUN,1.23,368,452.64,98.1
B012,B,apple,2021-09-20,MON,,,,
B012,B,apple,2021-09-21,TUE,1.23,332,408.36,98.2
B012,B,apple,2021-09-22,WED,1.23,341,419.43,98.3
B012,B,apple,2021-09-23,THU,1.24,337,417.88,93.9
B012,B,apple,2021-09-24,FRI,1.24,339,420.36,98.4
B012,B,apple,2021-09-25,SAT,1.24,371,460.04,98.2
B012,B,apple,2021-09-26,SUN,1.24,369,457.56,99.3
B012,B,apple,2021-09-27,MON,,,,
B012,B,apple,2021-09-28,TUE,1.24,333,412.92,97
B012,B,apple,2021-09-29,WED,1.24,336,416.64,97
B012,B,apple,2021-09-30,THU,1.27,332,421.64,95.8
B012,B,banana,2021-04-01,THU,2.42,310,750.2,96
B012,B,banana,2021-04-02,FRI,2.42,310,750.2,87
B012,B,banana,2021-04-03,SAT,2.42,340,822.8,90.3
B012,B,banana,2021-04-04,SUN,2.42,339,820.38,95.2
B012,B,banana,2021-04-05,MON,,,,
B012,B,banana,2021-04-06,TUE,2.42,312,755.04,84.9
B012,B,banana,2021-04-07,WED,2.42,308,745.36,88.9
B012,B,banana,2021-04-08,THU,2.41,315,759.15,82.5
B012,B,banana,2021-04-09,FRI,2.41,316,761.56,95
B012,B,banana,2021-04-10,SAT,2.41,337,812.17,95
B012,B,banana,2021-04-11,SUN,2.41,338,814.58,92.9
B012,B,banana,2021-04-12,MON,,,,
B012,B,banana,2021-04-13,TUE,2.41,317,763.97,80.8
B012,B,banana,2021-04-14,WED,2.41,316,761.56,81.9
B012,B,banana,2021-04-15,THU,2.44,312,761.28,93.2
B012,B,banana,2021-04-16,FRI,2.44,309,753.96,97.6
B012,B,banana,2021-04-17,SAT,2.44,339,827.16,85.6
B012,B,banana,2021-04-18,SUN,2.44,341,832.04,86.1
B012,B,banana,2021-04-19,MON,,,,
B012,B,banana,2021-04-20,TUE,2.44,306,746.64,93.5
B012,B,banana,2021-04-21,WED,2.44,313,763.72,96.4
B012,B,banana,2021-04-22,THU,2.44,315,768.6,89.6
B012,B,banana,2021-04-23,FRI,2.44,306,746.64,97.6
B012,B,banana,2021-04-24,SAT,2.44,342,834.48,85.8
B012,B,banana,2021-04-25,SUN,2.44,338,824.72,94.9
B012,B,banana,2021-04-26,MON,,,,
B012,B,banana,2021-04-27,TUE,2.44,316,771.04,90.6
B012,B,banana,2021-04-28,WED,2.44,312,761.28,92
B012,B,banana,2021-04-29,THU,2.44,315,768.6,87.4
B012,B,banana,2021-04-30,FRI,2.44,310,756.4,93.7
B012,B,banana,2021-05-01,SAT,2.44,343,836.92,95.8
B012,B,banana,2021-05-02,SUN,2.44,342,834.48,92.6
B012,B,banana,2021-05-03,MON,,,,
B012,B,banana,2021-05-04,TUE,2.44,318,775.92,86.3
B012,B,banana,2021-05-05,WED,2.44,311,758.84,92.9
B012,B,banana,2021-05-06,THU,2.43,307,746.01,94.7
B012,B,banana,2021-05-07,FRI,2.43,307,746.01,86.6
B012,B,banana,2021-05-08,SAT,2.43,338,821.34,97.4
B012,B,banana,2021-05-09,SUN,2.43,341,828.63,90.2
B012,B,banana,2021-05-10,MON,,,,
B012,B,banana,2021-05-11,TUE,2.43,308,748.44,97
B012,B,banana,2021-05-12,WED,2.43,313,760.59,91
B012,B,banana,2021-05-13,THU,2.45,308,754.6,96.4
B012,B,banana,2021-05-14,FRI,2.45,312,764.4,96.6
B012,B,banana,2021-05-15,SAT,2.45,341,835.45,96.2
B012,B,banana,2021-05-16,SUN,2.45,339,830.55,96.6
B012,B,banana,2021-05-17,MON,,,,
B012,B,banana,2021-05-18,TUE,2.45,307,752.15,94.5
B012,B,banana,2021-05-19,WED,2.45,308,754.6,95.8
B012,B,banana,2021-05-20,THU,2.47,310,765.7,96
B012,B,banana,2021-05-21,FRI,2.47,311,768.17,92.8
B012,B,banana,2021-05-22,SAT,2.47,337,832.39,96
B012,B,banana,2021-05-23,SUN,2.47,342,844.74,95
B012,B,banana,2021-05-24,MON,,,,
B012,B,banana,2021-05-25,TUE,2.47,312,770.64,94.2
B012,B,banana,2021-05-26,WED,2.47,309,763.23,94.6
B012,B,banana,2021-05-27,THU,2.5,316,790,96.6
B012,B,banana,2021-05-28,FRI,2.5,309,772.5,95.9
B012,B,banana,2021-05-29,SAT,2.5,339,847.5,88.9
B012,B,banana,2021-05-30,SUN,2.5,338,845,98.6
B012,B,banana,2021-05-31,MON,,,,
B012,B,banana,2021-06-01,TUE,2.5,309,772.5,91.2
B012,B,banana,2021-06-02,WED,2.5,306,765,91.2
B012,B,banana,2021-06-03,THU,2.5,309,772.5,92.7
B012,B,banana,2021-06-04,FRI,2.5,308,770,94.5
B012,B,banana,2021-06-05,SAT,2.5,341,852.5,96.8
B012,B,banana,2021-06-06,SUN,2.5,341,852.5,95.1
B012,B,banana,2021-06-07,MON,,,,
B012,B,banana,2021-06-08,TUE,2.5,311,777.5,95.1
B012,B,banana,2021-06-09,WED,2.5,313,782.5,92.1
B012,B,banana,2021-06-10,THU,2.51,311,780.61,95.1
B012,B,banana,2021-06-11,FRI,2.51,318,798.18,93.9
B012,B,banana,2021-06-12,SAT,2.51,342,858.42,94
B012,B,banana,2021-06-13,SUN,2.51,340,853.4,88.8
B012,B,banana,2021-06-14,MON,,,,
B012,B,banana,2021-06-15,TUE,2.51,313,785.63,83.8
B012,B,banana,2021-06-16,WED,2.51,308,773.08,93.8
B012,B,banana,2021-06-17,THU,2.52,309,778.68,95.9
B012,B,banana,2021-06-18,FRI,2.52,317,798.84,97.3
B012,B,banana,2021-06-19,SAT,2.52,342,861.84,96.7
B012,B,banana,2021-06-20,SUN,2.52,338,851.76,96.7
B012,B,banana,2021-06-21,MON,,,,
B012,B,banana,2021-06-22,TUE,2.52,315,793.8,93.1
B012,B,banana,2021-06-23,WED,2.52,311,783.72,95.5
B012,B,banana,2021-06-24,THU,2.52,312,786.24,97
B012,B,banana,2021-06-25,FRI,2.52,318,801.36,97
B012,B,banana,2021-06-26,SAT,2.52,340,856.8,96
B012,B,banana,2021-06-27,SUN,2.52,342,861.84,98.1
B012,B,banana,2021-06-28,MON,,,,
B012,B,banana,2021-06-29,TUE,2.52,318,801.36,97.3
B012,B,banana,2021-06-30,WED,2.52,308,776.16,95
B012,B,banana,2021-07-01,THU,2.53,312,789.36,94.7
B012,B,banana,2021-07-02,FRI,2.53,308,779.24,98.1
B012,B,banana,2021-07-03,SAT,2.53,337,852.61,94.6
B012,B,banana,2021-07-04,SUN,2.53,338,855.14,95.9
B012,B,banana,2021-07-05,MON,,,,
B012,B,banana,2021-07-06,TUE,2.53,308,779.24,97.3
B012,B,banana,2021-07-07,WED,2.53,318,804.54,93.6
B012,B,banana,2021-07-08,THU,2.55,314,800.7,94.6
B012,B,banana,2021-07-09,FRI,2.55,317,808.35,96.7
B012,B,banana,2021-07-10,SAT,2.55,342,872.1,95.5
B012,B,banana,2021-07-11,SUN,2.55,339,864.45,98.4
B012,B,banana,2021-07-12,MON,,,,
B012,B,banana,2021-07-13,TUE,2.55,315,803.25,97
B012,B,banana,2021-07-14,WED,2.55,316,805.8,93.9
B012,B,banana,2021-07-15,THU,2.55,307,782.85,92.1
B012,B,banana,2021-07-16,FRI,2.55,306,780.3,95.4
B012,B,banana,2021-07-17,SAT,2.55,339,864.45,88.9
B012,B,banana,2021-07-18,SUN,2.55,337,859.35,93.2
B012,B,banana,2021-07-19,MON,,,,
B012,B,banana,2021-07-20,TUE,2.55,315,803.25,96.7
B012,B,banana,2021-07-21,WED,2.55,317,808.35,98.2
B012,B,banana,2021-07-22,THU,2.56,311,796.16,97.7
B012,B,banana,2021-07-23,FRI,2.56,313,801.28,95.4
B012,B,banana,2021-07-24,SAT,2.56,341,872.96,93.3
B012,B,banana,2021-07-25,SUN,2.56,339,867.84,97.8
B012,B,banana,2021-07-26,MON,,,,
B012,B,banana,2021-07-27,TUE,2.56,310,793.6,95
B012,B,banana,2021-07-28,WED,2.56,315,806.4,96
B012,B,banana,2021-07-29,THU,2.59,318,823.62,91.3
B012,B,banana,2021-07-30,FRI,2.59,307,795.13,96.5
B012,B,banana,2021-07-31,SAT,2.59,341,883.19,95.1
B012,B,banana,2021-08-01,SUN,2.59,340,880.6,96.5
B012,B,banana,2021-08-02,MON,,,,
B012,B,banana,2021-08-03,TUE,2.59,307,795.13,97.1
B012,B,banana,2021-08-04,WED,2.59,317,821.03,97.5
B012,B,banana,2021-08-05,THU,2.61,306,798.66,96.3
B012,B,banana,2021-08-06,FRI,2.61,314,819.54,94.5
B012,B,banana,2021-08-07,SAT,2.61,341,890.01,96
B012,B,banana,2021-08-08,SUN,2.61,337,879.57,91
B012,B,banana,2021-08-09,MON,,,,
B012,B,banana,2021-08-10,TUE,2.61,316,824.76,96.4
B012,B,banana,2021-08-11,WED,2.61,310,809.1,94.4
B012,B,banana,2021-08-12,THU,2.62,310,812.2,93
B012,B,banana,2021-08-13,FRI,2.62,314,822.68,91.8
B012,B,banana,2021-08-14,SAT,2.62,338,885.56,93.9
B012,B,banana,2021-08-15,SUN,2.62,338,885.56,95.9
B012,B,banana,2021-08-16,MON,,,,
B012,B,banana,2021-08-17,TUE,2.62,310,812.2,95.3
B012,B,banana,2021-08-18,WED,2.62,315,825.3,95.2
B012,B,banana,2021-08-19,THU,2.62,307,804.34,93.9
B012,B,banana,2021-08-20,FRI,2.62,311,814.82,94.9
B012,B,banana,2021-08-21,SAT,2.62,339,888.18,97.4
B012,B,banana,2021-08-22,SUN,2.62,341,893.42,97.4
B012,B,banana,2021-08-23,MON,,,,
B012,B,banana,2021-08-24,TUE,2.62,308,806.96,97.5
B012,B,banana,2021-08-25,WED,2.62,316,827.92,93.2
B012,B,banana,2021-08-26,THU,2.63,312,820.56,92.8
B012,B,banana,2021-08-27,FRI,2.63,306,804.78,89.4
B012,B,banana,2021-08-28,SAT,2.63,338,888.94,98
B012,B,banana,2021-08-29,SUN,2.63,341,896.83,96.9
B012,B,banana,2021-08-30,MON,,,,
B012,B,banana,2021-08-31,TUE,2.63,314,825.82,95.2
B012,B,banana,2021-09-01,WED,2.63,316,831.08,91.1
B012,B,banana,2021-09-02,THU,2.62,307,804.34,91.4
B012,B,banana,2021-09-03,FRI,2.62,316,827.92,89.7
B012,B,banana,2021-09-04,SAT,2.62,342,896.04,95
B012,B,banana,2021-09-05,SUN,2.62,337,882.94,95.7
B012,B,banana,2021-09-06,MON,,,,
B012,B,banana,2021-09-07,TUE,2.62,309,809.58,98.6
B012,B,banana,2021-09-08,WED,2.62,316,827.92,93.2
B012,B,banana,2021-09-09,THU,2.62,315,825.3,98.6
B012,B,banana,2021-09-10,FRI,2.62,312,817.44,94.8
B012,B,banana,2021-09-11,SAT,2.62,343,898.66,94.8
B012,B,banana,2021-09-12,SUN,2.62,342,896.04,94
B012,B,banana,2021-09-13,MON,,,,
B012,B,banana,2021-09-14,TUE,2.62,307,804.34,97.8
B012,B,banana,2021-09-15,WED,2.62,315,825.3,96.2
B012,B,banana,2021-09-16,THU,2.64,318,839.52,97.9
B012,B,banana,2021-09-17,FRI,2.64,308,813.12,98.4
B012,B,banana,2021-09-18,SAT,2.64,339,894.96,99.6
B012,B,banana,2021-09-19,SUN,2.64,342,902.88,98.1
B012,B,banana,2021-09-20,MON,,,,
B012,B,banana,2021-09-21,TUE,2.64,307,810.48,98.2
B012,B,banana,2021-09-22,WED,2.64,315,831.6,98.3
B012,B,banana,2021-09-23,THU,2.65,306,810.9,93.9
B012,B,banana,2021-09-24,FRI,2.65,314,832.1,98.4
B012,B,banana,2021-09-25,SAT,2.65,338,895.7,98.2
B012,B,banana,2021-09-26,SUN,2.65,343,908.95,99.3
B012,B,banana,2021-09-27,MON,,,,
B012,B,banana,2021-09-28,TUE,2.65,312,826.8,97
B012,B,banana,2021-09-29,WED,2.65,310,821.5,97
B012,B,banana,2021-09-30,THU,2.64,309,815.76,95.8
B013,B,apple,2021-04-01,THU,1,212,212,96
B013,B,apple,2021-04-02,FRI,1,211,211,87
B013,B,apple,2021-04-03,SAT,1,231,231,90.3
B013,B,apple,2021-04-04,SUN,1,233,233,95.2
B013,B,apple,2021-04-05,MON,,,,
B013,B,apple,2021-04-06,TUE,1,211,211,84.9
B013,B,apple,2021-04-07,WED,1,213,213,88.9
B013,B,apple,2021-04-08,THU,1.01,215,217.15,82.5
B013,B,apple,2021-04-09,FRI,1.01,213,215.13,95
B013,B,apple,2021-04-10,SAT,1.01,232,234.32,95
B013,B,apple,2021-04-11,SUN,1.01,231,233.31,92.9
B013,B,apple,2021-04-12,MON,,,,
B013,B,apple,2021-04-13,TUE,1.01,213,215.13,80.8
B013,B,apple,2021-04-14,WED,1.01,210,212.1,81.9
B013,B,apple,2021-04-15,THU,1.02,211,215.22,93.2
B013,B,apple,2021-04-16,FRI,1.02,209,213.18,97.6
B013,B,apple,2021-04-17,SAT,1.02,234,238.68,85.6
B013,B,apple,2021-04-18,SUN,1.02,231,235.62,86.1
B013,B,apple,2021-04-19,MON,,,,
B013,B,apple,2021-04-20,TUE,1.02,215,219.3,93.5
B013,B,apple,2021-04-21,WED,1.02,214,218.28,96.4
B013,B,apple,2021-04-22,THU,1.04,211,219.44,89.6
B013,B,apple,2021-04-23,FRI,1.04,211,219.44,97.6
B013,B,apple,2021-04-24,SAT,1.04,232,241.28,85.8
B013,B,apple,2021-04-25,SUN,1.04,231,240.24,94.9
B013,B,apple,2021-04-26,MON,,,,
B013,B,apple,2021-04-27,TUE,1.04,217,225.68,90.6
B013,B,apple,2021-04-28,WED,1.04,212,220.48,92
B013,B,apple,2021-04-29,THU,1.06,213,225.78,87.4
B013,B,apple,2021-04-30,FRI,1.06,211,223.66,93.7
B013,B,apple,2021-05-01,SAT,1.06,231,244.86,95.8
B013,B,apple,2021-05-02,SUN,1.06,233,246.98,92.6
B013,B,apple,2021-05-03,MON,,,,
B013,B,apple,2021-05-04,TUE,1.06,217,230.02,86.3
B013,B,apple,2021-05-05,WED,1.06,212,224.72,92.9
B013,B,apple,2021-05-06,THU,1.09,214,233.26,94.7
B013,B,apple,2021-05-07,FRI,1.09,210,228.9,86.6
B013,B,apple,2021-05-08,SAT,1.09,232,252.88,97.4
B013,B,apple,2021-05-09,SUN,1.09,232,252.88,90.2
B013,B,apple,2021-05-10,MON,,,,
B013,B,apple,2021-05-11,TUE,1.09,209,227.81,97
B013,B,apple,2021-05-12,WED,1.09,210,228.9,91
B013,B,apple,2021-05-13,THU,1.1,213,234.3,96.4
B013,B,apple,2021-05-14,FRI,1.1,215,236.5,96.6
B013,B,apple,2021-05-15,SAT,1.1,232,255.2,96.2
B013,B,apple,2021-05-16,SUN,1.1,233,256.3,96.6
B013,B,apple,2021-05-17,MON,,,,
B013,B,apple,2021-05-18,TUE,1.1,213,234.3,94.5
B013,B,apple,2021-05-19,WED,1.1,210,231,95.8
B013,B,apple,2021-05-20,THU,1.1,214,235.4,96
B013,B,apple,2021-05-21,FRI,1.1,210,231,92.8
B013,B,apple,2021-05-22,SAT,1.1,233,256.3,96
B013,B,apple,2021-05-23,SUN,1.1,232,255.2,95
B013,B,apple,2021-05-24,MON,,,,
B013,B,apple,2021-05-25,TUE,1.1,215,236.5,94.2
B013,B,apple,2021-05-26,WED,1.1,215,236.5,94.6
B013,B,apple,2021-05-27,THU,1.1,215,236.5,96.6
B013,B,apple,2021-05-28,FRI,1.1,214,235.4,95.9
B013,B,apple,2021-05-29,SAT,1.1,233,256.3,88.9
B013,B,apple,2021-05-30,SUN,1.1,231,254.1,98.6
B013,B,apple,2021-05-31,MON,,,,
B013,B,apple,2021-06-01,TUE,1.1,216,237.6,91.2
B013,B,apple,2021-06-02,WED,1.1,212,233.2,91.2
B013,B,apple,2021-06-03,THU,1.1,210,231,92.7
B013,B,apple,2021-06-04,FRI,1.1,215,236.5,94.5
B013,B,apple,2021-06-05,SAT,1.1,234,257.4,96.8
B013,B,apple,2021-06-06,SUN,1.1,233,256.3,95.1
B013,B,apple,2021-06-07,MON,,,,
B013,B,apple,2021-06-08,TUE,1.1,209,229.9,95.1
B013,B,apple,2021-06-09,WED,1.1,216,237.6,92.1
B013,B,apple,2021-06-10,THU,1.11,216,239.76,95.1
B013,B,apple,2021-06-11,FRI,1.11,214,237.54,93.9
B013,B,apple,2021-06-12,SAT,1.11,232,257.52,94
B013,B,apple,2021-06-13,SUN,1.11,233,258.63,88.8
B013,B,apple,2021-06-14,MON,,,,
B013,B,apple,2021-06-15,TUE,1.11,210,233.1,83.8
B013,B,apple,2021-06-16,WED,1.11,213,236.43,93.8
B013,B,apple,2021-06-17,THU,1.14,210,239.4,95.9
B013,B,apple,2021-06-18,FRI,1.14,217,247.38,97.3
B013,B,apple,2021-06-19,SAT,1.14,233,265.62,96.7
B013,B,apple,2021-06-20,SUN,1.14,233,265.62,96.7
B013,B,apple,2021-06-21,MON,,,,
B013,B,apple,2021-06-22,TUE,1.14,209,238.26,93.1
B013,B,apple,2021-06-23,WED,1.14,210,239.4,95.5
B013,B,apple,2021-06-24,THU,1.16,215,249.4,97
B013,B,apple,2021-06-25,FRI,1.16,212,245.92,97
B013,B,apple,2021-06-26,SAT,1.16,234,271.44,96
B013,B,apple,2021-06-27,SUN,1.16,232,269.12,98.1
B013,B,apple,2021-06-28,MON,,,,
B013,B,apple,2021-06-29,TUE,1.16,217,251.72,97.3
B013,B,apple,2021-06-30,WED,1.16,211,244.76,95
B013,B,apple,2021-07-01,THU,1.17,211,246.87,94.7
B013,B,apple,2021-07-02,FRI,1.17,214,250.38,98.1
B013,B,apple,2021-07-03,SAT,1.17,233,272.61,94.6
B013,B,apple,2021-07-04,SUN,1.17,234,273.78,95.9
B013,B,apple,2021-07-05,MON,,,,
B013,B,apple,2021-07-06,TUE,1.17,212,248.04,97.3
B013,B,apple,2021-07-07,WED,1.17,210,245.7,93.6
B013,B,apple,2021-07-08,THU,1.17,217,253.89,94.6
B013,B,apple,2021-07-09,FRI,1.17,213,249.21,96.7
B013,B,apple,2021-07-10,SAT,1.17,233,272.61,95.5
B013,B,apple,2021-07-11,SUN,1.17,234,273.78,98.4
B013,B,apple,2021-07-12,MON,,,,
B013,B,apple,2021-07-13,TUE,1.17,212,248.04,97
B013,B,apple,2021-07-14,WED,1.17,210,245.7,93.9
B013,B,apple,2021-07-15,THU,1.18,214,252.52,92.1
B013,B,apple,2021-07-16,FRI,1.18,213,251.34,95.4
B013,B,apple,2021-07-17,SAT,1.18,234,276.12,88.9
B013,B,apple,2021-07-18,SUN,1.18,233,274.94,93.2
B013,B,apple,2021-07-19,MON,,,,
B013,B,apple,2021-07-20,TUE,1.18,210,247.8,96.7
B013,B,apple,2021-07-21,WED,1.18,216,254.88,98.2
B013,B,apple,2021-07-22,THU,1.19,212,252.28,97.7
B013,B,apple,2021-07-23,FRI,1.19,210,249.9,95.4
B013,B,apple,2021-07-24,SAT,1.19,232,276.08,93.3
B013,B,apple,2021-07-25,SUN,1.19,231,274.89,97.8
B013,B,apple,2021-07-26,MON,,,,
B013,B,apple,2021-07-27,TUE,1.19,216,257.04,95
B013,B,apple,2021-07-28,WED,1.19,210,249.9,96
B013,B,apple,2021-07-29,THU,1.22,211,257.42,91.3
B013,B,apple,2021-07-30,FRI,1.22,216,263.52,96.5
B013,B,apple,2021-07-31,SAT,1.22,232,283.04,95.1
B013,B,apple,2021-08-01,SUN,1.22,231,281.82,96.5
B013,B,apple,2021-08-02,MON,,,,
B013,B,apple,2021-08-03,TUE,1.22,213,259.86,97.1
B013,B,apple,2021-08-04,WED,1.22,210,256.2,97.5
B013,B,apple,2021-08-05,THU,1.24,212,262.88,96.3
B013,B,apple,2021-08-06,FRI,1.24,212,262.88,94.5
B013,B,apple,2021-08-07,SAT,1.24,230,285.2,96
B013,B,apple,2021-08-08,SUN,1.24,233,288.92,91
B013,B,apple,2021-08-09,MON,,,,
B013,B,apple,2021-08-10,TUE,1.24,215,266.6,96.4
B013,B,apple,2021-08-11,WED,1.24,214,265.36,94.4
B013,B,apple,2021-08-12,THU,1.23,213,261.99,93
B013,B,apple,2021-08-13,FRI,1.23,212,260.76,91.8
B013,B,apple,2021-08-14,SAT,1.23,234,287.82,93.9
B013,B,apple,2021-08-15,SUN,1.23,233,286.59,95.9
B013,B,apple,2021-08-16,MON,,,,
B013,B,apple,2021-08-17,TUE,1.23,211,259.53,95.3
B013,B,apple,2021-08-18,WED,1.23,211,259.53,95.2
B013,B,apple,2021-08-19,THU,1.25,211,263.75,93.9
B013,B,apple,2021-08-20,FRI,1.25,216,270,94.9
B013,B,apple,2021-08-21,SAT,1.25,234,292.5,97.4
B013,B,apple,2021-08-22,SUN,1.25,233,291.25,97.4
B013,B,apple,2021-08-23,MON,,,,
B013,B,apple,2021-08-24,TUE,1.25,214,267.5,97.5
B013,B,apple,2021-08-25,WED,1.25,216,270,93.2
B013,B,apple,2021-08-26,THU,1.25,215,268.75,92.8
B013,B,apple,2021-08-27,FRI,1.25,210,262.5,89.4
B013,B,apple,2021-08-28,SAT,1.25,233,291.25,98
B013,B,apple,2021-08-29,SUN,1.25,231,288.75,96.9
B013,B,apple,2021-08-30,MON,,,,
B013,B,apple,2021-08-31,TUE,1.25,211,263.75,95.2
B013,B,apple,2021-09-01,WED,1.25,210,262.5,91.1
B013,B,apple,2021-09-02,THU,1.24,209,259.16,91.4
B013,B,apple,2021-09-03,FRI,1.24,217,269.08,89.7
B013,B,apple,2021-09-04,SAT,1.24,233,288.92,95
B013,B,apple,2021-09-05,SUN,1.24,231,286.44,95.7
B013,B,apple,2021-09-06,MON,,,,
B013,B,apple,2021-09-07,TUE,1.24,214,265.36,98.6
B013,B,apple,2021-09-08,WED,1.24,213,264.12,93.2
B013,B,apple,2021-09-09,THU,1.25,212,265,98.6
B013,B,apple,2021-09-10,FRI,1.25,213,266.25,94.8
B013,B,apple,2021-09-11,SAT,1.25,233,291.25,94.8
B013,B,apple,2021-09-12,SUN,1.25,233,291.25,94
B013,B,apple,2021-09-13,MON,,,,
B013,B,apple,2021-09-14,TUE,1.25,216,270,97.8
B013,B,apple,2021-09-15,WED,1.25,209,261.25,96.2
B013,B,apple,2021-09-16,THU,1.25,216,270,97.9
B013,B,apple,2021-09-17,FRI,1.25,209,261.25,98.4
B013,B,apple,2021-09-18,SAT,1.25,231,288.75,99.6
B013,B,apple,2021-09-19,SUN,1.25,233,291.25,98.1
B013,B,apple,2021-09-20,MON,,,,
B013,B,apple,2021-09-21,TUE,1.25,212,265,98.2
B013,B,apple,2021-09-22,WED,1.25,214,267.5,98.3
B013,B,apple,2021-09-23,THU,1.24,212,262.88,93.9
B013,B,apple,2021-09-24,FRI,1.24,214,265.36,98.4
B013,B,apple,2021-09-25,SAT,1.24,233,288.92,98.2
B013,B,apple,2021-09-26,SUN,1.24,231,286.44,99.3
B013,B,apple,2021-09-27,MON,,,,
B013,B,apple,2021-09-28,TUE,1.24,211,261.64,97
B013,B,apple,2021-09-29,WED,1.24,213,264.12,97
B013,B,apple,2021-09-30,THU,1.25,217,271.25,95.8
B013,B,banana,2021-04-01,THU,2.22,331,734.82,96
B013,B,banana,2021-04-02,FRI,2.22,334,741.48,87
B013,B,banana,2021-04-03,SAT,2.22,370,821.4,90.3
B013,B,banana,2021-04-04,SUN,2.22,367,814.74,95.2
B013,B,banana,2021-04-05,MON,,,,
B013,B,banana,2021-04-06,TUE,2.22,333,739.26,84.9
B013,B,banana,2021-04-07,WED,2.22,340,754.8,88.9
B013,B,banana,2021-04-08,THU,2.21,340,751.4,82.5
B013,B,banana,2021-04-09,FRI,2.21,336,742.56,95
B013,B,banana,2021-04-10,SAT,2.21,369,815.49,95
B013,B,banana,2021-04-11,SUN,2.21,368,813.28,92.9
B013,B,banana,2021-04-12,MON,,,,
B013,B,banana,2021-04-13,TUE,2.21,338,746.98,80.8
B013,B,banana,2021-04-14,WED,2.21,339,749.19,81.9
B013,B,banana,2021-04-15,THU,2.22,332,737.04,93.2
B013,B,banana,2021-04-16,FRI,2.22,332,737.04,97.6
B013,B,banana,2021-04-17,SAT,2.22,365,810.3,85.6
B013,B,banana,2021-04-18,SUN,2.22,365,810.3,86.1
B013,B,banana,2021-04-19,MON,,,,
B013,B,banana,2021-04-20,TUE,2.22,337,748.14,93.5
B013,B,banana,2021-04-21,WED,2.22,337,748.14,96.4
B013,B,banana,2021-04-22,THU,2.24,339,759.36,89.6
B013,B,banana,2021-04-23,FRI,2.24,339,759.36,97.6
B013,B,banana,2021-04-24,SAT,2.24,365,817.6,85.8
B013,B,banana,2021-04-25,SUN,2.24,370,828.8,94.9
B013,B,banana,2021-04-26,MON,,,,
B013,B,banana,2021-04-27,TUE,2.24,341,763.84,90.6
B013,B,banana,2021-04-28,WED,2.24,341,763.84,92
B013,B,banana,2021-04-29,THU,2.27,338,767.26,87.4
B013,B,banana,2021-04-30,FRI,2.27,340,771.8,93.7
B013,B,banana,2021-05-01,SAT,2.27,365,828.55,95.8
B013,B,banana,2021-05-02,SUN,2.27,367,833.09,92.6
B013,B,banana,2021-05-03,MON,,,,
B013,B,banana,2021-05-04,TUE,2.27,336,762.72,86.3
B013,B,banana,2021-05-05,WED,2.27,335,760.45,92.9
B013,B,banana,2021-05-06,THU,2.27,343,778.61,94.7
B013,B,banana,2021-05-07,FRI,2.27,342,776.34,86.6
B013,B,banana,2021-05-08,SAT,2.27,369,837.63,97.4
B013,B,banana,2021-05-09,SUN,2.27,370,839.9,90.2
B013,B,banana,2021-05-10,MON,,,,
B013,B,banana,2021-05-11,TUE,2.27,333,755.91,97
B013,B,banana,2021-05-12,WED,2.27,337,764.99,91
B013,B,banana,2021-05-13,THU,2.29,336,769.44,96.4
B013,B,banana,2021-05-14,FRI,2.29,335,767.15,96.6
B013,B,banana,2021-05-15,SAT,2.29,366,838.14,96.2
B013,B,banana,2021-05-16,SUN,2.29,365,835.85,96.6
B013,B,banana,2021-05-17,MON,,,,
B013,B,banana,2021-05-18,TUE,2.29,332,760.28,94.5
B013,B,banana,2021-05-19,WED,2.29,339,776.31,95.8
B013,B,banana,2021-05-20,THU,2.29,343,785.47,96
B013,B,banana,2021-05-21,FRI,2.29,339,776.31,92.8
B013,B,banana,2021-05-22,SAT,2.29,368,842.72,96
B013,B,banana,2021-05-23,SUN,2.29,369,845.01,95
B013,B,banana,2021-05-24,MON,,,,
B013,B,banana,2021-05-25,TUE,2.29,341,780.89,94.2
B013,B,banana,2021-05-26,WED,2.29,342,783.18,94.6
B013,B,banana,2021-05-27,THU,2.28,330,752.4,96.6
B013,B,banana,2021-05-28,FRI,2.28,334,761.52,95.9
B013,B,banana,2021-05-29,SAT,2.28,364,829.92,88.9
B013,B,banana,2021-05-30,SUN,2.28,367,836.76,98.6
B013,B,banana,2021-05-31,MON,,,,
B013,B,banana,2021-06-01,TUE,2.28,334,761.52,91.2
B013,B,banana,2021-06-02,WED,2.28,340,775.2,91.2
B013,B,banana,2021-06-03,THU,2.29,340,778.6,92.7
B013,B,banana,2021-06-04,FRI,2.29,338,774.02,94.5
B013,B,banana,2021-06-05,SAT,2.29,364,833.56,96.8
B013,B,banana,2021-06-06,SUN,2.29,367,840.43,95.1
B013,B,banana,2021-06-07,MON,,,,
B013,B,banana,2021-06-08,TUE,2.29,331,757.99,95.1
B013,B,banana,2021-06-09,WED,2.29,344,787.76,92.1
B013,B,banana,2021-06-10,THU,2.3,339,779.7,95.1
B013,B,banana,2021-06-11,FRI,2.3,338,777.4,93.9
B013,B,banana,2021-06-12,SAT,2.3,365,839.5,94
B013,B,banana,2021-06-13,SUN,2.3,369,848.7,88.8
B013,B,banana,2021-06-14,MON,,,,
B013,B,banana,2021-06-15,TUE,2.3,341,784.3,83.8
B013,B,banana,2021-06-16,WED,2.3,343,788.9,93.8
B013,B,banana,2021-06-17,THU,2.32,337,781.84,95.9
B013,B,banana,2021-06-18,FRI,2.32,332,770.24,97.3
B013,B,banana,2021-06-19,SAT,2.32,369,856.08,96.7
B013,B,banana,2021-06-20,SUN,2.32,367,851.44,96.7
B013,B,banana,2021-06-21,MON,,,,
B013,B,banana,2021-06-22,TUE,2.32,340,788.8,93.1
B013,B,banana,2021-06-23,WED,2.32,335,777.2,95.5
B013,B,banana,2021-06-24,THU,2.33,338,787.54,97
B013,B,banana,2021-06-25,FRI,2.33,331,771.23,97
B013,B,banana,2021-06-26,SAT,2.33,370,862.1,96
B013,B,banana,2021-06-27,SUN,2.33,365,850.45,98.1
B013,B,banana,2021-06-28,MON,,,,
B013,B,banana,2021-06-29,TUE,2.33,336,782.88,97.3
B013,B,banana,2021-06-30,WED,2.33,332,773.56,95
B013,B,banana,2021-07-01,THU,2.35,333,782.55,94.7
B013,B,banana,2021-07-02,FRI,2.35,343,806.05,98.1
B013,B,banana,2021-07-03,SAT,2.35,369,867.15,94.6
B013,B,banana,2021-07-04,SUN,2.35,365,857.75,95.9
B013,B,banana,2021-07-05,MON,,,,
B013,B,banana,2021-07-06,TUE,2.35,338,794.3,97.3
B013,B,banana,2021-07-07,WED,2.35,335,787.25,93.6
B013,B,banana,2021-07-08,THU,2.38,344,818.72,94.6
B013,B,banana,2021-07-09,FRI,2.38,332,790.16,96.7
B013,B,banana,2021-07-10,SAT,2.38,367,873.46,95.5
B013,B,banana,2021-07-11,SUN,2.38,366,871.08,98.4
B013,B,banana,2021-07-12,MON,,,,
B013,B,banana,2021-07-13,TUE,2.38,334,794.92,97
B013,B,banana,2021-07-14,WED,2.38,334,794.92,93.9
B013,B,banana,2021-07-15,THU,2.39,339,810.21,92.1
B013,B,banana,2021-07-16,FRI,2.39,334,798.26,95.4
B013,B,banana,2021-07-17,SAT,2.39,368,879.52,88.9
B013,B,banana,2021-07-18,SUN,2.39,364,869.96,93.2
B013,B,banana,2021-07-19,MON,,,,
B013,B,banana,2021-07-20,TUE,2.39,342,817.38,96.7
B013,B,banana,2021-07-21,WED,2.39,334,798.26,98.2
B013,B,banana,2021-07-22,THU,2.39,333,795.87,97.7
B013,B,banana,2021-07-23,FRI,2.39,343,819.77,95.4
B013,B,banana,2021-07-24,SAT,2.39,368,879.52,93.3
B013,B,banana,2021-07-25,SUN,2.39,365,872.35,97.8
B013,B,banana,2021-07-26,MON,,,,
B013,B,banana,2021-07-27,TUE,2.39,335,800.65,95
B013,B,banana,2021-07-28,WED,2.39,343,819.77,96
B013,B,banana,2021-07-29,THU,2.41,338,814.58,91.3
B013,B,banana,2021-07-30,FRI,2.41,343,826.63,96.5
B013,B,banana,2021-07-31,SAT,2.41,368,886.88,95.1
B013,B,banana,2021-08-01,SUN,2.41,370,891.7,96.5
B013,B,banana,2021-08-02,MON,,,,
B013,B,banana,2021-08-03,TUE,2.41,331,797.71,97.1
B013,B,banana,2021-08-04,WED,2.41,332,800.12,97.5
B013,B,banana,2021-08-05,THU,2.44,341,832.04,96.3
B013,B,banana,2021-08-06,FRI,2.44,337,822.28,94.5
B013,B,banana,2021-08-07,SAT,2.44,368,897.92,96
B013,B,banana,2021-08-08,SUN,2.44,370,902.8,91
B013,B,banana,2021-08-09,MON,,,,
B013,B,banana,2021-08-10,TUE,2.44,333,812.52,96.4
B013,B,banana,2021-08-11,WED,2.44,342,834.48,94.4
B013,B,banana,2021-08-12,THU,2.46,333,819.18,93
B013,B,banana,2021-08-13,FRI,2.46,335,824.1,91.8
B013,B,banana,2021-08-14,SAT,2.46,364,895.44,93.9
B013,B,banana,2021-08-15,SUN,2.46,366,900.36,95.9
B013,B,banana,2021-08-16,MON,,,,
B013,B,banana,2021-08-17,TUE,2.46,336,826.56,95.3
B013,B,banana,2021-08-18,WED,2.46,334,821.64,95.2
B013,B,banana,2021-08-19,THU,2.49,335,834.15,93.9
B013,B,banana,2021-08-20,FRI,2.49,341,849.09,94.9
B013,B,banana,2021-08-21,SAT,2.49,364,906.36,97.4
B013,B,banana,2021-08-22,SUN,2.49,370,921.3,97.4
B013,B,banana,2021-08-23,MON,,,,
B013,B,banana,2021-08-24,TUE,2.49,332,826.68,97.5
B013,B,banana,2021-08-25,WED,2.49,342,851.58,93.2
B013,B,banana,2021-08-26,THU,2.51,342,858.42,92.8
B013,B,banana,2021-08-27,FRI,2.51,332,833.32,89.4
B013,B,banana,2021-08-28,SAT,2.51,368,923.68,98
B013,B,banana,2021-08-29,SUN,2.51,368,923.68,96.9
B013,B,banana,2021-08-30,MON,,,,
B013,B,banana,2021-08-31,TUE,2.51,331,830.81,95.2
B013,B,banana,2021-09-01,WED,2.51,331,830.81,91.1
B013,B,banana,2021-09-02,THU,2.52,339,854.28,91.4
B013,B,banana,2021-09-03,FRI,2.52,332,836.64,89.7
B013,B,banana,2021-09-04,SAT,2.52,368,927.36,95
B013,B,banana,2021-09-05,SUN,2.52,364,917.28,95.7
B013,B,banana,2021-09-06,MON,,,,
B013,B,banana,2021-09-07,TUE,2.52,335,844.2,98.6
B013,B,banana,2021-09-08,WED,2.52,331,834.12,93.2
B013,B,banana,2021-09-09,THU,2.54,340,863.6,98.6
B013,B,banana,2021-09-10,FRI,2.54,337,855.98,94.8
B013,B,banana,2021-09-11,SAT,2.54,364,924.56,94.8
B013,B,banana,2021-09-12,SUN,2.54,369,937.26,94
B013,B,banana,2021-09-13,MON,,,,
B013,B,banana,2021-09-14,TUE,2.54,341,866.14,97.8
B013,B,banana,2021-09-15,WED,2.54,331,840.74,96.2
B013,B,banana,2021-09-16,THU,2.54,342,868.68,97.9
B013,B,banana,2021-09-17,FRI,2.54,331,840.74,98.4
B013,B,banana,2021-09-18,SAT,2.54,366,929.64,99.6
B013,B,banana,2021-09-19,SUN,2.54,365,927.1,98.1
B013,B,banana,2021-09-20,MON,,,,
B013,B,banana,2021-09-21,TUE,2.54,335,850.9,98.2
B013,B,banana,2021-09-22,WED,2.54,342,868.68,98.3
B013,B,banana,2021-09-23,THU,2.56,341,872.96,93.9
B013,B,banana,2021-09-24,FRI,2.56,335,857.6,98.4
B013,B,banana,2021-09-25,SAT,2.56,369,944.64,98.2
B013,B,banana,2021-09-26,SUN,2.56,365,934.4,99.3
B013,B,banana,2021-09-27,MON,,,,
B013,B,banana,2021-09-28,TUE,2.56,336,860.16,97
B013,B,banana,2021-09-29,WED,2.56,331,847.36,97
B013,B,banana,2021-09-30,THU,2.57,343,881.51,95.8
B013,B,cherry,2021-04-01,THU,3.46,276,954.96,96
B013,B,cherry,2021-04-02,FRI,3.46,275,951.5,87
B013,B,cherry,2021-04-03,SAT,3.46,302,1044.92,90.3
B013,B,cherry,2021-04-04,SUN,3.46,305,1055.3,95.2
B013,B,cherry,2021-04-05,MON,,,,
B013,B,cherry,2021-04-06,TUE,3.46,280,968.8,84.9
B013,B,cherry,2021-04-07,WED,3.46,274,948.04,88.9
B013,B,cherry,2021-04-08,THU,3.48,282,981.36,82.5
B013,B,cherry,2021-04-09,FRI,3.48,284,988.32,95
B013,B,cherry,2021-04-10,SAT,3.48,304,1057.92,95
B013,B,cherry,2021-04-11,SUN,3.48,305,1061.4,92.9
B013,B,cherry,2021-04-12,MON,,,,
B013,B,cherry,2021-04-13,TUE,3.48,278,967.44,80.8
B013,B,cherry,2021-04-14,WED,3.48,275,957,81.9
B013,B,cherry,2021-04-15,THU,3.5,276,966,93.2
B013,B,cherry,2021-04-16,FRI,3.5,274,959,97.6
B013,B,cherry,2021-04-17,SAT,3.5,303,1060.5,85.6
B013,B,cherry,2021-04-18,SUN,3.5,303,1060.5,86.1
B013,B,cherry,2021-04-19,MON,,,,
B013,B,cherry,2021-04-20,TUE,3.5,282,987,93.5
B013,B,cherry,2021-04-21,WED,3.5,282,987,96.4
B013,B,cherry,2021-04-22,THU,3.5,282,987,89.6
B013,B,cherry,2021-04-23,FRI,3.5,279,976.5,97.6
B013,B,cherry,2021-04-24,SAT,3.5,303,1060.5,85.8
B013,B,cherry,2021-04-25,SUN,3.5,305,1067.5,94.9
B013,B,cherry,2021-04-26,MON,,,,
B013,B,cherry,2021-04-27,TUE,3.5,275,962.5,90.6
B013,B,cherry,2021-04-28,WED,3.5,282,987,92
B013,B,cherry,2021-04-29,THU,3.49,281,980.69,87.4
B013,B,cherry,2021-04-30,FRI,3.49,283,987.67,93.7
B013,B,cherry,2021-05-01,SAT,3.49,306,1067.94,95.8
B013,B,cherry,2021-05-02,SUN,3.49,302,1053.98,92.6
B013,B,cherry,2021-05-03,MON,,,,
B013,B,cherry,2021-05-04,TUE,3.49,279,973.71,86.3
B013,B,cherry,2021-05-05,WED,3.49,283,987.67,92.9
B013,B,cherry,2021-05-06,THU,3.51,277,972.27,94.7
B013,B,cherry,2021-05-07,FRI,3.51,284,996.84,86.6
B013,B,cherry,2021-05-08,SAT,3.51,305,1070.55,97.4
B013,B,cherry,2021-05-09,SUN,3.51,303,1063.53,90.2
B013,B,cherry,2021-05-10,MON,,,,
B013,B,cherry,2021-05-11,TUE,3.51,274,961.74,97
B013,B,cherry,2021-05-12,WED,3.51,278,975.78,91
B013,B,cherry,2021-05-13,THU,3.52,284,999.68,96.4
B013,B,cherry,2021-05-14,FRI,3.52,274,964.48,96.6
B013,B,cherry,2021-05-15,SAT,3.52,305,1073.6,96.2
B013,B,cherry,2021-05-16,SUN,3.52,305,1073.6,96.6
B013,B,cherry,2021-05-17,MON,,,,
B013,B,cherry,2021-05-18,TUE,3.52,274,964.48,94.5
B013,B,cherry,2021-05-19,WED,3.52,283,996.16,95.8
B013,B,cherry,2021-05-20,THU,3.54,278,984.12,96
B013,B,cherry,2021-05-21,FRI,3.54,276,977.04,92.8
B013,B,cherry,2021-05-22,SAT,3.54,303,1072.62,96
B013,B,cherry,2021-05-23,SUN,3.54,304,1076.16,95
B013,B,cherry,2021-05-24,MON,,,,
B013,B,cherry,2021-05-25,TUE,3.54,284,1005.36,94.2
B013,B,cherry,2021-05-26,WED,3.54,278,984.12,94.6
B013,B,cherry,2021-05-27,THU,3.56,278,989.68,96.6
B013,B,cherry,2021-05-28,FRI,3.56,274,975.44,95.9
B013,B,cherry,2021-05-29,SAT,3.56,303,1078.68,88.9
B013,B,cherry,2021-05-30,SUN,3.56,304,1082.24,98.6
B013,B,cherry,2021-05-31,MON,,,,
B013,B,cherry,2021-06-01,TUE,3.56,276,982.56,91.2
B013,B,cherry,2021-06-02,WED,3.56,274,975.44,91.2
B013,B,cherry,2021-06-03,THU,3.56,277,986.12,92.7
B013,B,cherry,2021-06-04,FRI,3.56,282,1003.92,94.5
B013,B,cherry,2021-06-05,SAT,3.56,305,1085.8,96.8
B013,B,cherry,2021-06-06,SUN,3.56,305,1085.8,95.1
B013,B,cherry,2021-06-07,MON,,,,
B013,B,cherry,2021-06-08,TUE,3.56,280,996.8,95.1
B013,B,cherry,2021-06-09,WED,3.56,282,1003.92,92.1
B013,B,cherry,2021-06-10,THU,3.55,284,1008.2,95.1
B013,B,cherry,2021-06-11,FRI,3.55,284,1008.2,93.9
B013,B,cherry,2021-06-12,SAT,3.55,301,1068.55,94
B013,B,cherry,2021-06-13,SUN,3.55,307,1089.85,88.8
B013,B,cherry,2021-06-14,MON,,,,
B013,B,cherry,2021-06-15,TUE,3.55,276,979.8,83.8
B013,B,cherry,2021-06-16,WED,3.55,278,986.9,93.8
B013,B,cherry,2021-06-17,THU,3.55,278,986.9,95.9
B013,B,cherry,2021-06-18,FRI,3.55,282,1001.1,97.3
B013,B,cherry,2021-06-19,SAT,3.55,306,1086.3,96.7
B013,B,cherry,2021-06-20,SUN,3.55,306,1086.3,96.7
B013,B,cherry,2021-06-21,MON,,,,
B013,B,cherry,2021-06-22,TUE,3.55,277,983.35,93.1
B013,B,cherry,2021-06-23,WED,3.55,279,990.45,95.5
B013,B,cherry,2021-06-24,THU,3.56,275,979,97
B013,B,cherry,2021-06-25,FRI,3.56,277,986.12,97
B013,B,cherry,2021-06-26,SAT,3.56,304,1082.24,96
B013,B,cherry,2021-06-27,SUN,3.56,303,1078.68,98.1
B013,B,cherry,2021-06-28,MON,,,,
B013,B,cherry,2021-06-29,TUE,3.56,274,975.44,97.3
B013,B,cherry,2021-06-30,WED,3.56,277,986.12,95
B013,B,cherry,2021-07-01,THU,3.58,277,991.66,94.7
B013,B,cherry,2021-07-02,FRI,3.58,284,1016.72,98.1
B013,B,cherry,2021-07-03,SAT,3.58,302,1081.16,94.6
B013,B,cherry,2021-07-04,SUN,3.58,303,1084.74,95.9
B013,B,cherry,2021-07-05,MON,,,,
B013,B,cherry,2021-07-06,TUE,3.58,278,995.24,97.3
B013,B,cherry,2021-07-07,WED,3.58,278,995.24,93.6
B013,B,cherry,2021-07-08,THU,3.59,280,1005.2,94.6
B013,B,cherry,2021-07-09,FRI,3.59,282,1012.38,96.7
B013,B,cherry,2021-07-10,SAT,3.59,305,1094.95,95.5
B013,B,cherry,2021-07-11,SUN,3.59,306,1098.54,98.4
B013,B,cherry,2021-07-12,MON,,,,
B013,B,cherry,2021-07-13,TUE,3.59,283,1015.97,97
B013,B,cherry,2021-07-14,WED,3.59,280,1005.2,93.9
B013,B,cherry,2021-07-15,THU,3.61,282,1018.02,92.1
B013,B,cherry,2021-07-16,FRI,3.61,275,992.75,95.4
B013,B,cherry,2021-07-17,SAT,3.61,304,1097.44,88.9
B013,B,cherry,2021-07-18,SUN,3.61,303,1093.83,93.2
B013,B,cherry,2021-07-19,MON,,,,
B013,B,cherry,2021-07-20,TUE,3.61,274,989.14,96.7
B013,B,cherry,2021-07-21,WED,3.61,279,1007.19,98.2
B013,B,cherry,2021-07-22,THU,3.64,274,997.36,97.7
B013,B,cherry,2021-07-23,FRI,3.64,280,1019.2,95.4
B013,B,cherry,2021-07-24,SAT,3.64,302,1099.28,93.3
B013,B,cherry,2021-07-25,SUN,3.64,306,1113.84,97.8
B013,B,cherry,2021-07-26,MON,,,,
B013,B,cherry,2021-07-27,TUE,3.64,276,1004.64,95
B013,B,cherry,2021-07-28,WED,3.64,279,1015.56,96
B013,B,cherry,2021-07-29,THU,3.66,283,1035.78,91.3
B013,B,cherry,2021-07-30,FRI,3.66,276,1010.16,96.5
B013,B,cherry,2021-07-31,SAT,3.66,306,1119.96,95.1
B013,B,cherry,2021-08-01,SUN,3.66,307,1123.62,96.5
B013,B,cherry,2021-08-02,MON,,,,
B013,B,cherry,2021-08-03,TUE,3.66,280,1024.8,97.1
B013,B,cherry,2021-08-04,WED,3.66,278,1017.48,97.5
B013,B,cherry,2021-08-05,THU,3.65,280,1022,96.3
B013,B,cherry,2021-08-06,FRI,3.65,276,1007.4,94.5
B013,B,cherry,2021-08-07,SAT,3.65,304,1109.6,96
B013,B,cherry,2021-08-08,SUN,3.65,305,1113.25,91
B013,B,cherry,2021-08-09,MON,,,,
B013,B,cherry,2021-08-10,TUE,3.65,285,1040.25,96.4
B013,B,cherry,2021-08-11,WED,3.65,280,1022,94.4
B013,B,cherry,2021-08-12,THU,3.65,283,1032.95,93
B013,B,cherry,2021-08-13,FRI,3.65,280,1022,91.8
B013,B,cherry,2021-08-14,SAT,3.65,304,1109.6,93.9
B013,B,cherry,2021-08-15,SUN,3.65,302,1102.3,95.9
B013,B,cherry,2021-08-16,MON,,,,
B013,B,cherry,2021-08-17,TUE,3.65,280,1022,95.3
B013,B,cherry,2021-08-18,WED,3.65,278,1014.7,95.2
B013,B,cherry,2021-08-19,THU,3.65,280,1022,93.9
B013,B,cherry,2021-08-20,FRI,3.65,282,1029.3,94.9
B013,B,cherry,2021-08-21,SAT,3.65,303,1105.95,97.4
B013,B,cherry,2021-08-22,SUN,3.65,306,1116.9,97.4
B013,B,cherry,2021-08-23,MON,,,,
B013,B,cherry,2021-08-24,TUE,3.65,282,1029.3,97.5
B013,B,cherry,2021-08-25,WED,3.65,281,1025.65,93.2
B013,B,cherry,2021-08-26,THU,3.65,275,1003.75,92.8
B013,B,cherry,2021-08-27,FRI,3.65,283,1032.95,89.4
B013,B,cherry,2021-08-28,SAT,3.65,304,1109.6,98
B013,B,cherry,2021-08-29,SUN,3.65,305,1113.25,96.9
B013,B,cherry,2021-08-30,MON,,,,
B013,B,cherry,2021-08-31,TUE,3.65,280,1022,95.2
B013,B,cherry,2021-09-01,WED,3.65,284,1036.6,91.1
B013,B,cherry,2021-09-02,THU,3.67,276,1012.92,91.4
B013,B,cherry,2021-09-03,FRI,3.67,276,1012.92,89.7
B013,B,cherry,2021-09-04,SAT,3.67,302,1108.34,95
B013,B,cherry,2021-09-05,SUN,3.67,304,1115.68,95.7
B013,B,cherry,2021-09-06,MON,,,,
B013,B,cherry,2021-09-07,TUE,3.67,282,1034.94,98.6
B013,B,cherry,2021-09-08,WED,3.67,280,1027.6,93.2
B013,B,cherry,2021-09-09,THU,3.67,275,1009.25,98.6
B013,B,cherry,2021-09-10,FRI,3.67,275,1009.25,94.8
B013,B,cherry,2021-09-11,SAT,3.67,305,1119.35,94.8
B013,B,cherry,2021-09-12,SUN,3.67,306,1123.02,94
B013,B,cherry,2021-09-13,MON,,,,
B013,B,cherry,2021-09-14,TUE,3.67,282,1034.94,97.8
B013,B,cherry,2021-09-15,WED,3.67,280,1027.6,96.2
B013,B,cherry,2021-09-16,THU,3.69,282,1040.58,97.9
B013,B,cherry,2021-09-17,FRI,3.69,282,1040.58,98.4
B013,B,cherry,2021-09-18,SAT,3.69,306,1129.14,99.6
B013,B,cherry,2021-09-19,SUN,3.69,302,1114.38,98.1
B013,B,cherry,2021-09-20,MON,,,,
B013,B,cherry,2021-09-21,TUE,3.69,277,1022.13,98.2
B013,B,cherry,2021-09-22,WED,3.69,279,1029.51,98.3
B013,B,cherry,2021-09-23,THU,3.71,280,1038.8,93.9
B013,B,cherry,2021-09-24,FRI,3.71,276,1023.96,98.4
B013,B,cherry,2021-09-25,SAT,3.71,302,1120.42,98.2
B013,B,cherry,2021-09-26,SUN,3.71,307,1138.97,99.3
B013,B,cherry,2021-09-27,MON,,,,
B013,B,cherry,2021-09-28,TUE,3.71,278,1031.38,97
B013,B,cherry,2021-09-29,WED,3.71,276,1023.96,97
B013,B,cherry,2021-09-30,THU,3.73,277,1033.21,95.8
B014,B,apple,2021-04-01,THU,1.03,206,212.18,96
B014,B,apple,2021-04-02,FRI,1.03,208,214.24,87
B014,B,apple,2021-04-03,SAT,1.03,225,231.75,90.3
B014,B,apple,2021-04-04,SUN,1.03,226,232.78,95.2
B014,B,apple,2021-04-05,MON,,,,
B014,B,apple,2021-04-06,TUE,1.03,204,210.12,84.9
B014,B,apple,2021-04-07,WED,1.03,211,217.33,88.9
B014,B,apple,2021-04-08,THU,1.02,209,213.18,82.5
B014,B,apple,2021-04-09,FRI,1.02,210,214.2,95
B014,B,apple,2021-04-10,SAT,1.02,225,229.5,95
B014,B,apple,2021-04-11,SUN,1.02,226,230.52,92.9
B014,B,apple,2021-04-12,MON,,,,
B014,B,apple,2021-04-13,TUE,1.02,207,211.14,80.8
B014,B,apple,2021-04-14,WED,1.02,205,209.1,81.9
B014,B,apple,2021-04-15,THU,1.04,204,212.16,93.2
B014,B,apple,2021-04-16,FRI,1.04,208,216.32,97.6
B014,B,apple,2021-04-17,SAT,1.04,224,232.96,85.6
B014,B,apple,2021-04-18,SUN,1.04,225,234,86.1
B014,B,apple,2021-04-19,MON,,,,
B014,B,apple,2021-04-20,TUE,1.04,209,217.36,93.5
B014,B,apple,2021-04-21,WED,1.04,204,212.16,96.4
B014,B,apple,2021-04-22,THU,1.04,204,212.16,89.6
B014,B,apple,2021-04-23,FRI,1.04,206,214.24,97.6
B014,B,apple,2021-04-24,SAT,1.04,227,236.08,85.8
B014,B,apple,2021-04-25,SUN,1.04,224,232.96,94.9
B014,B,apple,2021-04-26,MON,,,,
B014,B,apple,2021-04-27,TUE,1.04,206,214.24,90.6
B014,B,apple,2021-04-28,WED,1.04,204,212.16,92
B014,B,apple,2021-04-29,THU,1.06,207,219.42,87.4
B014,B,apple,2021-04-30,FRI,1.06,208,220.48,93.7
B014,B,apple,2021-05-01,SAT,1.06,227,240.62,95.8
B014,B,apple,2021-05-02,SUN,1.06,224,237.44,92.6
B014,B,apple,2021-05-03,MON,,,,
B014,B,apple,2021-05-04,TUE,1.06,206,218.36,86.3
B014,B,apple,2021-05-05,WED,1.06,206,218.36,92.9
B014,B,apple,2021-05-06,THU,1.05,205,215.25,94.7
B014,B,apple,2021-05-07,FRI,1.05,205,215.25,86.6
B014,B,apple,2021-05-08,SAT,1.05,226,237.3,97.4
B014,B,apple,2021-05-09,SUN,1.05,224,235.2,90.2
B014,B,apple,2021-05-10,MON,,,,
B014,B,apple,2021-05-11,TUE,1.05,204,214.2,97
B014,B,apple,2021-05-12,WED,1.05,205,215.25,91
B014,B,apple,2021-05-13,THU,1.06,210,222.6,96.4
B014,B,apple,2021-05-14,FRI,1.06,207,219.42,96.6
B014,B,apple,2021-05-15,SAT,1.06,224,237.44,96.2
B014,B,apple,2021-05-16,SUN,1.06,226,239.56,96.6
B014,B,apple,2021-05-17,MON,,,,
B014,B,apple,2021-05-18,TUE,1.06,206,218.36,94.5
B014,B,apple,2021-05-19,WED,1.06,207,219.42,95.8
B014,B,apple,2021-05-20,THU,1.06,211,223.66,96
B014,B,apple,2021-05-21,FRI,1.06,211,223.66,92.8
B014,B,apple,2021-05-22,SAT,1.06,227,240.62,96
B014,B,apple,2021-05-23,SUN,1.06,225,238.5,95
B014,B,apple,2021-05-24,MON,,,,
B014,B,apple,2021-05-25,TUE,1.06,211,223.66,94.2
B014,B,apple,2021-05-26,WED,1.06,210,222.6,94.6
B014,B,apple,2021-05-27,THU,1.08,206,222.48,96.6
B014,B,apple,2021-05-28,FRI,1.08,205,221.4,95.9
B014,B,apple,2021-05-29,SAT,1.08,226,244.08,88.9
B014,B,apple,2021-05-30,SUN,1.08,226,244.08,98.6
B014,B,apple,2021-05-31,MON,,,,
B014,B,apple,2021-06-01,TUE,1.08,208,224.64,91.2
B014,B,apple,2021-06-02,WED,1.08,206,222.48,91.2
B014,B,apple,2021-06-03,THU,1.09,208,226.72,92.7
B014,B,apple,2021-06-04,FRI,1.09,205,223.45,94.5
B014,B,apple,2021-06-05,SAT,1.09,225,245.25,96.8
B014,B,apple,2021-06-06,SUN,1.09,224,244.16,95.1
B014,B,apple,2021-06-07,MON,,,,
B014,B,apple,2021-06-08,TUE,1.09,208,226.72,95.1
B014,B,apple,2021-06-09,WED,1.09,209,227.81,92.1
B014,B,apple,2021-06-10,THU,1.11,210,233.1,95.1
B014,B,apple,2021-06-11,FRI,1.11,208,230.88,93.9
B014,B,apple,2021-06-12,SAT,1.11,226,250.86,94
B014,B,apple,2021-06-13,SUN,1.11,227,251.97,88.8
B014,B,apple,2021-06-14,MON,,,,
B014,B,apple,2021-06-15,TUE,1.11,209,231.99,83.8
B014,B,apple,2021-06-16,WED,1.11,211,234.21,93.8
B014,B,apple,2021-06-17,THU,1.11,204,226.44,95.9
B014,B,apple,2021-06-18,FRI,1.11,210,233.1,97.3
B014,B,apple,2021-06-19,SAT,1.11,227,251.97,96.7
B014,B,apple,2021-06-20,SUN,1.11,227,251.97,96.7
B014,B,apple,2021-06-21,MON,,,,
B014,B,apple,2021-06-22,TUE,1.11,209,231.99,93.1
B014,B,apple,2021-06-23,WED,1.11,207,229.77,95.5
B014,B,apple,2021-06-24,THU,1.12,211,236.32,97
B014,B,apple,2021-06-25,FRI,1.12,207,231.84,97
B014,B,apple,2021-06-26,SAT,1.12,226,253.12,96
B014,B,apple,2021-06-27,SUN,1.12,227,254.24,98.1
B014,B,apple,2021-06-28,MON,,,,
B014,B,apple,2021-06-29,TUE,1.12,208,232.96,97.3
B014,B,apple,2021-06-30,WED,1.12,208,232.96,95
B014,B,apple,2021-07-01,THU,1.14,210,239.4,94.7
B014,B,apple,2021-07-02,FRI,1.14,211,240.54,98.1
B014,B,apple,2021-07-03,SAT,1.14,225,256.5,94.6
B014,B,apple,2021-07-04,SUN,1.14,227,258.78,95.9
B014,B,apple,2021-07-05,MON,,,,
B014,B,apple,2021-07-06,TUE,1.14,209,238.26,97.3
B014,B,apple,2021-07-07,WED,1.14,210,239.4,93.6
B014,B,apple,2021-07-08,THU,1.17,209,244.53,94.6
B014,B,apple,2021-07-09,FRI,1.17,209,244.53,96.7
B014,B,apple,2021-07-10,SAT,1.17,225,263.25,95.5
B014,B,apple,2021-07-11,SUN,1.17,227,265.59,98.4
B014,B,apple,2021-07-12,MON,,,,
B014,B,apple,2021-07-13,TUE,1.17,205,239.85,97
B014,B,apple,2021-07-14,WED,1.17,206,241.02,93.9
B014,B,apple,2021-07-15,THU,1.17,209,244.53,92.1
B014,B,apple,2021-07-16,FRI,1.17,205,239.85,95.4
B014,B,apple,2021-07-17,SAT,1.17,224,262.08,88.9
B014,B,apple,2021-07-18,SUN,1.17,225,263.25,93.2
B014,B,apple,2021-07-19,MON,,,,
B014,B,apple,2021-07-20,TUE,1.17,209,244.53,96.7
B014,B,apple,2021-07-21,WED,1.17,209,244.53,98.2
B014,B,apple,2021-07-22,THU,1.19,211,251.09,97.7
B014,B,apple,2021-07-23,FRI,1.19,204,242.76,95.4
B014,B,apple,2021-07-24,SAT,1.19,227,270.13,93.3
B014,B,apple,2021-07-25,SUN,1.19,225,267.75,97.8
B014,B,apple,2021-07-26,MON,,,,
B014,B,apple,2021-07-27,TUE,1.19,206,245.14,95
B014,B,apple,2021-07-28,WED,1.19,205,243.95,96
B014,B,apple,2021-07-29,THU,1.19,204,242.76,91.3
B014,B,apple,2021-07-30,FRI,1.19,204,242.76,96.5
B014,B,apple,2021-07-31,SAT,1.19,226,268.94,95.1
B014,B,apple,2021-08-01,SUN,1.19,226,268.94,96.5
B014,B,apple,2021-08-02,MON,,,,
B014,B,apple,2021-08-03,TUE,1.19,204,242.76,97.1
B014,B,apple,2021-08-04,WED,1.19,205,243.95,97.5
B014,B,apple,2021-08-05,THU,1.19,210,249.9,96.3
B014,B,apple,2021-08-06,FRI,1.19,209,248.71,94.5
B014,B,apple,2021-08-07,SAT,1.19,227,270.13,96
B014,B,apple,2021-08-08,SUN,1.19,226,268.94,91
B014,B,apple,2021-08-09,MON,,,,
B014,B,apple,2021-08-10,TUE,1.19,209,248.71,96.4
B014,B,apple,2021-08-11,WED,1.19,210,249.9,94.4
B014,B,apple,2021-08-12,THU,1.22,204,248.88,93
B014,B,apple,2021-08-13,FRI,1.22,206,251.32,91.8
B014,B,apple,2021-08-14,SAT,1.22,227,276.94,93.9
B014,B,apple,2021-08-15,SUN,1.22,226,275.72,95.9
B014,B,apple,2021-08-16,MON,,,,
B014,B,apple,2021-08-17,TUE,1.22,206,251.32,95.3
B014,B,apple,2021-08-18,WED,1.22,207,252.54,95.2
B014,B,apple,2021-08-19,THU,1.21,206,249.26,93.9
B014,B,apple,2021-08-20,FRI,1.21,203,245.63,94.9
B014,B,apple,2021-08-21,SAT,1.21,227,274.67,97.4
B014,B,apple,2021-08-22,SUN,1.21,226,273.46,97.4
B014,B,apple,2021-08-23,MON,,,,
B014,B,apple,2021-08-24,TUE,1.21,210,254.1,97.5
B014,B,apple,2021-08-25,WED,1.21,211,255.31,93.2
B014,B,apple,2021-08-26,THU,1.2,205,246,92.8
B014,B,apple,2021-08-27,FRI,1.2,210,252,89.4
B014,B,apple,2021-08-28,SAT,1.2,227,272.4,98
B014,B,apple,2021-08-29,SUN,1.2,224,268.8,96.9
B014,B,apple,2021-08-30,MON,,,,
B014,B,apple,2021-08-31,TUE,1.2,211,253.2,95.2
B014,B,apple,2021-09-01,WED,1.2,207,248.4,91.1
B014,B,apple,2021-09-02,THU,1.19,208,247.52,91.4
B014,B,apple,2021-09-03,FRI,1.19,210,249.9,89.7
B014,B,apple,2021-09-04,SAT,1.19,228,271.32,95
B014,B,apple,2021-09-05,SUN,1.19,227,270.13,95.7
B014,B,apple,2021-09-06,MON,,,,
B014,B,apple,2021-09-07,TUE,1.19,206,245.14,98.6
B014,B,apple,2021-09-08,WED,1.19,209,248.71,93.2
B014,B,apple,2021-09-09,THU,1.2,211,253.2,98.6
B014,B,apple,2021-09-10,FRI,1.2,209,250.8,94.8
B014,B,apple,2021-09-11,SAT,1.2,225,270,94.8
B014,B,apple,2021-09-12,SUN,1.2,225,270,94
B014,B,apple,2021-09-13,MON,,,,
B014,B,apple,2021-09-14,TUE,1.2,206,247.2,97.8
B014,B,apple,2021-09-15,WED,1.2,207,248.4,96.2
B014,B,apple,2021-09-16,THU,1.19,210,249.9,97.9
B014,B,apple,2021-09-17,FRI,1.19,206,245.14,98.4
B014,B,apple,2021-09-18,SAT,1.19,225,267.75,99.6
B014,B,apple,2021-09-19,SUN,1.19,226,268.94,98.1
B014,B,apple,2021-09-20,MON,,,,
B014,B,apple,2021-09-21,TUE,1.19,210,249.9,98.2
B014,B,apple,2021-09-22,WED,1.19,205,243.95,98.3
B014,B,apple,2021-09-23,THU,1.2,211,253.2,93.9
B014,B,apple,2021-09-24,FRI,1.2,209,250.8,98.4
B014,B,apple,2021-09-25,SAT,1.2,224,268.8,98.2
B014,B,apple,2021-09-26,SUN,1.2,226,271.2,99.3
B014,B,apple,2021-09-27,MON,,,,
B014,B,apple,2021-09-28,TUE,1.2,209,250.8,97
B014,B,apple,2021-09-29,WED,1.2,208,249.6,97
B014,B,apple,2021-09-30,THU,1.2,203,243.6,95.8
B014,B,banana,2021-04-01,THU,2.98,188,560.24,96
B014,B,banana,2021-04-02,FRI,2.98,189,563.22,87
B014,B,banana,2021-04-03,SAT,2.98,209,622.82,90.3
B014,B,banana,2021-04-04,SUN,2.98,211,628.78,95.2
B014,B,banana,2021-04-05,MON,,,,
B014,B,banana,2021-04-06,TUE,2.98,193,575.14,84.9
B014,B,banana,2021-04-07,WED,2.98,196,584.08,88.9
B014,B,banana,2021-04-08,THU,3.01,189,568.89,82.5
B014,B,banana,2021-04-09,FRI,3.01,190,571.9,95
B014,B,banana,2021-04-10,SAT,3.01,211,635.11,95
B014,B,banana,2021-04-11,SUN,3.01,210,632.1,92.9
B014,B,banana,2021-04-12,MON,,,,
B014,B,banana,2021-04-13,TUE,3.01,189,568.89,80.8
B014,B,banana,2021-04-14,WED,3.01,190,571.9,81.9
B014,B,banana,2021-04-15,THU,3.03,190,575.7,93.2
B014,B,banana,2021-04-16,FRI,3.03,191,578.73,97.6
B014,B,banana,2021-04-17,SAT,3.03,208,630.24,85.6
B014,B,banana,2021-04-18,SUN,3.03,208,630.24,86.1
B014,B,banana,2021-04-19,MON,,,,
B014,B,banana,2021-04-20,TUE,3.03,195,590.85,93.5
B014,B,banana,2021-04-21,WED,3.03,188,569.64,96.4
B014,B,banana,2021-04-22,THU,3.03,189,572.67,89.6
B014,B,banana,2021-04-23,FRI,3.03,192,581.76,97.6
B014,B,banana,2021-04-24,SAT,3.03,208,630.24,85.8
B014,B,banana,2021-04-25,SUN,3.03,210,636.3,94.9
B014,B,banana,2021-04-26,MON,,,,
B014,B,banana,2021-04-27,TUE,3.03,194,587.82,90.6
B014,B,banana,2021-04-28,WED,3.03,191,578.73,92
B014,B,banana,2021-04-29,THU,3.02,190,573.8,87.4
B014,B,banana,2021-04-30,FRI,3.02,189,570.78,93.7
B014,B,banana,2021-05-01,SAT,3.02,208,628.16,95.8
B014,B,banana,2021-05-02,SUN,3.02,211,637.22,92.6
B014,B,banana,2021-05-03,MON,,,,
B014,B,banana,2021-05-04,TUE,3.02,194,585.88,86.3
B014,B,banana,2021-05-05,WED,3.02,192,579.84,92.9
B014,B,banana,2021-05-06,THU,3.04,191,580.64,94.7
B014,B,banana,2021-05-07,FRI,3.04,191,580.64,86.6
B014,B,banana,2021-05-08,SAT,3.04,209,635.36,97.4
B014,B,banana,2021-05-09,SUN,3.04,208,632.32,90.2
B014,B,banana,2021-05-10,MON,,,,
B014,B,banana,2021-05-11,TUE,3.04,195,592.8,97
B014,B,banana,2021-05-12,WED,3.04,188,571.52,91
B014,B,banana,2021-05-13,THU,3.05,192,585.6,96.4
B014,B,banana,2021-05-14,FRI,3.05,193,588.65,96.6
B014,B,banana,2021-05-15,SAT,3.05,208,634.4,96.2
B014,B,banana,2021-05-16,SUN,3.05,208,634.4,96.6
B014,B,banana,2021-05-17,MON,,,,
B014,B,banana,2021-05-18,TUE,3.05,190,579.5,94.5
B014,B,banana,2021-05-19,WED,3.05,190,579.5,95.8
B014,B,banana,2021-05-20,THU,3.06,194,593.64,96
B014,B,banana,2021-05-21,FRI,3.06,195,596.7,92.8
B014,B,banana,2021-05-22,SAT,3.06,211,645.66,96
B014,B,banana,2021-05-23,SUN,3.06,211,645.66,95
B014,B,banana,2021-05-24,MON,,,,
B014,B,banana,2021-05-25,TUE,3.06,191,584.46,94.2
B014,B,banana,2021-05-26,WED,3.06,192,587.52,94.6
B014,B,banana,2021-05-27,THU,3.08,189,582.12,96.6
B014,B,banana,2021-05-28,FRI,3.08,192,591.36,95.9
B014,B,banana,2021-05-29,SAT,3.08,209,643.72,88.9
B014,B,banana,2021-05-30,SUN,3.08,211,649.88,98.6
B014,B,banana,2021-05-31,MON,,,,
B014,B,banana,2021-06-01,TUE,3.08,190,585.2,91.2
B014,B,banana,2021-06-02,WED,3.08,191,588.28,91.2
B014,B,banana,2021-06-03,THU,3.09,193,596.37,92.7
B014,B,banana,2021-06-04,FRI,3.09,193,596.37,94.5
B014,B,banana,2021-06-05,SAT,3.09,211,651.99,96.8
B014,B,banana,2021-06-06,SUN,3.09,208,642.72,95.1
B014,B,banana,2021-06-07,MON,,,,
B014,B,banana,2021-06-08,TUE,3.09,193,596.37,95.1
B014,B,banana,2021-06-09,WED,3.09,190,587.1,92.1
B014,B,banana,2021-06-10,THU,3.1,194,601.4,95.1
B014,B,banana,2021-06-11,FRI,3.1,191,592.1,93.9
B014,B,banana,2021-06-12,SAT,3.1,211,654.1,94
B014,B,banana,2021-06-13,SUN,3.1,210,651,88.8
B014,B,banana,2021-06-14,MON,,,,
B014,B,banana,2021-06-15,TUE,3.1,188,582.8,83.8
B014,B,banana,2021-06-16,WED,3.1,190,589,93.8
B014,B,banana,2021-06-17,THU,3.1,193,598.3,95.9
B014,B,banana,2021-06-18,FRI,3.1,195,604.5,97.3
B014,B,banana,2021-06-19,SAT,3.1,210,651,96.7
B014,B,banana,2021-06-20,SUN,3.1,211,654.1,96.7
B014,B,banana,2021-06-21,MON,,,,
B014,B,banana,2021-06-22,TUE,3.1,190,589,93.1
B014,B,banana,2021-06-23,WED,3.1,192,595.2,95.5
B014,B,banana,2021-06-24,THU,3.11,194,603.34,97
B014,B,banana,2021-06-25,FRI,3.11,188,584.68,97
B014,B,banana,2021-06-26,SAT,3.11,209,649.99,96
B014,B,banana,2021-06-27,SUN,3.11,210,653.1,98.1
B014,B,banana,2021-06-28,MON,,,,
B014,B,banana,2021-06-29,TUE,3.11,192,597.12,97.3
B014,B,banana,2021-06-30,WED,3.11,193,600.23,95
B014,B,banana,2021-07-01,THU,3.11,188,584.68,94.7
B014,B,banana,2021-07-02,FRI,3.11,191,594.01,98.1
B014,B,banana,2021-07-03,SAT,3.11,211,656.21,94.6
B014,B,banana,2021-07-04,SUN,3.11,209,649.99,95.9
B014,B,banana,2021-07-05,MON,,,,
B014,B,banana,2021-07-06,TUE,3.11,193,600.23,97.3
B014,B,banana,2021-07-07,WED,3.11,190,590.9,93.6
B014,B,banana,2021-07-08,THU,3.11,192,597.12,94.6
B014,B,banana,2021-07-09,FRI,3.11,195,606.45,96.7
B014,B,banana,2021-07-10,SAT,3.11,211,656.21,95.5
B014,B,banana,2021-07-11,SUN,3.11,210,653.1,98.4
B014,B,banana,2021-07-12,MON,,,,
B014,B,banana,2021-07-13,TUE,3.11,191,594.01,97
B014,B,banana,2021-07-14,WED,3.11,194,603.34,93.9
B014,B,banana,2021-07-15,THU,3.11,194,603.34,92.1
B014,B,banana,2021-07-16,FRI,3.11,189,587.79,95.4
B014,B,banana,2021-07-17,SAT,3.11,208,646.88,88.9
B014,B,banana,2021-07-18,SUN,3.11,210,653.1,93.2
B014,B,banana,2021-07-19,MON,,,,
B014,B,banana,2021-07-20,TUE,3.11,189,587.79,96.7
B014,B,banana,2021-07-21,WED,3.11,193,600.23,98.2
B014,B,banana,2021-07-22,THU,3.13,192,600.96,97.7
B014,B,banana,2021-07-23,FRI,3.13,191,597.83,95.4
B014,B,banana,2021-07-24,SAT,3.13,210,657.3,93.3
B014,B,banana,2021-07-25,SUN,3.13,211,660.43,97.8
B014,B,banana,2021-07-26,MON,,,,
B014,B,banana,2021-07-27,TUE,3.13,192,600.96,95
B014,B,banana,2021-07-28,WED,3.13,192,600.96,96
B014,B,banana,2021-07-29,THU,3.16,189,597.24,91.3
B014,B,banana,2021-07-30,FRI,3.16,194,613.04,96.5
B014,B,banana,2021-07-31,SAT,3.16,209,660.44,95.1
B014,B,banana,2021-08-01,SUN,3.16,208,657.28,96.5
B014,B,banana,2021-08-02,MON,,,,
B014,B,banana,2021-08-03,TUE,3.16,189,597.24,97.1
B014,B,banana,2021-08-04,WED,3.16,190,600.4,97.5
B014,B,banana,2021-08-05,THU,3.15,193,607.95,96.3
B014,B,banana,2021-08-06,FRI,3.15,188,592.2,94.5
B014,B,banana,2021-08-07,SAT,3.15,210,661.5,96
B014,B,banana,2021-08-08,SUN,3.15,211,664.65,91
B014,B,banana,2021-08-09,MON,,,,
B014,B,banana,2021-08-10,TUE,3.15,189,595.35,96.4
B014,B,banana,2021-08-11,WED,3.15,194,611.1,94.4
B014,B,banana,2021-08-12,THU,3.16,193,609.88,93
B014,B,banana,2021-08-13,FRI,3.16,190,600.4,91.8
B014,B,banana,2021-08-14,SAT,3.16,210,663.6,93.9
B014,B,banana,2021-08-15,SUN,3.16,209,660.44,95.9
B014,B,banana,2021-08-16,MON,,,,
B014,B,banana,2021-08-17,TUE,3.16,189,597.24,95.3
B014,B,banana,2021-08-18,WED,3.16,188,594.08,95.2
B014,B,banana,2021-08-19,THU,3.17,194,614.98,93.9
B014,B,banana,2021-08-20,FRI,3.17,195,618.15,94.9
B014,B,banana,2021-08-21,SAT,3.17,209,662.53,97.4
B014,B,banana,2021-08-22,SUN,3.17,209,662.53,97.4
B014,B,banana,2021-08-23,MON,,,,
B014,B,banana,2021-08-24,TUE,3.17,190,602.3,97.5
B014,B,banana,2021-08-25,WED,3.17,192,608.64,93.2
B014,B,banana,2021-08-26,THU,3.17,189,599.13,92.8
B014,B,banana,2021-08-27,FRI,3.17,190,602.3,89.4
B014,B,banana,2021-08-28,SAT,3.17,208,659.36,98
B014,B,banana,2021-08-29,SUN,3.17,211,668.87,96.9
B014,B,banana,2021-08-30,MON,,,,
B014,B,banana,2021-08-31,TUE,3.17,194,614.98,95.2
B014,B,banana,2021-09-01,WED,3.17,190,602.3,91.1
B014,B,banana,2021-09-02,THU,3.18,193,613.74,91.4
B014,B,banana,2021-09-03,FRI,3.18,196,623.28,89.7
B014,B,banana,2021-09-04,SAT,3.18,210,667.8,95
B014,B,banana,2021-09-05,SUN,3.18,207,658.26,95.7
B014,B,banana,2021-09-06,MON,,,,
B014,B,banana,2021-09-07,TUE,3.18,192,610.56,98.6
B014,B,banana,2021-09-08,WED,3.18,189,601.02,93.2
B014,B,banana,2021-09-09,THU,3.19,194,618.86,98.6
B014,B,banana,2021-09-10,FRI,3.19,192,612.48,94.8
B014,B,banana,2021-09-11,SAT,3.19,209,666.71,94.8
B014,B,banana,2021-09-12,SUN,3.19,208,663.52,94
B014,B,banana,2021-09-13,MON,,,,
B014,B,banana,2021-09-14,TUE,3.19,189,602.91,97.8
B014,B,banana,2021-09-15,WED,3.19,192,612.48,96.2
B014,B,banana,2021-09-16,THU,3.18,194,616.92,97.9
B014,B,banana,2021-09-17,FRI,3.18,191,607.38,98.4
B014,B,banana,2021-09-18,SAT,3.18,210,667.8,99.6
B014,B,banana,2021-09-19,SUN,3.18,208,661.44,98.1
B014,B,banana,2021-09-20,MON,,,,
B014,B,banana,2021-09-21,TUE,3.18,194,616.92,98.2
B014,B,banana,2021-09-22,WED,3.18,194,616.92,98.3
B014,B,banana,2021-09-23,THU,3.19,196,625.24,93.9
B014,B,banana,2021-09-24,FRI,3.19,190,606.1,98.4
B014,B,banana,2021-09-25,SAT,3.19,210,669.9,98.2
B014,B,banana,2021-09-26,SUN,3.19,210,669.9,99.3
B014,B,banana,2021-09-27,MON,,,,
B014,B,banana,2021-09-28,TUE,3.19,194,618.86,97
B014,B,banana,2021-09-29,WED,3.19,196,625.24,97
B014,B,banana,2021-09-30,THU,3.21,195,625.95,95.8
B014,B,cherry,2021-04-01,THU,4.08,335,1366.8,96
B014,B,cherry,2021-04-02,FRI,4.08,341,1391.28,87
B014,B,cherry,2021-04-03,SAT,4.08,369,1505.52,90.3
B014,B,cherry,2021-04-04,SUN,4.08,370,1509.6,95.2
B014,B,cherry,2021-04-05,MON,,,,
B014,B,cherry,2021-04-06,TUE,4.08,338,1379.04,84.9
B014,B,cherry,2021-04-07,WED,4.08,345,1407.6,88.9
B014,B,cherry,2021-04-08,THU,4.11,341,1401.51,82.5
B014,B,cherry,2021-04-09,FRI,4.11,344,1413.84,95
B014,B,cherry,2021-04-10,SAT,4.11,370,1520.7,95
B014,B,cherry,2021-04-11,SUN,4.11,372,1528.92,92.9
B014,B,cherry,2021-04-12,MON,,,,
B014,B,cherry,2021-04-13,TUE,4.11,346,1422.06,80.8
B014,B,cherry,2021-04-14,WED,4.11,344,1413.84,81.9
B014,B,cherry,2021-04-15,THU,4.12,336,1384.32,93.2
B014,B,cherry,2021-04-16,FRI,4.12,343,1413.16,97.6
B014,B,cherry,2021-04-17,SAT,4.12,375,1545,85.6
B014,B,cherry,2021-04-18,SUN,4.12,372,1532.64,86.1
B014,B,cherry,2021-04-19,MON,,,,
B014,B,cherry,2021-04-20,TUE,4.12,336,1384.32,93.5
B014,B,cherry,2021-04-21,WED,4.12,342,1409.04,96.4
B014,B,cherry,2021-04-22,THU,4.14,343,1420.02,89.6
B014,B,cherry,2021-04-23,FRI,4.14,340,1407.6,97.6
B014,B,cherry,2021-04-24,SAT,4.14,373,1544.22,85.8
B014,B,cherry,2021-04-25,SUN,4.14,373,1544.22,94.9
B014,B,cherry,2021-04-26,MON,,,,
B014,B,cherry,2021-04-27,TUE,4.14,338,1399.32,90.6
B014,B,cherry,2021-04-28,WED,4.14,335,1386.9,92
B014,B,cherry,2021-04-29,THU,4.17,348,1451.16,87.4
B014,B,cherry,2021-04-30,FRI,4.17,337,1405.29,93.7
B014,B,cherry,2021-05-01,SAT,4.17,369,1538.73,95.8
B014,B,cherry,2021-05-02,SUN,4.17,368,1534.56,92.6
B014,B,cherry,2021-05-03,MON,,,,
B014,B,cherry,2021-05-04,TUE,4.17,337,1405.29,86.3
B014,B,cherry,2021-05-05,WED,4.17,341,1421.97,92.9
B014,B,cherry,2021-05-06,THU,4.17,342,1426.14,94.7
B014,B,cherry,2021-05-07,FRI,4.17,343,1430.31,86.6
B014,B,cherry,2021-05-08,SAT,4.17,375,1563.75,97.4
B014,B,cherry,2021-05-09,SUN,4.17,373,1555.41,90.2
B014,B,cherry,2021-05-10,MON,,,,
B014,B,cherry,2021-05-11,TUE,4.17,339,1413.63,97
B014,B,cherry,2021-05-12,WED,4.17,337,1405.29,91
B014,B,cherry,2021-05-13,THU,4.17,336,1401.12,96.4
B014,B,cherry,2021-05-14,FRI,4.17,339,1413.63,96.6
B014,B,cherry,2021-05-15,SAT,4.17,370,1542.9,96.2
B014,B,cherry,2021-05-16,SUN,4.17,370,1542.9,96.6
B014,B,cherry,2021-05-17,MON,,,,
B014,B,cherry,2021-05-18,TUE,4.17,342,1426.14,94.5
B014,B,cherry,2021-05-19,WED,4.17,340,1417.8,95.8
B014,B,cherry,2021-05-20,THU,4.19,338,1416.22,96
B014,B,cherry,2021-05-21,FRI,4.19,337,1412.03,92.8
B014,B,cherry,2021-05-22,SAT,4.19,370,1550.3,96
B014,B,cherry,2021-05-23,SUN,4.19,372,1558.68,95
B014,B,cherry,2021-05-24,MON,,,,
B014,B,cherry,2021-05-25,TUE,4.19,341,1428.79,94.2
B014,B,cherry,2021-05-26,WED,4.19,344,1441.36,94.6
B014,B,cherry,2021-05-27,THU,4.21,345,1452.45,96.6
B014,B,cherry,2021-05-28,FRI,4.21,346,1456.66,95.9
B014,B,cherry,2021-05-29,SAT,4.21,373,1570.33,88.9
B014,B,cherry,2021-05-30,SUN,4.21,371,1561.91,98.6
B014,B,cherry,2021-05-31,MON,,,,
B014,B,cherry,2021-06-01,TUE,4.21,335,1410.35,91.2
B014,B,cherry,2021-06-02,WED,4.21,343,1444.03,91.2
B014,B,cherry,2021-06-03,THU,4.2,344,1444.8,92.7
B014,B,cherry,2021-06-04,FRI,4.2,336,1411.2,94.5
B014,B,cherry,2021-06-05,SAT,4.2,374,1570.8,96.8
B014,B,cherry,2021-06-06,SUN,4.2,374,1570.8,95.1
B014,B,cherry,2021-06-07,MON,,,,
B014,B,cherry,2021-06-08,TUE,4.2,340,1428,95.1
B014,B,cherry,2021-06-09,WED,4.2,337,1415.4,92.1
B014,B,cherry,2021-06-10,THU,4.2,343,1440.6,95.1
B014,B,cherry,2021-06-11,FRI,4.2,334,1402.8,93.9
B014,B,cherry,2021-06-12,SAT,4.2,371,1558.2,94
B014,B,cherry,2021-06-13,SUN,4.2,373,1566.6,88.8
B014,B,cherry,2021-06-14,MON,,,,
B014,B,cherry,2021-06-15,TUE,4.2,342,1436.4,83.8
B014,B,cherry,2021-06-16,WED,4.2,336,1411.2,93.8
B014,B,cherry,2021-06-17,THU,4.2,339,1423.8,95.9
B014,B,cherry,2021-06-18,FRI,4.2,341,1432.2,97.3
B014,B,cherry,2021-06-19,SAT,4.2,369,1549.8,96.7
B014,B,cherry,2021-06-20,SUN,4.2,370,1554,96.7
B014,B,cherry,2021-06-21,MON,,,,
B014,B,cherry,2021-06-22,TUE,4.2,338,1419.6,93.1
B014,B,cherry,2021-06-23,WED,4.2,347,1457.4,95.5
B014,B,cherry,2021-06-24,THU,4.21,345,1452.45,97
B014,B,cherry,2021-06-25,FRI,4.21,336,1414.56,97
B014,B,cherry,2021-06-26,SAT,4.21,369,1553.49,96
B014,B,cherry,2021-06-27,SUN,4.21,373,1570.33,98.1
B014,B,cherry,2021-06-28,MON,,,,
B014,B,cherry,2021-06-29,TUE,4.21,347,1460.87,97.3
B014,B,cherry,2021-06-30,WED,4.21,344,1448.24,95
B014,B,cherry,2021-07-01,THU,4.21,343,1444.03,94.7
B014,B,cherry,2021-07-02,FRI,4.21,347,1460.87,98.1
B014,B,cherry,2021-07-03,SAT,4.21,375,1578.75,94.6
B014,B,cherry,2021-07-04,SUN,4.21,371,1561.91,95.9
B014,B,cherry,2021-07-05,MON,,,,
B014,B,cherry,2021-07-06,TUE,4.21,338,1422.98,97.3
B014,B,cherry,2021-07-07,WED,4.21,345,1452.45,93.6
B014,B,cherry,2021-07-08,THU,4.2,343,1440.6,94.6
B014,B,cherry,2021-07-09,FRI,4.2,341,1432.2,96.7
B014,B,cherry,2021-07-10,SAT,4.2,374,1570.8,95.5
B014,B,cherry,2021-07-11,SUN,4.2,369,1549.8,98.4
B014,B,cherry,2021-07-12,MON,,,,
B014,B,cherry,2021-07-13,TUE,4.2,345,1449,97
B014,B,cherry,2021-07-14,WED,4.2,334,1402.8,93.9
B014,B,cherry,2021-07-15,THU,4.21,342,1439.82,92.1
B014,B,cherry,2021-07-16,FRI,4.21,348,1465.08,95.4
B014,B,cherry,2021-07-17,SAT,4.21,370,1557.7,88.9
B014,B,cherry,2021-07-18,SUN,4.21,370,1557.7,93.2
B014,B,cherry,2021-07-19,MON,,,,
B014,B,cherry,2021-07-20,TUE,4.21,337,1418.77,96.7
B014,B,cherry,2021-07-21,WED,4.21,344,1448.24,98.2
B014,B,cherry,2021-07-22,THU,4.22,342,1443.24,97.7
B014,B,cherry,2021-07-23,FRI,4.22,341,1439.02,95.4
B014,B,cherry,2021-07-24,SAT,4.22,370,1561.4,93.3
B014,B,cherry,2021-07-25,SUN,4.22,369,1557.18,97.8
B014,B,cherry,2021-07-26,MON,,,,
B014,B,cherry,2021-07-27,TUE,4.22,347,1464.34,95
B014,B,cherry,2021-07-28,WED,4.22,343,1447.46,96
B014,B,cherry,2021-07-29,THU,4.22,343,1447.46,91.3
B014,B,cherry,2021-07-30,FRI,4.22,337,1422.14,96.5
B014,B,cherry,2021-07-31,SAT,4.22,375,1582.5,95.1
B014,B,cherry,2021-08-01,SUN,4.22,369,1557.18,96.5
B014,B,cherry,2021-08-02,MON,,,,
B014,B,cherry,2021-08-03,TUE,4.22,339,1430.58,97.1
B014,B,cherry,2021-08-04,WED,4.22,340,1434.8,97.5
B014,B,cherry,2021-08-05,THU,4.22,345,1455.9,96.3
B014,B,cherry,2021-08-06,FRI,4.22,335,1413.7,94.5
B014,B,cherry,2021-08-07,SAT,4.22,373,1574.06,96
B014,B,cherry,2021-08-08,SUN,4.22,370,1561.4,91
B014,B,cherry,2021-08-09,MON,,,,
B014,B,cherry,2021-08-10,TUE,4.22,339,1430.58,96.4
B014,B,cherry,2021-08-11,WED,4.22,339,1430.58,94.4
B014,B,cherry,2021-08-12,THU,4.22,345,1455.9,93
B014,B,cherry,2021-08-13,FRI,4.22,343,1447.46,91.8
B014,B,cherry,2021-08-14,SAT,4.22,373,1574.06,93.9
B014,B,cherry,2021-08-15,SUN,4.22,374,1578.28,95.9
B014,B,cherry,2021-08-16,MON,,,,
B014,B,cherry,2021-08-17,TUE,4.22,344,1451.68,95.3
B014,B,cherry,2021-08-18,WED,4.22,338,1426.36,95.2
B014,B,cherry,2021-08-19,THU,4.25,338,1436.5,93.9
B014,B,cherry,2021-08-20,FRI,4.25,342,1453.5,94.9
B014,B,cherry,2021-08-21,SAT,4.25,370,1572.5,97.4
B014,B,cherry,2021-08-22,SUN,4.25,372,1581,97.4
B014,B,cherry,2021-08-23,MON,,,,
B014,B,cherry,2021-08-24,TUE,4.25,346,1470.5,97.5
B014,B,cherry,2021-08-25,WED,4.25,340,1445,93.2
B014,B,cherry,2021-08-26,THU,4.26,338,1439.88,92.8
B014,B,cherry,2021-08-27,FRI,4.26,341,1452.66,89.4
B014,B,cherry,2021-08-28,SAT,4.26,370,1576.2,98
B014,B,cherry,2021-08-29,SUN,4.26,370,1576.2,96.9
B014,B,cherry,2021-08-30,MON,,,,
B014,B,cherry,2021-08-31,TUE,4.26,338,1439.88,95.2
B014,B,cherry,2021-09-01,WED,4.26,344,1465.44,91.1
B014,B,cherry,2021-09-02,THU,4.29,340,1458.6,91.4
B014,B,cherry,2021-09-03,FRI,4.29,337,1445.73,89.7
B014,B,cherry,2021-09-04,SAT,4.29,368,1578.72,95
B014,B,cherry,2021-09-05,SUN,4.29,373,1600.17,95.7
B014,B,cherry,2021-09-06,MON,,,,
B014,B,cherry,2021-09-07,TUE,4.29,339,1454.31,98.6
B014,B,cherry,2021-09-08,WED,4.29,347,1488.63,93.2
B014,B,cherry,2021-09-09,THU,4.28,336,1438.08,98.6
B014,B,cherry,2021-09-10,FRI,4.28,342,1463.76,94.8
B014,B,cherry,2021-09-11,SAT,4.28,369,1579.32,94.8
B014,B,cherry,2021-09-12,SUN,4.28,373,1596.44,94
B014,B,cherry,2021-09-13,MON,,,,
B014,B,cherry,2021-09-14,TUE,4.28,340,1455.2,97.8
B014,B,cherry,2021-09-15,WED,4.28,340,1455.2,96.2
B014,B,cherry,2021-09-16,THU,4.28,338,1446.64,97.9
B014,B,cherry,2021-09-17,FRI,4.28,341,1459.48,98.4
B014,B,cherry,2021-09-18,SAT,4.28,370,1583.6,99.6
B014,B,cherry,2021-09-19,SUN,4.28,370,1583.6,98.1
B014,B,cherry,2021-09-20,MON,,,,
B014,B,cherry,2021-09-21,TUE,4.28,339,1450.92,98.2
B014,B,cherry,2021-09-22,WED,4.28,343,1468.04,98.3
B014,B,cherry,2021-09-23,THU,4.28,342,1463.76,93.9
B014,B,cherry,2021-09-24,FRI,4.28,347,1485.16,98.4
B014,B,cherry,2021-09-25,SAT,4.28,374,1600.72,98.2
B014,B,cherry,2021-09-26,SUN,4.28,369,1579.32,99.3
B014,B,cherry,2021-09-27,MON,,,,
B014,B,cherry,2021-09-28,TUE,4.28,346,1480.88,97
B014,B,cherry,2021-09-29,WED,4.28,336,1438.08,97
B014,B,cherry,2021-09-30,THU,4.29,336,1441.44,95.8
B015,B,apple,2021-04-01,THU,,109,,96
B015,B,apple,2021-04-02,FRI,,107,,87
B015,B,apple,2021-04-03,SAT,,119,,90.3
B015,B,apple,2021-04-04,SUN,,119,,95.2
B015,B,apple,2021-04-05,MON,,,,
B015,B,apple,2021-04-06,TUE,,109,,84.9
B015,B,apple,2021-04-07,WED,,108,,88.9
B015,B,apple,2021-04-08,THU,,109,,82.5
B015,B,apple,2021-04-09,FRI,,109,,95
B015,B,apple,2021-04-10,SAT,,118,,95
B015,B,apple,2021-04-11,SUN,,119,,92.9
B015,B,apple,2021-04-12,MON,,,,
B015,B,apple,2021-04-13,TUE,,109,,80.8
B015,B,apple,2021-04-14,WED,,108,,81.9
B015,B,apple,2021-04-15,THU,,109,,93.2
B015,B,apple,2021-04-16,FRI,,108,,97.6
B015,B,apple,2021-04-17,SAT,,120,,85.6
B015,B,apple,2021-04-18,SUN,,120,,86.1
B015,B,apple,2021-04-19,MON,,,,
B015,B,apple,2021-04-20,TUE,,111,,93.5
B015,B,apple,2021-04-21,WED,,109,,96.4
B015,B,apple,2021-04-22,THU,,108,,89.6
B015,B,apple,2021-04-23,FRI,,108,,97.6
B015,B,apple,2021-04-24,SAT,,118,,85.8
B015,B,apple,2021-04-25,SUN,,118,,94.9
B015,B,apple,2021-04-26,MON,,,,
B015,B,apple,2021-04-27,TUE,,110,,90.6
B015,B,apple,2021-04-28,WED,,108,,92
B015,B,apple,2021-04-29,THU,,107,,87.4
B015,B,apple,2021-04-30,FRI,,110,,93.7
B015,B,apple,2021-05-01,SAT,,119,,95.8
B015,B,apple,2021-05-02,SUN,,120,,92.6
B015,B,apple,2021-05-03,MON,,,,
B015,B,apple,2021-05-04,TUE,,108,,86.3
B015,B,apple,2021-05-05,WED,,108,,92.9
B015,B,apple,2021-05-06,THU,,108,,94.7
B015,B,apple,2021-05-07,FRI,,109,,86.6
B015,B,apple,2021-05-08,SAT,,119,,97.4
B015,B,apple,2021-05-09,SUN,,119,,90.2
B015,B,apple,2021-05-10,MON,,,,
B015,B,apple,2021-05-11,TUE,,111,,97
B015,B,apple,2021-05-12,WED,,111,,91
B015,B,apple,2021-05-13,THU,,107,,96.4
B015,B,apple,2021-05-14,FRI,,110,,96.6
B015,B,apple,2021-05-15,SAT,,119,,96.2
B015,B,apple,2021-05-16,SUN,,118,,96.6
B015,B,apple,2021-05-17,MON,,,,
B015,B,apple,2021-05-18,TUE,,110,,94.5
B015,B,apple,2021-05-19,WED,,111,,95.8
B015,B,apple,2021-05-20,THU,,107,,96
B015,B,apple,2021-05-21,FRI,,111,,92.8
B015,B,apple,2021-05-22,SAT,,120,,96
B015,B,apple,2021-05-23,SUN,,118,,95
B015,B,apple,2021-05-24,MON,,,,
B015,B,apple,2021-05-25,TUE,,107,,94.2
B015,B,apple,2021-05-26,WED,,110,,94.6
B015,B,apple,2021-05-27,THU,,108,,96.6
B015,B,apple,2021-05-28,FRI,,107,,95.9
B015,B,apple,2021-05-29,SAT,,119,,88.9
B015,B,apple,2021-05-30,SUN,,120,,98.6
B015,B,apple,2021-05-31,MON,,,,
B015,B,apple,2021-06-01,TUE,,111,,91.2
B015,B,apple,2021-06-02,WED,,110,,91.2
B015,B,apple,2021-06-03,THU,,111,,92.7
B015,B,apple,2021-06-04,FRI,,110,,94.5
B015,B,apple,2021-06-05,SAT,,119,,96.8
B015,B,apple,2021-06-06,SUN,,120,,95.1
B015,B,apple,2021-06-07,MON,,,,
B015,B,apple,2021-06-08,TUE,,110,,95.1
B015,B,apple,2021-06-09,WED,,108,,92.1
B015,B,apple,2021-06-10,THU,,109,,95.1
B015,B,apple,2021-06-11,FRI,,111,,93.9
B015,B,apple,2021-06-12,SAT,,118,,94
B015,B,apple,2021-06-13,SUN,,119,,88.8
B015,B,apple,2021-06-14,MON,,,,
B015,B,apple,2021-06-15,TUE,,108,,83.8
B015,B,apple,2021-06-16,WED,,107,,93.8
B015,B,apple,2021-06-17,THU,,110,,95.9
B015,B,apple,2021-06-18,FRI,,110,,97.3
B015,B,apple,2021-06-19,SAT,,119,,96.7
B015,B,apple,2021-06-20,SUN,,119,,96.7
B015,B,apple,2021-06-21,MON,,,,
B015,B,apple,2021-06-22,TUE,,110,,93.1
B015,B,apple,2021-06-23,WED,,108,,95.5
B015,B,apple,2021-06-24,THU,,111,,97
B015,B,apple,2021-06-25,FRI,,107,,97
B015,B,apple,2021-06-26,SAT,,120,,96
B015,B,apple,2021-06-27,SUN,,120,,98.1
B015,B,apple,2021-06-28,MON,,,,
B015,B,apple,2021-06-29,TUE,,108,,97.3
B015,B,apple,2021-06-30,WED,,111,,95
B015,B,apple,2021-07-01,THU,,109,,94.7
B015,B,apple,2021-07-02,FRI,,110,,98.1
B015,B,apple,2021-07-03,SAT,,119,,94.6
B015,B,apple,2021-07-04,SUN,,119,,95.9
B015,B,apple,2021-07-05,MON,,,,
B015,B,apple,2021-07-06,TUE,,107,,97.3
B015,B,apple,2021-07-07,WED,,108,,93.6
B015,B,apple,2021-07-08,THU,,108,,94.6
B015,B,apple,2021-07-09,FRI,,109,,96.7
B015,B,apple,2021-07-10,SAT,,119,,95.5
B015,B,apple,2021-07-11,SUN,,118,,98.4
B015,B,apple,2021-07-12,MON,,,,
B015,B,apple,2021-07-13,TUE,,110,,97
B015,B,apple,2021-07-14,WED,,111,,93.9
B015,B,apple,2021-07-15,THU,,110,,92.1
B015,B,apple,2021-07-16,FRI,,107,,95.4
B015,B,apple,2021-07-17,SAT,,119,,88.9
B015,B,apple,2021-07-18,SUN,,119,,93.2
B015,B,apple,2021-07-19,MON,,,,
B015,B,apple,2021-07-20,TUE,,107,,96.7
B015,B,apple,2021-07-21,WED,,110,,98.2
B015,B,apple,2021-07-22,THU,,108,,97.7
B015,B,apple,2021-07-23,FRI,,107,,95.4
B015,B,apple,2021-07-24,SAT,,119,,93.3
B015,B,apple,2021-07-25,SUN,,119,,97.8
B015,B,apple,2021-07-26,MON,,,,
B015,B,apple,2021-07-27,TUE,,110,,95
B015,B,apple,2021-07-28,WED,,110,,96
B015,B,apple,2021-07-29,THU,,107,,91.3
B015,B,apple,2021-07-30,FRI,,109,,96.5
B015,B,apple,2021-07-31,SAT,,119,,95.1
B015,B,apple,2021-08-01,SUN,,120,,96.5
B015,B,apple,2021-08-02,MON,,,,
B015,B,apple,2021-08-03,TUE,,107,,97.1
B015,B,apple,2021-08-04,WED,,107,,97.5
B015,B,apple,2021-08-05,THU,,108,,96.3
B015,B,apple,2021-08-06,FRI,,109,,94.5
B015,B,apple,2021-08-07,SAT,,119,,96
B015,B,apple,2021-08-08,SUN,,120,,91
B015,B,apple,2021-08-09,MON,,,,
B015,B,apple,2021-08-10,TUE,,108,,96.4
B015,B,apple,2021-08-11,WED,,110,,94.4
B015,B,apple,2021-08-12,THU,,108,,93
B015,B,apple,2021-08-13,FRI,,109,,91.8
B015,B,apple,2021-08-14,SAT,,119,,93.9
B015,B,apple,2021-08-15,SUN,,120,,95.9
B015,B,apple,2021-08-16,MON,,,,
B015,B,apple,2021-08-17,TUE,,110,,95.3
B015,B,apple,2021-08-18,WED,,110,,95.2
B015,B,apple,2021-08-19,THU,,111,,93.9
B015,B,apple,2021-08-20,FRI,,108,,94.9
B015,B,apple,2021-08-21,SAT,,118,,97.4
B015,B,apple,2021-08-22,SUN,,118,,97.4
B015,B,apple,2021-08-23,MON,,,,
B015,B,apple,2021-08-24,TUE,,109,,97.5
B015,B,apple,2021-08-25,WED,,110,,93.2
B015,B,apple,2021-08-26,THU,,111,,92.8
B015,B,apple,2021-08-27,FRI,,111,,89.4
B015,B,apple,2021-08-28,SAT,,118,,98
B015,B,apple,2021-08-29,SUN,,119,,96.9
B015,B,apple,2021-08-30,MON,,,,
B015,B,apple,2021-08-31,TUE,,108,,95.2
B015,B,apple,2021-09-01,WED,,110,,91.1
B015,B,apple,2021-09-02,THU,,111,,91.4
B015,B,apple,2021-09-03,FRI,,109,,89.7
B015,B,apple,2021-09-04,SAT,,119,,95
B015,B,apple,2021-09-05,SUN,,119,,95.7
B015,B,apple,2021-09-06,MON,,,,
B015,B,apple,2021-09-07,TUE,,109,,98.6
B015,B,apple,2021-09-08,WED,,109,,93.2
B015,B,apple,2021-09-09,THU,,108,,98.6
B015,B,apple,2021-09-10,FRI,,107,,94.8
B015,B,apple,2021-09-11,SAT,,119,,94.8
B015,B,apple,2021-09-12,SUN,,119,,94
B015,B,apple,2021-09-13,MON,,,,
B015,B,apple,2021-09-14,TUE,,110,,97.8
B015,B,apple,2021-09-15,WED,,108,,96.2
B015,B,apple,2021-09-16,THU,,107,,97.9
B015,B,apple,2021-09-17,FRI,,111,,98.4
B015,B,apple,2021-09-18,SAT,,120,,99.6
B015,B,apple,2021-09-19,SUN,,119,,98.1
B015,B,apple,2021-09-20,MON,,,,
B015,B,apple,2021-09-21,TUE,,108,,98.2
B015,B,apple,2021-09-22,WED,,110,,98.3
B015,B,apple,2021-09-23,THU,,107,,93.9
B015,B,apple,2021-09-24,FRI,,110,,98.4
B015,B,apple,2021-09-25,SAT,,119,,98.2
B015,B,apple,2021-09-26,SUN,,119,,99.3
B015,B,apple,2021-09-27,MON,,,,
B015,B,apple,2021-09-28,TUE,,109,,97
B015,B,apple,2021-09-29,WED,,108,,97
B015,B,apple,2021-09-30,THU,,107,,95.8
B015,B,banana,2021-04-01,THU,,440,,96
B015,B,banana,2021-04-02,FRI,,446,,87
B015,B,banana,2021-04-03,SAT,,490,,90.3
B015,B,banana,2021-04-04,SUN,,492,,95.2
B015,B,banana,2021-04-05,MON,,,,
B015,B,banana,2021-04-06,TUE,,445,,84.9
B015,B,banana,2021-04-07,WED,,442,,88.9
B015,B,banana,2021-04-08,THU,,445,,82.5
B015,B,banana,2021-04-09,FRI,,442,,95
B015,B,banana,2021-04-10,SAT,,491,,95
B015,B,banana,2021-04-11,SUN,,489,,92.9
B015,B,banana,2021-04-12,MON,,,,
B015,B,banana,2021-04-13,TUE,,441,,80.8
B015,B,banana,2021-04-14,WED,,444,,81.9
B015,B,banana,2021-04-15,THU,,453,,93.2
B015,B,banana,2021-04-16,FRI,,444,,97.6
B015,B,banana,2021-04-17,SAT,,486,,85.6
B015,B,banana,2021-04-18,SUN,,484,,86.1
B015,B,banana,2021-04-19,MON,,,,
B015,B,banana,2021-04-20,TUE,,449,,93.5
B015,B,banana,2021-04-21,WED,,447,,96.4
B015,B,banana,2021-04-22,THU,,444,,89.6
B015,B,banana,2021-04-23,FRI,,451,,97.6
B015,B,banana,2021-04-24,SAT,,484,,85.8
B015,B,banana,2021-04-25,SUN,,488,,94.9
B015,B,banana,2021-04-26,MON,,,,
B015,B,banana,2021-04-27,TUE,,452,,90.6
B015,B,banana,2021-04-28,WED,,451,,92
B015,B,banana,2021-04-29,THU,,457,,87.4
B015,B,banana,2021-04-30,FRI,,454,,93.7
B015,B,banana,2021-05-01,SAT,,485,,95.8
B015,B,banana,2021-05-02,SUN,,492,,92.6
B015,B,banana,2021-05-03,MON,,,,
B015,B,banana,2021-05-04,TUE,,444,,86.3
B015,B,banana,2021-05-05,WED,,449,,92.9
B015,B,banana,2021-05-06,THU,,453,,94.7
B015,B,banana,2021-05-07,FRI,,441,,86.6
B015,B,banana,2021-05-08,SAT,,488,,97.4
B015,B,banana,2021-05-09,SUN,,492,,90.2
B015,B,banana,2021-05-10,MON,,,,
B015,B,banana,2021-05-11,TUE,,455,,97
B015,B,banana,2021-05-12,WED,,444,,91
B015,B,banana,2021-05-13,THU,,453,,96.4
B015,B,banana,2021-05-14,FRI,,450,,96.6
B015,B,banana,2021-05-15,SAT,,493,,96.2
B015,B,banana,2021-05-16,SUN,,488,,96.6
B015,B,banana,2021-05-17,MON,,,,
B015,B,banana,2021-05-18,TUE,,454,,94.5
B015,B,banana,2021-05-19,WED,,455,,95.8
B015,B,banana,2021-05-20,THU,,445,,96
B015,B,banana,2021-05-21,FRI,,446,,92.8
B015,B,banana,2021-05-22,SAT,,487,,96
B015,B,banana,2021-05-23,SUN,,486,,95
B015,B,banana,2021-05-24,MON,,,,
B015,B,banana,2021-05-25,TUE,,444,,94.2
B015,B,banana,2021-05-26,WED,,446,,94.6
B015,B,banana,2021-05-27,THU,,449,,96.6
B015,B,banana,2021-05-28,FRI,,439,,95.9
B015,B,banana,2021-05-29,SAT,,492,,88.9
B015,B,banana,2021-05-30,SUN,,484,,98.6
B015,B,banana,2021-05-31,MON,,,,
B015,B,banana,2021-06-01,TUE,,441,,91.2
B015,B,banana,2021-06-02,WED,,448,,91.2
B015,B,banana,2021-06-03,THU,,449,,92.7
B015,B,banana,2021-06-04,FRI,,449,,94.5
B015,B,banana,2021-06-05,SAT,,487,,96.8
B015,B,banana,2021-06-06,SUN,,490,,95.1
B015,B,banana,2021-06-07,MON,,,,
B015,B,banana,2021-06-08,TUE,,455,,95.1
B015,B,banana,2021-06-09,WED,,445,,92.1
B015,B,banana,2021-06-10,THU,,453,,95.1
B015,B,banana,2021-06-11,FRI,,448,,93.9
B015,B,banana,2021-06-12,SAT,,487,,94
B015,B,banana,2021-06-13,SUN,,492,,88.8
B015,B,banana,2021-06-14,MON,,,,
B015,B,banana,2021-06-15,TUE,,450,,83.8
B015,B,banana,2021-06-16,WED,,456,,93.8
B015,B,banana,2021-06-17,THU,,443,,95.9
B015,B,banana,2021-06-18,FRI,,449,,97.3
B015,B,banana,2021-06-19,SAT,,492,,96.7
B015,B,banana,2021-06-20,SUN,,486,,96.7
B015,B,banana,2021-06-21,MON,,,,
B015,B,banana,2021-06-22,TUE,,452,,93.1
B015,B,banana,2021-06-23,WED,,444,,95.5
B015,B,banana,2021-06-24,THU,,442,,97
B015,B,banana,2021-06-25,FRI,,449,,97
B015,B,banana,2021-06-26,SAT,,492,,96
B015,B,banana,2021-06-27,SUN,,489,,98.1
B015,B,banana,2021-06-28,MON,,,,
B015,B,banana,2021-06-29,TUE,,446,,97.3
B015,B,banana,2021-06-30,WED,,440,,95
B015,B,banana,2021-07-01,THU,,445,,94.7
B015,B,banana,2021-07-02,FRI,,448,,98.1
B015,B,banana,2021-07-03,SAT,,485,,94.6
B015,B,banana,2021-07-04,SUN,,487,,95.9
B015,B,banana,2021-07-05,MON,,,,
B015,B,banana,2021-07-06,TUE,,451,,97.3
B015,B,banana,2021-07-07,WED,,446,,93.6
B015,B,banana,2021-07-08,THU,,443,,94.6
B015,B,banana,2021-07-09,FRI,,448,,96.7
B015,B,banana,2021-07-10,SAT,,490,,95.5
B015,B,banana,2021-07-11,SUN,,485,,98.4
B015,B,banana,2021-07-12,MON,,,,
B015,B,banana,2021-07-13,TUE,,455,,97
B015,B,banana,2021-07-14,WED,,442,,93.9
B015,B,banana,2021-07-15,THU,,451,,92.1
B015,B,banana,2021-07-16,FRI,,449,,95.4
B015,B,banana,2021-07-17,SAT,,484,,88.9
B015,B,banana,2021-07-18,SUN,,492,,93.2
B015,B,banana,2021-07-19,MON,,,,
B015,B,banana,2021-07-20,TUE,,450,,96.7
B015,B,banana,2021-07-21,WED,,448,,98.2
B015,B,banana,2021-07-22,THU,,450,,97.7
B015,B,banana,2021-07-23,FRI,,443,,95.4
B015,B,banana,2021-07-24,SAT,,491,,93.3
B015,B,banana,2021-07-25,SUN,,491,,97.8
B015,B,banana,2021-07-26,MON,,,,
B015,B,banana,2021-07-27,TUE,,453,,95
B015,B,banana,2021-07-28,WED,,442,,96
B015,B,banana,2021-07-29,THU,,446,,91.3
B015,B,banana,2021-07-30,FRI,,445,,96.5
B015,B,banana,2021-07-31,SAT,,488,,95.1
B015,B,banana,2021-08-01,SUN,,491,,96.5
B015,B,banana,2021-08-02,MON,,,,
B015,B,banana,2021-08-03,TUE,,450,,97.1
B015,B,banana,2021-08-04,WED,,456,,97.5
B015,B,banana,2021-08-05,THU,,448,,96.3
B015,B,banana,2021-08-06,FRI,,440,,94.5
B015,B,banana,2021-08-07,SAT,,490,,96
B015,B,banana,2021-08-08,SUN,,493,,91
B015,B,banana,2021-08-09,MON,,,,
B015,B,banana,2021-08-10,TUE,,454,,96.4
B015,B,banana,2021-08-11,WED,,456,,94.4
B015,B,banana,2021-08-12,THU,,443,,93
B015,B,banana,2021-08-13,FRI,,448,,91.8
B015,B,banana,2021-08-14,SAT,,487,,93.9
B015,B,banana,2021-08-15,SUN,,491,,95.9
B015,B,banana,2021-08-16,MON,,,,
B015,B,banana,2021-08-17,TUE,,451,,95.3
B015,B,banana,2021-08-18,WED,,452,,95.2
B015,B,banana,2021-08-19,THU,,446,,93.9
B015,B,banana,2021-08-20,FRI,,439,,94.9
B015,B,banana,2021-08-21,SAT,,485,,97.4
B015,B,banana,2021-08-22,SUN,,487,,97.4
B015,B,banana,2021-08-23,MON,,,,
B015,B,banana,2021-08-24,TUE,,455,,97.5
B015,B,banana,2021-08-25,WED,,446,,93.2
B015,B,banana,2021-08-26,THU,,442,,92.8
B015,B,banana,2021-08-27,FRI,,442,,89.4
B015,B,banana,2021-08-28,SAT,,484,,98
B015,B,banana,2021-08-29,SUN,,492,,96.9
B015,B,banana,2021-08-30,MON,,,,
B015,B,banana,2021-08-31,TUE,,440,,95.2
B015,B,banana,2021-09-01,WED,,454,,91.1
B015,B,banana,2021-09-02,THU,,453,,91.4
B015,B,banana,2021-09-03,FRI,,443,,89.7
B015,B,banana,2021-09-04,SAT,,487,,95
B015,B,banana,2021-09-05,SUN,,490,,95.7
B015,B,banana,2021-09-06,MON,,,,
B015,B,banana,2021-09-07,TUE,,450,,98.6
B015,B,banana,2021-09-08,WED,,456,,93.2
B015,B,banana,2021-09-09,THU,,441,,98.6
B015,B,banana,2021-09-10,FRI,,451,,94.8
B015,B,banana,2021-09-11,SAT,,484,,94.8
B015,B,banana,2021-09-12,SUN,,487,,94
B015,B,banana,2021-09-13,MON,,,,
B015,B,banana,2021-09-14,TUE,,447,,97.8
B015,B,banana,2021-09-15,WED,,444,,96.2
B015,B,banana,2021-09-16,THU,,445,,97.9
B015,B,banana,2021-09-17,FRI,,454,,98.4
B015,B,banana,2021-09-18,SAT,,487,,99.6
B015,B,banana,2021-09-19,SUN,,493,,98.1
B015,B,banana,2021-09-20,MON,,,,
B015,B,banana,2021-09-21,TUE,,449,,98.2
B015,B,banana,2021-09-22,WED,,450,,98.3
B015,B,banana,2021-09-23,THU,,446,,93.9
B015,B,banana,2021-09-24,FRI,,441,,98.4
B015,B,banana,2021-09-25,SAT,,488,,98.2
B015,B,banana,2021-09-26,SUN,,486,,99.3
B015,B,banana,2021-09-27,MON,,,,
B015,B,banana,2021-09-28,TUE,,448,,97
B015,B,banana,2021-09-29,WED,,454,,97
B015,B,banana,2021-09-30,THU,,454,,95.8
B015,B,cherry,2021-04-01,THU,,138,,96
B015,B,cherry,2021-04-02,FRI,,133,,87
B015,B,cherry,2021-04-03,SAT,,148,,90.3
B015,B,cherry,2021-04-04,SUN,,148,,95.2
B015,B,cherry,2021-04-05,MON,,,,
B015,B,cherry,2021-04-06,TUE,,136,,84.9
B015,B,cherry,2021-04-07,WED,,136,,88.9
B015,B,cherry,2021-04-08,THU,,136,,82.5
B015,B,cherry,2021-04-09,FRI,,138,,95
B015,B,cherry,2021-04-10,SAT,,148,,95
B015,B,cherry,2021-04-11,SUN,,149,,92.9
B015,B,cherry,2021-04-12,MON,,,,
B015,B,cherry,2021-04-13,TUE,,136,,80.8
B015,B,cherry,2021-04-14,WED,,137,,81.9
B015,B,cherry,2021-04-15,THU,,134,,93.2
B015,B,cherry,2021-04-16,FRI,,136,,97.6
B015,B,cherry,2021-04-17,SAT,,147,,85.6
B015,B,cherry,2021-04-18,SUN,,149,,86.1
B015,B,cherry,2021-04-19,MON,,,,
B015,B,cherry,2021-04-20,TUE,,137,,93.5
B015,B,cherry,2021-04-21,WED,,136,,96.4
B015,B,cherry,2021-04-22,THU,,137,,89.6
B015,B,cherry,2021-04-23,FRI,,137,,97.6
B015,B,cherry,2021-04-24,SAT,,148,,85.8
B015,B,cherry,2021-04-25,SUN,,148,,94.9
B015,B,cherry,2021-04-26,MON,,,,
B015,B,cherry,2021-04-27,TUE,,137,,90.6
B015,B,cherry,2021-04-28,WED,,137,,92
B015,B,cherry,2021-04-29,THU,,136,,87.4
B015,B,cherry,2021-04-30,FRI,,138,,93.7
B015,B,cherry,2021-05-01,SAT,,147,,95.8
B015,B,cherry,2021-05-02,SUN,,148,,92.6
B015,B,cherry,2021-05-03,MON,,,,
B015,B,cherry,2021-05-04,TUE,,134,,86.3
B015,B,cherry,2021-05-05,WED,,136,,92.9
B015,B,cherry,2021-05-06,THU,,133,,94.7
B015,B,cherry,2021-05-07,FRI,,136,,86.6
B015,B,cherry,2021-05-08,SAT,,149,,97.4
B015,B,cherry,2021-05-09,SUN,,149,,90.2
B015,B,cherry,2021-05-10,MON,,,,
B015,B,cherry,2021-05-11,TUE,,136,,97
B015,B,cherry,2021-05-12,WED,,136,,91
B015,B,cherry,2021-05-13,THU,,135,,96.4
B015,B,cherry,2021-05-14,FRI,,134,,96.6
B015,B,cherry,2021-05-15,SAT,,149,,96.2
B015,B,cherry,2021-05-16,SUN,,148,,96.6
B015,B,cherry,2021-05-17,MON,,,,
B015,B,cherry,2021-05-18,TUE,,138,,94.5
B015,B,cherry,2021-05-19,WED,,137,,95.8
B015,B,cherry,2021-05-20,THU,,134,,96
B015,B,cherry,2021-05-21,FRI,,136,,92.8
B015,B,cherry,2021-05-22,SAT,,149,,96
B015,B,cherry,2021-05-23,SUN,,149,,95
B015,B,cherry,2021-05-24,MON,,,,
B015,B,cherry,2021-05-25,TUE,,137,,94.2
B015,B,cherry,2021-05-26,WED,,137,,94.6
B015,B,cherry,2021-05-27,THU,,137,,96.6
B015,B,cherry,2021-05-28,FRI,,134,,95.9
B015,B,cherry,2021-05-29,SAT,,147,,88.9
B015,B,cherry,2021-05-30,SUN,,149,,98.6
B015,B,cherry,2021-05-31,MON,,,,
B015,B,cherry,2021-06-01,TUE,,136,,91.2
B015,B,cherry,2021-06-02,WED,,135,,91.2
B015,B,cherry,2021-06-03,THU,,136,,92.7
B015,B,cherry,2021-06-04,FRI,,134,,94.5
B015,B,cherry,2021-06-05,SAT,,149,,96.8
B015,B,cherry,2021-06-06,SUN,,147,,95.1
B015,B,cherry,2021-06-07,MON,,,,
B015,B,cherry,2021-06-08,TUE,,134,,95.1
B015,B,cherry,2021-06-09,WED,,137,,92.1
B015,B,cherry,2021-06-10,THU,,134,,95.1
B015,B,cherry,2021-06-11,FRI,,137,,93.9
B015,B,cherry,2021-06-12,SAT,,148,,94
B015,B,cherry,2021-06-13,SUN,,149,,88.8
B015,B,cherry,2021-06-14,MON,,,,
B015,B,cherry,2021-06-15,TUE,,138,,83.8
B015,B,cherry,2021-06-16,WED,,134,,93.8
B015,B,cherry,2021-06-17,THU,,138,,95.9
B015,B,cherry,2021-06-18,FRI,,135,,97.3
B015,B,cherry,2021-06-19,SAT,,148,,96.7
B015,B,cherry,2021-06-20,SUN,,149,,96.7
B015,B,cherry,2021-06-21,MON,,,,
B015,B,cherry,2021-06-22,TUE,,135,,93.1
B015,B,cherry,2021-06-23,WED,,136,,95.5
B015,B,cherry,2021-06-24,THU,,136,,97
B015,B,cherry,2021-06-25,FRI,,138,,97
B015,B,cherry,2021-06-26,SAT,,149,,96
B015,B,cherry,2021-06-27,SUN,,147,,98.1
B015,B,cherry,2021-06-28,MON,,,,
B015,B,cherry,2021-06-29,TUE,,138,,97.3
B015,B,cherry,2021-06-30,WED,,139,,95
B015,B,cherry,2021-07-01,THU,,137,,94.7
B015,B,cherry,2021-07-02,FRI,,138,,98.1
B015,B,cherry,2021-07-03,SAT,,148,,94.6
B015,B,cherry,2021-07-04,SUN,,148,,95.9
B015,B,cherry,2021-07-05,MON,,,,
B015,B,cherry,2021-07-06,TUE,,138,,97.3
B015,B,cherry,2021-07-07,WED,,137,,93.6
B015,B,cherry,2021-07-08,THU,,138,,94.6
B015,B,cherry,2021-07-09,FRI,,139,,96.7
B015,B,cherry,2021-07-10,SAT,,149,,95.5
B015,B,cherry,2021-07-11,SUN,,148,,98.4
B015,B,cherry,2021-07-12,MON,,,,
B015,B,cherry,2021-07-13,TUE,,137,,97
B015,B,cherry,2021-07-14,WED,,134,,93.9
B015,B,cherry,2021-07-15,THU,,135,,92.1
B015,B,cherry,2021-07-16,FRI,,133,,95.4
B015,B,cherry,2021-07-17,SAT,,150,,88.9
B015,B,cherry,2021-07-18,SUN,,149,,93.2
B015,B,cherry,2021-07-19,MON,,,,
B015,B,cherry,2021-07-20,TUE,,134,,96.7
B015,B,cherry,2021-07-21,WED,,136,,98.2
B015,B,cherry,2021-07-22,THU,,133,,97.7
B015,B,cherry,2021-07-23,FRI,,135,,95.4
B015,B,cherry,2021-07-24,SAT,,149,,93.3
B015,B,cherry,2021-07-25,SUN,,149,,97.8
B015,B,cherry,2021-07-26,MON,,,,
B015,B,cherry,2021-07-27,TUE,,138,,95
B015,B,cherry,2021-07-28,WED,,138,,96
B015,B,cherry,2021-07-29,THU,,135,,91.3
B015,B,cherry,2021-07-30,FRI,,134,,96.5
B015,B,cherry,2021-07-31,SAT,,150,,95.1
B015,B,cherry,2021-08-01,SUN,,148,,96.5
B015,B,cherry,2021-08-02,MON,,,,
B015,B,cherry,2021-08-03,TUE,,134,,97.1
B015,B,cherry,2021-08-04,WED,,137,,97.5
B015,B,cherry,2021-08-05,THU,,138,,96.3
B015,B,cherry,2021-08-06,FRI,,138,,94.5
B015,B,cherry,2021-08-07,SAT,,148,,96
B015,B,cherry,2021-08-08,SUN,,148,,91
B015,B,cherry,2021-08-09,MON,,,,
B015,B,cherry,2021-08-10,TUE,,133,,96.4
B015,B,cherry,2021-08-11,WED,,135,,94.4
B015,B,cherry,2021-08-12,THU,,134,,93
B015,B,cherry,2021-08-13,FRI,,135,,91.8
B015,B,cherry,2021-08-14,SAT,,147,,93.9
B015,B,cherry,2021-08-15,SUN,,148,,95.9
B015,B,cherry,2021-08-16,MON,,,,
B015,B,cherry,2021-08-17,TUE,,138,,95.3
B015,B,cherry,2021-08-18,WED,,137,,95.2
B015,B,cherry,2021-08-19,THU,,139,,93.9
B015,B,cherry,2021-08-20,FRI,,135,,94.9
B015,B,cherry,2021-08-21,SAT,,149,,97.4
B015,B,cherry,2021-08-22,SUN,,149,,97.4
B015,B,cherry,2021-08-23,MON,,,,
B015,B,cherry,2021-08-24,TUE,,138,,97.5
B015,B,cherry,2021-08-25,WED,,134,,93.2
B015,B,cherry,2021-08-26,THU,,134,,92.8
B015,B,cherry,2021-08-27,FRI,,138,,89.4
B015,B,cherry,2021-08-28,SAT,,147,,98
B015,B,cherry,2021-08-29,SUN,,149,,96.9
B015,B,cherry,2021-08-30,MON,,,,
B015,B,cherry,2021-08-31,TUE,,138,,95.2
B015,B,cherry,2021-09-01,WED,,138,,91.1
B015,B,cherry,2021-09-02,THU,,136,,91.4
B015,B,cherry,2021-09-03,FRI,,137,,89.7
B015,B,cherry,2021-09-04,SAT,,149,,95
B015,B,cherry,2021-09-05,SUN,,147,,95.7
B015,B,cherry,2021-09-06,MON,,,,
B015,B,cherry,2021-09-07,TUE,,134,,98.6
B015,B,cherry,2021-09-08,WED,,134,,93.2
B015,B,cherry,2021-09-09,THU,,137,,98.6
B015,B,cherry,2021-09-10,FRI,,134,,94.8
B015,B,cherry,2021-09-11,SAT,,149,,94.8
B015,B,cherry,2021-09-12,SUN,,148,,94
B015,B,cherry,2021-09-13,MON,,,,
B015,B,cherry,2021-09-14,TUE,,136,,97.8
B015,B,cherry,2021-09-15,WED,,135,,96.2
B015,B,cherry,2021-09-16,THU,,138,,97.9
B015,B,cherry,2021-09-17,FRI,,134,,98.4
B015,B,cherry,2021-09-18,SAT,,149,,99.6
B015,B,cherry,2021-09-19,SUN,,149,,98.1
B015,B,cherry,2021-09-20,MON,,,,
B015,B,cherry,2021-09-21,TUE,,134,,98.2
B015,B,cherry,2021-09-22,WED,,137,,98.3
B015,B,cherry,2021-09-23,THU,,135,,93.9
B015,B,cherry,2021-09-24,FRI,,137,,98.4
B015,B,cherry,2021-09-25,SAT,,149,,98.2
B015,B,cherry,2021-09-26,SUN,,148,,99.3
B015,B,cherry,2021-09-27,MON,,,,
B015,B,cherry,2021-09-28,TUE,,138,,97
B015,B,cherry,2021-09-29,WED,,136,,97
B015,B,cherry,2021-09-30,THU,,138,,95.8
B016,B,apple,2021-04-01,THU,1.23,505,621.15,96
B016,B,apple,2021-04-02,FRI,1.23,507,623.61,87
B016,B,apple,2021-04-03,SAT,1.23,545,670.35,90.3
B016,B,apple,2021-04-04,SUN,1.23,542,666.66,95.2
B016,B,apple,2021-04-05,MON,,,,
B016,B,apple,2021-04-06,TUE,1.23,504,619.92,84.9
B016,B,apple,2021-04-07,WED,1.23,499,613.77,88.9
B016,B,apple,2021-04-08,THU,1.26,501,631.26,82.5
B016,B,apple,2021-04-09,FRI,1.26,491,618.66,95
B016,B,apple,2021-04-10,SAT,1.26,540,680.4,95
B016,B,apple,2021-04-11,SUN,1.26,539,679.14,92.9
B016,B,apple,2021-04-12,MON,,,,
B016,B,apple,2021-04-13,TUE,1.26,507,638.82,80.8
B016,B,apple,2021-04-14,WED,1.26,499,628.74,81.9
B016,B,apple,2021-04-15,THU,1.28,505,646.4,93.2
B016,B,apple,2021-04-16,FRI,1.28,497,636.16,97.6
B016,B,apple,2021-04-17,SAT,1.28,544,696.32,85.6
B016,B,apple,2021-04-18,SUN,1.28,547,700.16,86.1
B016,B,apple,2021-04-19,MON,,,,
B016,B,apple,2021-04-20,TUE,1.28,499,638.72,93.5
B016,B,apple,2021-04-21,WED,1.28,508,650.24,96.4
B016,B,apple,2021-04-22,THU,1.28,506,647.68,89.6
B016,B,apple,2021-04-23,FRI,1.28,498,637.44,97.6
B016,B,apple,2021-04-24,SAT,1.28,546,698.88,85.8
B016,B,apple,2021-04-25,SUN,1.28,546,698.88,94.9
B016,B,apple,2021-04-26,MON,,,,
B016,B,apple,2021-04-27,TUE,1.28,495,633.6,90.6
B016,B,apple,2021-04-28,WED,1.28,496,634.88,92
B016,B,apple,2021-04-29,THU,1.28,507,648.96,87.4
B016,B,apple,2021-04-30,FRI,1.28,502,642.56,93.7
B016,B,apple,2021-05-01,SAT,1.28,545,697.6,95.8
B016,B,apple,2021-05-02,SUN,1.28,541,692.48,92.6
B016,B,apple,2021-05-03,MON,,,,
B016,B,apple,2021-05-04,TUE,1.28,501,641.28,86.3
B016,B,apple,2021-05-05,WED,1.28,496,634.88,92.9
B016,B,apple,2021-05-06,THU,1.29,494,637.26,94.7
B016,B,apple,2021-05-07,FRI,1.29,507,654.03,86.6
B016,B,apple,2021-05-08,SAT,1.29,540,696.6,97.4
B016,B,apple,2021-05-09,SUN,1.29,543,700.47,90.2
B016,B,apple,2021-05-10,MON,,,,
B016,B,apple,2021-05-11,TUE,1.29,497,641.13,97
B016,B,apple,2021-05-12,WED,1.29,493,635.97,91
B016,B,apple,2021-05-13,THU,1.3,490,637,96.4
B016,B,apple,2021-05-14,FRI,1.3,508,660.4,96.6
B016,B,apple,2021-05-15,SAT,1.3,544,707.2,96.2
B016,B,apple,2021-05-16,SUN,1.3,542,704.6,96.6
B016,B,apple,2021-05-17,MON,,,,
B016,B,apple,2021-05-18,TUE,1.3,505,656.5,94.5
B016,B,apple,2021-05-19,WED,1.3,491,638.3,95.8
B016,B,apple,2021-05-20,THU,1.3,503,653.9,96
B016,B,apple,2021-05-21,FRI,1.3,497,646.1,92.8
B016,B,apple,2021-05-22,SAT,1.3,540,702,96
B016,B,apple,2021-05-23,SUN,1.3,541,703.3,95
B016,B,apple,2021-05-24,MON,,,,
B016,B,apple,2021-05-25,TUE,1.3,490,637,94.2
B016,B,apple,2021-05-26,WED,1.3,508,660.4,94.6
B016,B,apple,2021-05-27,THU,1.29,489,630.81,96.6
B016,B,apple,2021-05-28,FRI,1.29,492,634.68,95.9
B016,B,apple,2021-05-29,SAT,1.29,542,699.18,88.9
B016,B,apple,2021-05-30,SUN,1.29,543,700.47,98.6
B016,B,apple,2021-05-31,MON,,,,
B016,B,apple,2021-06-01,TUE,1.29,503,648.87,91.2
B016,B,apple,2021-06-02,WED,1.29,505,651.45,91.2
B016,B,apple,2021-06-03,THU,1.32,491,648.12,92.7
B016,B,apple,2021-06-04,FRI,1.32,491,648.12,94.5
B016,B,apple,2021-06-05,SAT,1.32,545,719.4,96.8
B016,B,apple,2021-06-06,SUN,1.32,544,718.08,95.1
B016,B,apple,2021-06-07,MON,,,,
B016,B,apple,2021-06-08,TUE,1.32,497,656.04,95.1
B016,B,apple,2021-06-09,WED,1.32,507,669.24,92.1
B016,B,apple,2021-06-10,THU,1.33,505,671.65,95.1
B016,B,apple,2021-06-11,FRI,1.33,499,663.67,93.9
B016,B,apple,2021-06-12,SAT,1.33,547,727.51,94
B016,B,apple,2021-06-13,SUN,1.33,541,719.53,88.8
B016,B,apple,2021-06-14,MON,,,,
B016,B,apple,2021-06-15,TUE,1.33,503,668.99,83.8
B016,B,apple,2021-06-16,WED,1.33,499,663.67,93.8
B016,B,apple,2021-06-17,THU,1.35,505,681.75,95.9
B016,B,apple,2021-06-18,FRI,1.35,498,672.3,97.3
B016,B,apple,2021-06-19,SAT,1.35,543,733.05,96.7
B016,B,apple,2021-06-20,SUN,1.35,544,734.4,96.7
B016,B,apple,2021-06-21,MON,,,,
B016,B,apple,2021-06-22,TUE,1.35,492,664.2,93.1
B016,B,apple,2021-06-23,WED,1.35,489,660.15,95.5
B016,B,apple,2021-06-24,THU,1.35,498,672.3,97
B016,B,apple,2021-06-25,FRI,1.35,507,684.45,97
B016,B,apple,2021-06-26,SAT,1.35,542,731.7,96
B016,B,apple,2021-06-27,SUN,1.35,547,738.45,98.1
B016,B,apple,2021-06-28,MON,,,,
B016,B,apple,2021-06-29,TUE,1.35,501,676.35,97.3
B016,B,apple,2021-06-30,WED,1.35,491,662.85,95
B016,B,apple,2021-07-01,THU,1.38,491,677.58,94.7
B016,B,apple,2021-07-02,FRI,1.38,507,699.66,98.1
B016,B,apple,2021-07-03,SAT,1.38,547,754.86,94.6
B016,B,apple,2021-07-04,SUN,1.38,544,750.72,95.9
B016,B,apple,2021-07-05,MON,,,,
B016,B,apple,2021-07-06,TUE,1.38,491,677.58,97.3
B016,B,apple,2021-07-07,WED,1.38,497,685.86,93.6
B016,B,apple,2021-07-08,THU,1.37,489,669.93,94.6
B016,B,apple,2021-07-09,FRI,1.37,495,678.15,96.7
B016,B,apple,2021-07-10,SAT,1.37,540,739.8,95.5
B016,B,apple,2021-07-11,SUN,1.37,546,748.02,98.4
B016,B,apple,2021-07-12,MON,,,,
B016,B,apple,2021-07-13,TUE,1.37,502,687.74,97
B016,B,apple,2021-07-14,WED,1.37,492,674.04,93.9
B016,B,apple,2021-07-15,THU,1.37,497,680.89,92.1
B016,B,apple,2021-07-16,FRI,1.37,503,689.11,95.4
B016,B,apple,2021-07-17,SAT,1.37,545,746.65,88.9
B016,B,apple,2021-07-18,SUN,1.37,543,743.91,93.2
B016,B,apple,2021-07-19,MON,,,,
B016,B,apple,2021-07-20,TUE,1.37,506,693.22,96.7
B016,B,apple,2021-07-21,WED,1.37,493,675.41,98.2
B016,B,apple,2021-07-22,THU,1.37,489,669.93,97.7
B016,B,apple,2021-07-23,FRI,1.37,498,682.26,95.4
B016,B,apple,2021-07-24,SAT,1.37,546,748.02,93.3
B016,B,apple,2021-07-25,SUN,1.37,547,749.39,97.8
B016,B,apple,2021-07-26,MON,,,,
B016,B,apple,2021-07-27,TUE,1.37,497,680.89,95
B016,B,apple,2021-07-28,WED,1.37,498,682.26,96
B016,B,apple,2021-07-29,THU,1.38,500,690,91.3
B016,B,apple,2021-07-30,FRI,1.38,497,685.86,96.5
B016,B,apple,2021-07-31,SAT,1.38,542,747.96,95.1
B016,B,apple,2021-08-01,SUN,1.38,539,743.82,96.5
B016,B,apple,2021-08-02,MON,,,,
B016,B,apple,2021-08-03,TUE,1.38,495,683.1,97.1
B016,B,apple,2021-08-04,WED,1.38,495,683.1,97.5
B016,B,apple,2021-08-05,THU,1.38,500,690,96.3
B016,B,apple,2021-08-06,FRI,1.38,502,692.76,94.5
B016,B,apple,2021-08-07,SAT,1.38,545,752.1,96
B016,B,apple,2021-08-08,SUN,1.38,542,747.96,91
B016,B,apple,2021-08-09,MON,,,,
B016,B,apple,2021-08-10,TUE,1.38,499,688.62,96.4
B016,B,apple,2021-08-11,WED,1.38,496,684.48,94.4
B016,B,apple,2021-08-12,THU,1.4,499,698.6,93
B016,B,apple,2021-08-13,FRI,1.4,501,701.4,91.8
B016,B,apple,2021-08-14,SAT,1.4,539,754.6,93.9
B016,B,apple,2021-08-15,SUN,1.4,541,757.4,95.9
B016,B,apple,2021-08-16,MON,,,,
B016,B,apple,2021-08-17,TUE,1.4,508,711.2,95.3
B016,B,apple,2021-08-18,WED,1.4,493,690.2,95.2
B016,B,apple,2021-08-19,THU,1.39,490,681.1,93.9
B016,B,apple,2021-08-20,FRI,1.39,504,700.56,94.9
B016,B,apple,2021-08-21,SAT,1.39,544,756.16,97.4
B016,B,apple,2021-08-22,SUN,1.39,547,760.33,97.4
B016,B,apple,2021-08-23,MON,,,,
B016,B,apple,2021-08-24,TUE,1.39,503,699.17,97.5
B016,B,apple,2021-08-25,WED,1.39,499,693.61,93.2
B016,B,apple,2021-08-26,THU,1.38,490,676.2,92.8
B016,B,apple,2021-08-27,FRI,1.38,505,696.9,89.4
B016,B,apple,2021-08-28,SAT,1.38,545,752.1,98
B016,B,apple,2021-08-29,SUN,1.38,547,754.86,96.9
B016,B,apple,2021-08-30,MON,,,,
B016,B,apple,2021-08-31,TUE,1.38,505,696.9,95.2
B016,B,apple,2021-09-01,WED,1.38,504,695.52,91.1
B016,B,apple,2021-09-02,THU,1.41,492,693.72,91.4
B016,B,apple,2021-09-03,FRI,1.41,493,695.13,89.7
B016,B,apple,2021-09-04,SAT,1.41,541,762.81,95
B016,B,apple,2021-09-05,SUN,1.41,548,772.68,95.7
B016,B,apple,2021-09-06,MON,,,,
B016,B,apple,2021-09-07,TUE,1.41,497,700.77,98.6
B016,B,apple,2021-09-08,WED,1.41,493,695.13,93.2
B016,B,apple,2021-09-09,THU,1.44,503,724.32,98.6
B016,B,apple,2021-09-10,FRI,1.44,495,712.8,94.8
B016,B,apple,2021-09-11,SAT,1.44,545,784.8,94.8
B016,B,apple,2021-09-12,SUN,1.44,538,774.72,94
B016,B,apple,2021-09-13,MON,,,,
B016,B,apple,2021-09-14,TUE,1.44,497,715.68,97.8
B016,B,apple,2021-09-15,WED,1.44,502,722.88,96.2
B016,B,apple,2021-09-16,THU,1.45,498,722.1,97.9
B016,B,apple,2021-09-17,FRI,1.45,499,723.55,98.4
B016,B,apple,2021-09-18,SAT,1.45,541,784.45,99.6
B016,B,apple,2021-09-19,SUN,1.45,546,791.7,98.1
B016,B,apple,2021-09-20,MON,,,,
B016,B,apple,2021-09-21,TUE,1.45,503,729.35,98.2
B016,B,apple,2021-09-22,WED,1.45,490,710.5,98.3
B016,B,apple,2021-09-23,THU,1.48,491,726.68,93.9
B016,B,apple,2021-09-24,FRI,1.48,500,740,98.4
B016,B,apple,2021-09-25,SAT,1.48,540,799.2,98.2
B016,B,apple,2021-09-26,SUN,1.48,543,803.64,99.3
B016,B,apple,2021-09-27,MON,,,,
B016,B,apple,2021-09-28,TUE,1.48,493,729.64,97
B016,B,apple,2021-09-29,WED,1.48,489,723.72,97
B016,B,apple,2021-09-30,THU,1.5,500,750,95.8
B016,B,cherry,2021-04-01,THU,5.84,523,3054.32,96
B016,B,cherry,2021-04-02,FRI,5.84,518,3025.12,87
B016,B,cherry,2021-04-03,SAT,5.84,571,3334.64,90.3
B016,B,cherry,2021-04-04,SUN,5.84,572,3340.48,95.2
B016,B,cherry,2021-04-05,MON,,,,
B016,B,cherry,2021-04-06,TUE,5.84,524,3060.16,84.9
B016,B,cherry,2021-04-07,WED,5.84,531,3101.04,88.9
B016,B,cherry,2021-04-08,THU,5.87,525,3081.75,82.5
B016,B,cherry,2021-04-09,FRI,5.87,531,3116.97,95
B016,B,cherry,2021-04-10,SAT,5.87,573,3363.51,95
B016,B,cherry,2021-04-11,SUN,5.87,570,3345.9,92.9
B016,B,cherry,2021-04-12,MON,,,,
B016,B,cherry,2021-04-13,TUE,5.87,531,3116.97,80.8
B016,B,cherry,2021-04-14,WED,5.87,523,3070.01,81.9
B016,B,cherry,2021-04-15,THU,5.87,532,3122.84,93.2
B016,B,cherry,2021-04-16,FRI,5.87,528,3099.36,97.6
B016,B,cherry,2021-04-17,SAT,5.87,579,3398.73,85.6
B016,B,cherry,2021-04-18,SUN,5.87,580,3404.6,86.1
B016,B,cherry,2021-04-19,MON,,,,
B016,B,cherry,2021-04-20,TUE,5.87,534,3134.58,93.5
B016,B,cherry,2021-04-21,WED,5.87,528,3099.36,96.4
B016,B,cherry,2021-04-22,THU,5.89,534,3145.26,89.6
B016,B,cherry,2021-04-23,FRI,5.89,537,3162.93,97.6
B016,B,cherry,2021-04-24,SAT,5.89,578,3404.42,85.8
B016,B,cherry,2021-04-25,SUN,5.89,578,3404.42,94.9
B016,B,cherry,2021-04-26,MON,,,,
B016,B,cherry,2021-04-27,TUE,5.89,523,3080.47,90.6
B016,B,cherry,2021-04-28,WED,5.89,523,3080.47,92
B016,B,cherry,2021-04-29,THU,5.9,528,3115.2,87.4
B016,B,cherry,2021-04-30,FRI,5.9,528,3115.2,93.7
B016,B,cherry,2021-05-01,SAT,5.9,575,3392.5,95.8
B016,B,cherry,2021-05-02,SUN,5.9,576,3398.4,92.6
B016,B,cherry,2021-05-03,MON,,,,
B016,B,cherry,2021-05-04,TUE,5.9,537,3168.3,86.3
B016,B,cherry,2021-05-05,WED,5.9,523,3085.7,92.9
B016,B,cherry,2021-05-06,THU,5.9,534,3150.6,94.7
B016,B,cherry,2021-05-07,FRI,5.9,535,3156.5,86.6
B016,B,cherry,2021-05-08,SAT,5.9,571,3368.9,97.4
B016,B,cherry,2021-05-09,SUN,5.9,574,3386.6,90.2
B016,B,cherry,2021-05-10,MON,,,,
B016,B,cherry,2021-05-11,TUE,5.9,536,3162.4,97
B016,B,cherry,2021-05-12,WED,5.9,525,3097.5,91
B016,B,cherry,2021-05-13,THU,5.92,535,3167.2,96.4
B016,B,cherry,2021-05-14,FRI,5.92,517,3060.64,96.6
B016,B,cherry,2021-05-15,SAT,5.92,569,3368.48,96.2
B016,B,cherry,2021-05-16,SUN,5.92,579,3427.68,96.6
B016,B,cherry,2021-05-17,MON,,,,
B016,B,cherry,2021-05-18,TUE,5.92,522,3090.24,94.5
B016,B,cherry,2021-05-19,WED,5.92,527,3119.84,95.8
B016,B,cherry,2021-05-20,THU,5.93,518,3071.74,96
B016,B,cherry,2021-05-21,FRI,5.93,530,3142.9,92.8
B016,B,cherry,2021-05-22,SAT,5.93,571,3386.03,96
B016,B,cherry,2021-05-23,SUN,5.93,575,3409.75,95
B016,B,cherry,2021-05-24,MON,,,,
B016,B,cherry,2021-05-25,TUE,5.93,521,3089.53,94.2
B016,B,cherry,2021-05-26,WED,5.93,526,3119.18,94.6
B016,B,cherry,2021-05-27,THU,5.95,526,3129.7,96.6
B016,B,cherry,2021-05-28,FRI,5.95,522,3105.9,95.9
B016,B,cherry,2021-05-29,SAT,5.95,575,3421.25,88.9
B016,B,cherry,2021-05-30,SUN,5.95,571,3397.45,98.6
B016,B,cherry,2021-05-31,MON,,,,
B016,B,cherry,2021-06-01,TUE,5.95,534,3177.3,91.2
B016,B,cherry,2021-06-02,WED,5.95,523,3111.85,91.2
B016,B,cherry,2021-06-03,THU,5.95,529,3147.55,92.7
B016,B,cherry,2021-06-04,FRI,5.95,527,3135.65,94.5
B016,B,cherry,2021-06-05,SAT,5.95,579,3445.05,96.8
B016,B,cherry,2021-06-06,SUN,5.95,579,3445.05,95.1
B016,B,cherry,2021-06-07,MON,,,,
B016,B,cherry,2021-06-08,TUE,5.95,536,3189.2,95.1
B016,B,cherry,2021-06-09,WED,5.95,522,3105.9,92.1
B016,B,cherry,2021-06-10,THU,5.96,524,3123.04,95.1
B016,B,cherry,2021-06-11,FRI,5.96,525,3129,93.9
B016,B,cherry,2021-06-12,SAT,5.96,571,3403.16,94
B016,B,cherry,2021-06-13,SUN,5.96,577,3438.92,88.8
B016,B,cherry,2021-06-14,MON,,,,
B016,B,cherry,2021-06-15,TUE,5.96,519,3093.24,83.8
B016,B,cherry,2021-06-16,WED,5.96,519,3093.24,93.8
B016,B,cherry,2021-06-17,THU,5.96,525,3129,95.9
B016,B,cherry,2021-06-18,FRI,5.96,530,3158.8,97.3
B016,B,cherry,2021-06-19,SAT,5.96,574,3421.04,96.7
B016,B,cherry,2021-06-20,SUN,5.96,570,3397.2,96.7
B016,B,cherry,2021-06-21,MON,,,,
B016,B,cherry,2021-06-22,TUE,5.96,524,3123.04,93.1
B016,B,cherry,2021-06-23,WED,5.96,531,3164.76,95.5
B016,B,cherry,2021-06-24,THU,5.95,529,3147.55,97
B016,B,cherry,2021-06-25,FRI,5.95,523,3111.85,97
B016,B,cherry,2021-06-26,SAT,5.95,576,3427.2,96
B016,B,cherry,2021-06-27,SUN,5.95,576,3427.2,98.1
B016,B,cherry,2021-06-28,MON,,,,
B016,B,cherry,2021-06-29,TUE,5.95,531,3159.45,97.3
B016,B,cherry,2021-06-30,WED,5.95,528,3141.6,95
B016,B,cherry,2021-07-01,THU,5.98,534,3193.32,94.7
B016,B,cherry,2021-07-02,FRI,5.98,533,3187.34,98.1
B016,B,cherry,2021-07-03,SAT,5.98,577,3450.46,94.6
B016,B,cherry,2021-07-04,SUN,5.98,576,3444.48,95.9
B016,B,cherry,2021-07-05,MON,,,,
B016,B,cherry,2021-07-06,TUE,5.98,534,3193.32,97.3
B016,B,cherry,2021-07-07,WED,5.98,518,3097.64,93.6
B016,B,cherry,2021-07-08,THU,5.98,520,3109.6,94.6
B016,B,cherry,2021-07-09,FRI,5.98,524,3133.52,96.7
B016,B,cherry,2021-07-10,SAT,5.98,571,3414.58,95.5
B016,B,cherry,2021-07-11,SUN,5.98,578,3456.44,98.4
B016,B,cherry,2021-07-12,MON,,,,
B016,B,cherry,2021-07-13,TUE,5.98,526,3145.48,97
B016,B,cherry,2021-07-14,WED,5.98,529,3163.42,93.9
B016,B,cherry,2021-07-15,THU,5.99,524,3138.76,92.1
B016,B,cherry,2021-07-16,FRI,5.99,523,3132.77,95.4
B016,B,cherry,2021-07-17,SAT,5.99,574,3438.26,88.9
B016,B,cherry,2021-07-18,SUN,5.99,575,3444.25,93.2
B016,B,cherry,2021-07-19,MON,,,,
B016,B,cherry,2021-07-20,TUE,5.99,529,3168.71,96.7
B016,B,cherry,2021-07-21,WED,5.99,527,3156.73,98.2
B016,B,cherry,2021-07-22,THU,6,523,3138,97.7
B016,B,cherry,2021-07-23,FRI,6,524,3144,95.4
B016,B,cherry,2021-07-24,SAT,6,575,3450,93.3
B016,B,cherry,2021-07-25,SUN,6,570,3420,97.8
B016,B,cherry,2021-07-26,MON,,,,
B016,B,cherry,2021-07-27,TUE,6,533,3198,95
B016,B,cherry,2021-07-28,WED,6,522,3132,96
B016,B,cherry,2021-07-29,THU,6.01,528,3173.28,91.3
B016,B,cherry,2021-07-30,FRI,6.01,525,3155.25,96.5
B016,B,cherry,2021-07-31,SAT,6.01,577,3467.77,95.1
B016,B,cherry,2021-08-01,SUN,6.01,577,3467.77,96.5
B016,B,cherry,2021-08-02,MON,,,,
B016,B,cherry,2021-08-03,TUE,6.01,534,3209.34,97.1
B016,B,cherry,2021-08-04,WED,6.01,528,3173.28,97.5
B016,B,cherry,2021-08-05,THU,6,526,3156,96.3
B016,B,cherry,2021-08-06,FRI,6,529,3174,94.5
B016,B,cherry,2021-08-07,SAT,6,577,3462,96
B016,B,cherry,2021-08-08,SUN,6,575,3450,91
B016,B,cherry,2021-08-09,MON,,,,
B016,B,cherry,2021-08-10,TUE,6,528,3168,96.4
B016,B,cherry,2021-08-11,WED,6,527,3162,94.4
B016,B,cherry,2021-08-12,THU,5.99,537,3216.63,93
B016,B,cherry,2021-08-13,FRI,5.99,517,3096.83,91.8
B016,B,cherry,2021-08-14,SAT,5.99,576,3450.24,93.9
B016,B,cherry,2021-08-15,SUN,5.99,577,3456.23,95.9
B016,B,cherry,2021-08-16,MON,,,,
B016,B,cherry,2021-08-17,TUE,5.99,536,3210.64,95.3
B016,B,cherry,2021-08-18,WED,5.99,532,3186.68,95.2
B016,B,cherry,2021-08-19,THU,5.99,527,3156.73,93.9
B016,B,cherry,2021-08-20,FRI,5.99,531,3180.69,94.9
B016,B,cherry,2021-08-21,SAT,5.99,572,3426.28,97.4
B016,B,cherry,2021-08-22,SUN,5.99,578,3462.22,97.4
B016,B,cherry,2021-08-23,MON,,,,
B016,B,cherry,2021-08-24,TUE,5.99,529,3168.71,97.5
B016,B,cherry,2021-08-25,WED,5.99,534,3198.66,93.2
B016,B,cherry,2021-08-26,THU,6,531,3186,92.8
B016,B,cherry,2021-08-27,FRI,6,523,3138,89.4
B016,B,cherry,2021-08-28,SAT,6,578,3468,98
B016,B,cherry,2021-08-29,SUN,6,577,3462,96.9
B016,B,cherry,2021-08-30,MON,,,,
B016,B,cherry,2021-08-31,TUE,6,519,3114,95.2
B016,B,cherry,2021-09-01,WED,6,528,3168,91.1
B016,B,cherry,2021-09-02,THU,6.01,526,3161.26,91.4
B016,B,cherry,2021-09-03,FRI,6.01,537,3227.37,89.7
B016,B,cherry,2021-09-04,SAT,6.01,570,3425.7,95
B016,B,cherry,2021-09-05,SUN,6.01,573,3443.73,95.7
B016,B,cherry,2021-09-06,MON,,,,
B016,B,cherry,2021-09-07,TUE,6.01,527,3167.27,98.6
B016,B,cherry,2021-09-08,WED,6.01,519,3119.19,93.2
B016,B,cherry,2021-09-09,THU,6.01,517,3107.17,98.6
B016,B,cherry,2021-09-10,FRI,6.01,536,3221.36,94.8
B016,B,cherry,2021-09-11,SAT,6.01,575,3455.75,94.8
B016,B,cherry,2021-09-12,SUN,6.01,574,3449.74,94
B016,B,cherry,2021-09-13,MON,,,,
B016,B,cherry,2021-09-14,TUE,6.01,522,3137.22,97.8
B016,B,cherry,2021-09-15,WED,6.01,533,3203.33,96.2
B016,B,cherry,2021-09-16,THU,6.01,532,3197.32,97.9
B016,B,cherry,2021-09-17,FRI,6.01,526,3161.26,98.4
B016,B,cherry,2021-09-18,SAT,6.01,572,3437.72,99.6
B016,B,cherry,2021-09-19,SUN,6.01,575,3455.75,98.1
B016,B,cherry,2021-09-20,MON,,,,
B016,B,cherry,2021-09-21,TUE,6.01,525,3155.25,98.2
B016,B,cherry,2021-09-22,WED,6.01,524,3149.24,98.3
B016,B,cherry,2021-09-23,THU,6.04,520,3140.8,93.9
B016,B,cherry,2021-09-24,FRI,6.04,532,3213.28,98.4
B016,B,cherry,2021-09-25,SAT,6.04,580,3503.2,98.2
B016,B,cherry,2021-09-26,SUN,6.04,576,3479.04,99.3
B016,B,cherry,2021-09-27,MON,,,,
B016,B,cherry,2021-09-28,TUE,6.04,525,3171,97
B016,B,cherry,2021-09-29,WED,6.04,526,3177.04,97
B016,B,cherry,2021-09-30,THU,6.03,527,3177.81,95.8
B017,B,apple,2021-04-01,THU,1.08,185,199.8,96
B017,B,apple,2021-04-02,FRI,1.08,184,198.72,87
B017,B,apple,2021-04-03,SAT,1.08,200,216,90.3
B017,B,apple,2021-04-04,SUN,1.08,200,216,95.2
B017,B,apple,2021-04-05,MON,,,,
B017,B,apple,2021-04-06,TUE,1.08,181,195.48,84.9
B017,B,apple,2021-04-07,WED,1.08,184,198.72,88.9
B017,B,apple,2021-04-08,THU,1.1,185,203.5,82.5
B017,B,apple,2021-04-09,FRI,1.1,182,200.2,95
B017,B,apple,2021-04-10,SAT,1.1,198,217.8,95
B017,B,apple,2021-04-11,SUN,1.1,200,220,92.9
B017,B,apple,2021-04-12,MON,,,,
B017,B,apple,2021-04-13,TUE,1.1,181,199.1,80.8
B017,B,apple,2021-04-14,WED,1.1,182,200.2,81.9
B017,B,apple,2021-04-15,THU,1.11,185,205.35,93.2
B017,B,apple,2021-04-16,FRI,1.11,182,202.02,97.6
B017,B,apple,2021-04-17,SAT,1.11,200,222,85.6
B017,B,apple,2021-04-18,SUN,1.11,199,220.89,86.1
B017,B,apple,2021-04-19,MON,,,,
B017,B,apple,2021-04-20,TUE,1.11,182,202.02,93.5
B017,B,apple,2021-04-21,WED,1.11,180,199.8,96.4
B017,B,apple,2021-04-22,THU,1.14,179,204.06,89.6
B017,B,apple,2021-04-23,FRI,1.14,179,204.06,97.6
B017,B,apple,2021-04-24,SAT,1.14,199,226.86,85.8
B017,B,apple,2021-04-25,SUN,1.14,198,225.72,94.9
B017,B,apple,2021-04-26,MON,,,,
B017,B,apple,2021-04-27,TUE,1.14,184,209.76,90.6
B017,B,apple,2021-04-28,WED,1.14,182,207.48,92
B017,B,apple,2021-04-29,THU,1.16,180,208.8,87.4
B017,B,apple,2021-04-30,FRI,1.16,185,214.6,93.7
B017,B,apple,2021-05-01,SAT,1.16,201,233.16,95.8
B017,B,apple,2021-05-02,SUN,1.16,198,229.68,92.6
B017,B,apple,2021-05-03,MON,,,,
B017,B,apple,2021-05-04,TUE,1.16,181,209.96,86.3
B017,B,apple,2021-05-05,WED,1.16,184,213.44,92.9
B017,B,apple,2021-05-06,THU,1.16,186,215.76,94.7
B017,B,apple,2021-05-07,FRI,1.16,184,213.44,86.6
B017,B,apple,2021-05-08,SAT,1.16,198,229.68,97.4
B017,B,apple,2021-05-09,SUN,1.16,200,232,90.2
B017,B,apple,2021-05-10,MON,,,,
B017,B,apple,2021-05-11,TUE,1.16,181,209.96,97
B017,B,apple,2021-05-12,WED,1.16,183,212.28,91
B017,B,apple,2021-05-13,THU,1.17,186,217.62,96.4
B017,B,apple,2021-05-14,FRI,1.17,180,210.6,96.6
B017,B,apple,2021-05-15,SAT,1.17,201,235.17,96.2
B017,B,apple,2021-05-16,SUN,1.17,200,234,96.6
B017,B,apple,2021-05-17,MON,,,,
B017,B,apple,2021-05-18,TUE,1.17,185,216.45,94.5
B017,B,apple,2021-05-19,WED,1.17,181,211.77,95.8
B017,B,apple,2021-05-20,THU,1.18,182,214.76,96
B017,B,apple,2021-05-21,FRI,1.18,180,212.4,92.8
B017,B,apple,2021-05-22,SAT,1.18,201,237.18,96
B017,B,apple,2021-05-23,SUN,1.18,199,234.82,95
B017,B,apple,2021-05-24,MON,,,,
B017,B,apple,2021-05-25,TUE,1.18,181,213.58,94.2
B017,B,apple,2021-05-26,WED,1.18,182,214.76,94.6
B017,B,apple,2021-05-27,THU,1.2,186,223.2,96.6
B017,B,apple,2021-05-28,FRI,1.2,181,217.2,95.9
B017,B,apple,2021-05-29,SAT,1.2,198,237.6,88.9
B017,B,apple,2021-05-30,SUN,1.2,200,240,98.6
B017,B,apple,2021-05-31,MON,,,,
B017,B,apple,2021-06-01,TUE,1.2,186,223.2,91.2
B017,B,apple,2021-06-02,WED,1.2,182,218.4,91.2
B017,B,apple,2021-06-03,THU,1.2,186,223.2,92.7
B017,B,apple,2021-06-04,FRI,1.2,182,218.4,94.5
B017,B,apple,2021-06-05,SAT,1.2,200,240,96.8
B017,B,apple,2021-06-06,SUN,1.2,198,237.6,95.1
B017,B,apple,2021-06-07,MON,,,,
B017,B,apple,2021-06-08,TUE,1.2,184,220.8,95.1
B017,B,apple,2021-06-09,WED,1.2,183,219.6,92.1
B017,B,apple,2021-06-10,THU,1.21,186,225.06,95.1
B017,B,apple,2021-06-11,FRI,1.21,186,225.06,93.9
B017,B,apple,2021-06-12,SAT,1.21,198,239.58,94
B017,B,apple,2021-06-13,SUN,1.21,199,240.79,88.8
B017,B,apple,2021-06-14,MON,,,,
B017,B,apple,2021-06-15,TUE,1.21,180,217.8,83.8
B017,B,apple,2021-06-16,WED,1.21,183,221.43,93.8
B017,B,apple,2021-06-17,THU,1.23,182,223.86,95.9
B017,B,apple,2021-06-18,FRI,1.23,182,223.86,97.3
B017,B,apple,2021-06-19,SAT,1.23,201,247.23,96.7
B017,B,apple,2021-06-20,SUN,1.23,201,247.23,96.7
B017,B,apple,2021-06-21,MON,,,,
B017,B,apple,2021-06-22,TUE,1.23,185,227.55,93.1
B017,B,apple,2021-06-23,WED,1.23,181,222.63,95.5
B017,B,apple,2021-06-24,THU,1.23,183,225.09,97
B017,B,apple,2021-06-25,FRI,1.23,180,221.4,97
B017,B,apple,2021-06-26,SAT,1.23,198,243.54,96
B017,B,apple,2021-06-27,SUN,1.23,201,247.23,98.1
B017,B,apple,2021-06-28,MON,,,,
B017,B,apple,2021-06-29,TUE,1.23,185,227.55,97.3
B017,B,apple,2021-06-30,WED,1.23,183,225.09,95
B017,B,apple,2021-07-01,THU,1.26,185,233.1,94.7
B017,B,apple,2021-07-02,FRI,1.26,180,226.8,98.1
B017,B,apple,2021-07-03,SAT,1.26,199,250.74,94.6
B017,B,apple,2021-07-04,SUN,1.26,201,253.26,95.9
B017,B,apple,2021-07-05,MON,,,,
B017,B,apple,2021-07-06,TUE,1.26,186,234.36,97.3
B017,B,apple,2021-07-07,WED,1.26,185,233.1,93.6
B017,B,apple,2021-07-08,THU,1.25,185,231.25,94.6
B017,B,apple,2021-07-09,FRI,1.25,185,231.25,96.7
B017,B,apple,2021-07-10,SAT,1.25,200,250,95.5
B017,B,apple,2021-07-11,SUN,1.25,199,248.75,98.4
B017,B,apple,2021-07-12,MON,,,,
B017,B,apple,2021-07-13,TUE,1.25,180,225,97
B017,B,apple,2021-07-14,WED,1.25,185,231.25,93.9
B017,B,apple,2021-07-15,THU,1.25,186,232.5,92.1
B017,B,apple,2021-07-16,FRI,1.25,180,225,95.4
B017,B,apple,2021-07-17,SAT,1.25,199,248.75,88.9
B017,B,apple,2021-07-18,SUN,1.25,200,250,93.2
B017,B,apple,2021-07-19,MON,,,,
B017,B,apple,2021-07-20,TUE,1.25,182,227.5,96.7
B017,B,apple,2021-07-21,WED,1.25,180,225,98.2
B017,B,apple,2021-07-22,THU,1.25,182,227.5,97.7
B017,B,apple,2021-07-23,FRI,1.25,180,225,95.4
B017,B,apple,2021-07-24,SAT,1.25,199,248.75,93.3
B017,B,apple,2021-07-25,SUN,1.25,198,247.5,97.8
B017,B,apple,2021-07-26,MON,,,,
B017,B,apple,2021-07-27,TUE,1.25,180,225,95
B017,B,apple,2021-07-28,WED,1.25,182,227.5,96
B017,B,apple,2021-07-29,THU,1.26,183,230.58,91.3
B017,B,apple,2021-07-30,FRI,1.26,185,233.1,96.5
B017,B,apple,2021-07-31,SAT,1.26,199,250.74,95.1
B017,B,apple,2021-08-01,SUN,1.26,201,253.26,96.5
B017,B,apple,2021-08-02,MON,,,,
B017,B,apple,2021-08-03,TUE,1.26,186,234.36,97.1
B017,B,apple,2021-08-04,WED,1.26,183,230.58,97.5
B017,B,apple,2021-08-05,THU,1.26,180,226.8,96.3
B017,B,apple,2021-08-06,FRI,1.26,184,231.84,94.5
B017,B,apple,2021-08-07,SAT,1.26,201,253.26,96
B017,B,apple,2021-08-08,SUN,1.26,199,250.74,91
B017,B,apple,2021-08-09,MON,,,,
B017,B,apple,2021-08-10,TUE,1.26,184,231.84,96.4
B017,B,apple,2021-08-11,WED,1.26,184,231.84,94.4
B017,B,apple,2021-08-12,THU,1.26,184,231.84,93
B017,B,apple,2021-08-13,FRI,1.26,181,228.06,91.8
B017,B,apple,2021-08-14,SAT,1.26,198,249.48,93.9
B017,B,apple,2021-08-15,SUN,1.26,200,252,95.9
B017,B,apple,2021-08-16,MON,,,,
B017,B,apple,2021-08-17,TUE,1.26,184,231.84,95.3
B017,B,apple,2021-08-18,WED,1.26,184,231.84,95.2
B017,B,apple,2021-08-19,THU,1.29,185,238.65,93.9
B017,B,apple,2021-08-20,FRI,1.29,181,233.49,94.9
B017,B,apple,2021-08-21,SAT,1.29,199,256.71,97.4
B017,B,apple,2021-08-22,SUN,1.29,199,256.71,97.4
B017,B,apple,2021-08-23,MON,,,,
B017,B,apple,2021-08-24,TUE,1.29,184,237.36,97.5
B017,B,apple,2021-08-25,WED,1.29,186,239.94,93.2
B017,B,apple,2021-08-26,THU,1.31,184,241.04,92.8
B017,B,apple,2021-08-27,FRI,1.31,184,241.04,89.4
B017,B,apple,2021-08-28,SAT,1.31,199,260.69,98
B017,B,apple,2021-08-29,SUN,1.31,199,260.69,96.9
B017,B,apple,2021-08-30,MON,,,,
B017,B,apple,2021-08-31,TUE,1.31,180,235.8,95.2
B017,B,apple,2021-09-01,WED,1.31,182,238.42,91.1
B017,B,apple,2021-09-02,THU,1.3,186,241.8,91.4
B017,B,apple,2021-09-03,FRI,1.3,181,235.3,89.7
B017,B,apple,2021-09-04,SAT,1.3,199,258.7,95
B017,B,apple,2021-09-05,SUN,1.3,198,257.4,95.7
B017,B,apple,2021-09-06,MON,,,,
B017,B,apple,2021-09-07,TUE,1.3,185,240.5,98.6
B017,B,apple,2021-09-08,WED,1.3,181,235.3,93.2
B017,B,apple,2021-09-09,THU,1.3,183,237.9,98.6
B017,B,apple,2021-09-10,FRI,1.3,186,241.8,94.8
B017,B,apple,2021-09-11,SAT,1.3,198,257.4,94.8
B017,B,apple,2021-09-12,SUN,1.3,198,257.4,94
B017,B,apple,2021-09-13,MON,,,,
B017,B,apple,2021-09-14,TUE,1.3,182,236.6,97.8
B017,B,apple,2021-09-15,WED,1.3,184,239.2,96.2
B017,B,apple,2021-09-16,THU,1.33,184,244.72,97.9
B017,B,apple,2021-09-17,FRI,1.33,184,244.72,98.4
B017,B,apple,2021-09-18,SAT,1.33,198,263.34,99.6
B017,B,apple,2021-09-19,SUN,1.33,199,264.67,98.1
B017,B,apple,2021-09-20,MON,,,,
B017,B,apple,2021-09-21,TUE,1.33,186,247.38,98.2
B017,B,apple,2021-09-22,WED,1.33,182,242.06,98.3
B017,B,apple,2021-09-23,THU,1.32,182,240.24,93.9
B017,B,apple,2021-09-24,FRI,1.32,185,244.2,98.4
B017,B,apple,2021-09-25,SAT,1.32,200,264,98.2
B017,B,apple,2021-09-26,SUN,1.32,201,265.32,99.3
B017,B,apple,2021-09-27,MON,,,,
B017,B,apple,2021-09-28,TUE,1.32,183,241.56,97
B017,B,apple,2021-09-29,WED,1.32,180,237.6,97
B017,B,apple,2021-09-30,THU,1.35,183,247.05,95.8
B017,B,banana,2021-04-01,THU,2.78,406,1128.68,96
B017,B,banana,2021-04-02,FRI,2.78,406,1128.68,87
B017,B,banana,2021-04-03,SAT,2.78,446,1239.88,90.3
B017,B,banana,2021-04-04,SUN,2.78,439,1220.42,95.2
B017,B,banana,2021-04-05,MON,,,,
B017,B,banana,2021-04-06,TUE,2.78,399,1109.22,84.9
B017,B,banana,2021-04-07,WED,2.78,404,1123.12,88.9
B017,B,banana,2021-04-08,THU,2.81,411,1154.91,82.5
B017,B,banana,2021-04-09,FRI,2.81,413,1160.53,95
B017,B,banana,2021-04-10,SAT,2.81,439,1233.59,95
B017,B,banana,2021-04-11,SUN,2.81,442,1242.02,92.9
B017,B,banana,2021-04-12,MON,,,,
B017,B,banana,2021-04-13,TUE,2.81,399,1121.19,80.8
B017,B,banana,2021-04-14,WED,2.81,402,1129.62,81.9
B017,B,banana,2021-04-15,THU,2.83,403,1140.49,93.2
B017,B,banana,2021-04-16,FRI,2.83,408,1154.64,97.6
B017,B,banana,2021-04-17,SAT,2.83,439,1242.37,85.6
B017,B,banana,2021-04-18,SUN,2.83,447,1265.01,86.1
B017,B,banana,2021-04-19,MON,,,,
B017,B,banana,2021-04-20,TUE,2.83,401,1134.83,93.5
B017,B,banana,2021-04-21,WED,2.83,408,1154.64,96.4
B017,B,banana,2021-04-22,THU,2.85,409,1165.65,89.6
B017,B,banana,2021-04-23,FRI,2.85,409,1165.65,97.6
B017,B,banana,2021-04-24,SAT,2.85,440,1254,85.8
B017,B,banana,2021-04-25,SUN,2.85,442,1259.7,94.9
B017,B,banana,2021-04-26,MON,,,,
B017,B,banana,2021-04-27,TUE,2.85,412,1174.2,90.6
B017,B,banana,2021-04-28,WED,2.85,401,1142.85,92
B017,B,banana,2021-04-29,THU,2.84,402,1141.68,87.4
B017,B,banana,2021-04-30,FRI,2.84,403,1144.52,93.7
B017,B,banana,2021-05-01,SAT,2.84,442,1255.28,95.8
B017,B,banana,2021-05-02,SUN,2.84,441,1252.44,92.6
B017,B,banana,2021-05-03,MON,,,,
B017,B,banana,2021-05-04,TUE,2.84,403,1144.52,86.3
B017,B,banana,2021-05-05,WED,2.84,414,1175.76,92.9
B017,B,banana,2021-05-06,THU,2.85,398,1134.3,94.7
B017,B,banana,2021-05-07,FRI,2.85,403,1148.55,86.6
B017,B,banana,2021-05-08,SAT,2.85,441,1256.85,97.4
B017,B,banana,2021-05-09,SUN,2.85,439,1251.15,90.2
B017,B,banana,2021-05-10,MON,,,,
B017,B,banana,2021-05-11,TUE,2.85,410,1168.5,97
B017,B,banana,2021-05-12,WED,2.85,401,1142.85,91
B017,B,banana,2021-05-13,THU,2.86,406,1161.16,96.4
B017,B,banana,2021-05-14,FRI,2.86,408,1166.88,96.6
B017,B,banana,2021-05-15,SAT,2.86,440,1258.4,96.2
B017,B,banana,2021-05-16,SUN,2.86,445,1272.7,96.6
B017,B,banana,2021-05-17,MON,,,,
B017,B,banana,2021-05-18,TUE,2.86,410,1172.6,94.5
B017,B,banana,2021-05-19,WED,2.86,402,1149.72,95.8
B017,B,banana,2021-05-20,THU,2.88,403,1160.64,96
B017,B,banana,2021-05-21,FRI,2.88,412,1186.56,92.8
B017,B,banana,2021-05-22,SAT,2.88,440,1267.2,96
B017,B,banana,2021-05-23,SUN,2.88,444,1278.72,95
B017,B,banana,2021-05-24,MON,,,,
B017,B,banana,2021-05-25,TUE,2.88,405,1166.4,94.2
B017,B,banana,2021-05-26,WED,2.88,402,1157.76,94.6
B017,B,banana,2021-05-27,THU,2.91,412,1198.92,96.6
B017,B,banana,2021-05-28,FRI,2.91,412,1198.92,95.9
B017,B,banana,2021-05-29,SAT,2.91,442,1286.22,88.9
B017,B,banana,2021-05-30,SUN,2.91,442,1286.22,98.6
B017,B,banana,2021-05-31,MON,,,,
B017,B,banana,2021-06-01,TUE,2.91,399,1161.09,91.2
B017,B,banana,2021-06-02,WED,2.91,398,1158.18,91.2
B017,B,banana,2021-06-03,THU,2.91,406,1181.46,92.7
B017,B,banana,2021-06-04,FRI,2.91,399,1161.09,94.5
B017,B,banana,2021-06-05,SAT,2.91,442,1286.22,96.8
B017,B,banana,2021-06-06,SUN,2.91,440,1280.4,95.1
B017,B,banana,2021-06-07,MON,,,,
B017,B,banana,2021-06-08,TUE,2.91,400,1164,95.1
B017,B,banana,2021-06-09,WED,2.91,399,1161.09,92.1
B017,B,banana,2021-06-10,THU,2.9,404,1171.6,95.1
B017,B,banana,2021-06-11,FRI,2.9,410,1189,93.9
B017,B,banana,2021-06-12,SAT,2.9,443,1284.7,94
B017,B,banana,2021-06-13,SUN,2.9,443,1284.7,88.8
B017,B,banana,2021-06-14,MON,,,,
B017,B,banana,2021-06-15,TUE,2.9,405,1174.5,83.8
B017,B,banana,2021-06-16,WED,2.9,408,1183.2,93.8
B017,B,banana,2021-06-17,THU,2.91,399,1161.09,95.9
B017,B,banana,2021-06-18,FRI,2.91,400,1164,97.3
B017,B,banana,2021-06-19,SAT,2.91,444,1292.04,96.7
B017,B,banana,2021-06-20,SUN,2.91,440,1280.4,96.7
B017,B,banana,2021-06-21,MON,,,,
B017,B,banana,2021-06-22,TUE,2.91,400,1164,93.1
B017,B,banana,2021-06-23,WED,2.91,399,1161.09,95.5
B017,B,banana,2021-06-24,THU,2.92,404,1179.68,97
B017,B,banana,2021-06-25,FRI,2.92,411,1200.12,97
B017,B,banana,2021-06-26,SAT,2.92,443,1293.56,96
B017,B,banana,2021-06-27,SUN,2.92,446,1302.32,98.1
B017,B,banana,2021-06-28,MON,,,,
B017,B,banana,2021-06-29,TUE,2.92,408,1191.36,97.3
B017,B,banana,2021-06-30,WED,2.92,404,1179.68,95
B017,B,banana,2021-07-01,THU,2.92,400,1168,94.7
B017,B,banana,2021-07-02,FRI,2.92,411,1200.12,98.1
B017,B,banana,2021-07-03,SAT,2.92,445,1299.4,94.6
B017,B,banana,2021-07-04,SUN,2.92,445,1299.4,95.9
B017,B,banana,2021-07-05,MON,,,,
B017,B,banana,2021-07-06,TUE,2.92,407,1188.44,97.3
B017,B,banana,2021-07-07,WED,2.92,399,1165.08,93.6
B017,B,banana,2021-07-08,THU,2.92,405,1182.6,94.6
B017,B,banana,2021-07-09,FRI,2.92,413,1205.96,96.7
B017,B,banana,2021-07-10,SAT,2.92,445,1299.4,95.5
B017,B,banana,2021-07-11,SUN,2.92,442,1290.64,98.4
B017,B,banana,2021-07-12,MON,,,,
B017,B,banana,2021-07-13,TUE,2.92,412,1203.04,97
B017,B,banana,2021-07-14,WED,2.92,413,1205.96,93.9
B017,B,banana,2021-07-15,THU,2.93,398,1166.14,92.1
B017,B,banana,2021-07-16,FRI,2.93,407,1192.51,95.4
B017,B,banana,2021-07-17,SAT,2.93,439,1286.27,88.9
B017,B,banana,2021-07-18,SUN,2.93,440,1289.2,93.2
B017,B,banana,2021-07-19,MON,,,,
B017,B,banana,2021-07-20,TUE,2.93,412,1207.16,96.7
B017,B,banana,2021-07-21,WED,2.93,405,1186.65,98.2
B017,B,banana,2021-07-22,THU,2.95,408,1203.6,97.7
B017,B,banana,2021-07-23,FRI,2.95,403,1188.85,95.4
B017,B,banana,2021-07-24,SAT,2.95,439,1295.05,93.3
B017,B,banana,2021-07-25,SUN,2.95,443,1306.85,97.8
B017,B,banana,2021-07-26,MON,,,,
B017,B,banana,2021-07-27,TUE,2.95,404,1191.8,95
B017,B,banana,2021-07-28,WED,2.95,407,1200.65,96
B017,B,banana,2021-07-29,THU,2.96,399,1181.04,91.3
B017,B,banana,2021-07-30,FRI,2.96,411,1216.56,96.5
B017,B,banana,2021-07-31,SAT,2.96,445,1317.2,95.1
B017,B,banana,2021-08-01,SUN,2.96,446,1320.16,96.5
B017,B,banana,2021-08-02,MON,,,,
B017,B,banana,2021-08-03,TUE,2.96,414,1225.44,97.1
B017,B,banana,2021-08-04,WED,2.96,409,1210.64,97.5
B017,B,banana,2021-08-05,THU,2.95,404,1191.8,96.3
B017,B,banana,2021-08-06,FRI,2.95,412,1215.4,94.5
B017,B,banana,2021-08-07,SAT,2.95,444,1309.8,96
B017,B,banana,2021-08-08,SUN,2.95,439,1295.05,91
B017,B,banana,2021-08-09,MON,,,,
B017,B,banana,2021-08-10,TUE,2.95,398,1174.1,96.4
B017,B,banana,2021-08-11,WED,2.95,408,1203.6,94.4
B017,B,banana,2021-08-12,THU,2.97,412,1223.64,93
B017,B,banana,2021-08-13,FRI,2.97,412,1223.64,91.8
B017,B,banana,2021-08-14,SAT,2.97,441,1309.77,93.9
B017,B,banana,2021-08-15,SUN,2.97,440,1306.8,95.9
B017,B,banana,2021-08-16,MON,,,,
B017,B,banana,2021-08-17,TUE,2.97,403,1196.91,95.3
B017,B,banana,2021-08-18,WED,2.97,398,1182.06,95.2
B017,B,banana,2021-08-19,THU,2.98,403,1200.94,93.9
B017,B,banana,2021-08-20,FRI,2.98,401,1194.98,94.9
B017,B,banana,2021-08-21,SAT,2.98,444,1323.12,97.4
B017,B,banana,2021-08-22,SUN,2.98,439,1308.22,97.4
B017,B,banana,2021-08-23,MON,,,,
B017,B,banana,2021-08-24,TUE,2.98,413,1230.74,97.5
B017,B,banana,2021-08-25,WED,2.98,414,1233.72,93.2
B017,B,banana,2021-08-26,THU,3,413,1239,92.8
B017,B,banana,2021-08-27,FRI,3,398,1194,89.4
B017,B,banana,2021-08-28,SAT,3,441,1323,98
B017,B,banana,2021-08-29,SUN,3,441,1323,96.9
B017,B,banana,2021-08-30,MON,,,,
B017,B,banana,2021-08-31,TUE,3,405,1215,95.2
B017,B,banana,2021-09-01,WED,3,401,1203,91.1
B017,B,banana,2021-09-02,THU,3.01,402,1210.02,91.4
B017,B,banana,2021-09-03,FRI,3.01,412,1240.12,89.7
B017,B,banana,2021-09-04,SAT,3.01,443,1333.43,95
B017,B,banana,2021-09-05,SUN,3.01,440,1324.4,95.7
B017,B,banana,2021-09-06,MON,,,,
B017,B,banana,2021-09-07,TUE,3.01,406,1222.06,98.6
B017,B,banana,2021-09-08,WED,3.01,400,1204,93.2
B017,B,banana,2021-09-09,THU,3,414,1242,98.6
B017,B,banana,2021-09-10,FRI,3,408,1224,94.8
B017,B,banana,2021-09-11,SAT,3,440,1320,94.8
B017,B,banana,2021-09-12,SUN,3,442,1326,94
B017,B,banana,2021-09-13,MON,,,,
B017,B,banana,2021-09-14,TUE,3,401,1203,97.8
B017,B,banana,2021-09-15,WED,3,412,1236,96.2
B017,B,banana,2021-09-16,THU,3,409,1227,97.9
B017,B,banana,2021-09-17,FRI,3,407,1221,98.4
B017,B,banana,2021-09-18,SAT,3,442,1326,99.6
B017,B,banana,2021-09-19,SUN,3,440,1320,98.1
B017,B,banana,2021-09-20,MON,,,,
B017,B,banana,2021-09-21,TUE,3,401,1203,98.2
B017,B,banana,2021-09-22,WED,3,409,1227,98.3
B017,B,banana,2021-09-23,THU,3,408,1224,93.9
B017,B,banana,2021-09-24,FRI,3,407,1221,98.4
B017,B,banana,2021-09-25,SAT,3,444,1332,98.2
B017,B,banana,2021-09-26,SUN,3,439,1317,99.3
B017,B,banana,2021-09-27,MON,,,,
B017,B,banana,2021-09-28,TUE,3,404,1212,97
B017,B,banana,2021-09-29,WED,3,407,1221,97
B017,B,banana,2021-09-30,THU,3.01,410,1234.1,95.8
B017,B,cherry,2021-04-01,THU,5.05,156,787.8,96
B017,B,cherry,2021-04-02,FRI,5.05,155,782.75,87
B017,B,cherry,2021-04-03,SAT,5.05,168,848.4,90.3
B017,B,cherry,2021-04-04,SUN,5.05,167,843.35,95.2
B017,B,cherry,2021-04-05,MON,,,,
B017,B,cherry,2021-04-06,TUE,5.05,150,757.5,84.9
B017,B,cherry,2021-04-07,WED,5.05,152,767.6,88.9
B017,B,cherry,2021-04-08,THU,5.07,151,765.57,82.5
B017,B,cherry,2021-04-09,FRI,5.07,153,775.71,95
B017,B,cherry,2021-04-10,SAT,5.07,167,846.69,95
B017,B,cherry,2021-04-11,SUN,5.07,166,841.62,92.9
B017,B,cherry,2021-04-12,MON,,,,
B017,B,cherry,2021-04-13,TUE,5.07,156,790.92,80.8
B017,B,cherry,2021-04-14,WED,5.07,154,780.78,81.9
B017,B,cherry,2021-04-15,THU,5.08,155,787.4,93.2
B017,B,cherry,2021-04-16,FRI,5.08,153,777.24,97.6
B017,B,cherry,2021-04-17,SAT,5.08,168,853.44,85.6
B017,B,cherry,2021-04-18,SUN,5.08,167,848.36,86.1
B017,B,cherry,2021-04-19,MON,,,,
B017,B,cherry,2021-04-20,TUE,5.08,155,787.4,93.5
B017,B,cherry,2021-04-21,WED,5.08,154,782.32,96.4
B017,B,cherry,2021-04-22,THU,5.09,153,778.77,89.6
B017,B,cherry,2021-04-23,FRI,5.09,154,783.86,97.6
B017,B,cherry,2021-04-24,SAT,5.09,168,855.12,85.8
B017,B,cherry,2021-04-25,SUN,5.09,167,850.03,94.9
B017,B,cherry,2021-04-26,MON,,,,
B017,B,cherry,2021-04-27,TUE,5.09,152,773.68,90.6
B017,B,cherry,2021-04-28,WED,5.09,155,788.95,92
B017,B,cherry,2021-04-29,THU,5.08,152,772.16,87.4
B017,B,cherry,2021-04-30,FRI,5.08,155,787.4,93.7
B017,B,cherry,2021-05-01,SAT,5.08,165,838.2,95.8
B017,B,cherry,2021-05-02,SUN,5.08,166,843.28,92.6
B017,B,cherry,2021-05-03,MON,,,,
B017,B,cherry,2021-05-04,TUE,5.08,156,792.48,86.3
B017,B,cherry,2021-05-05,WED,5.08,153,777.24,92.9
B017,B,cherry,2021-05-06,THU,5.08,153,777.24,94.7
B017,B,cherry,2021-05-07,FRI,5.08,153,777.24,86.6
B017,B,cherry,2021-05-08,SAT,5.08,167,848.36,97.4
B017,B,cherry,2021-05-09,SUN,5.08,167,848.36,90.2
B017,B,cherry,2021-05-10,MON,,,,
B017,B,cherry,2021-05-11,TUE,5.08,154,782.32,97
B017,B,cherry,2021-05-12,WED,5.08,153,777.24,91
B017,B,cherry,2021-05-13,THU,5.09,155,788.95,96.4
B017,B,cherry,2021-05-14,FRI,5.09,156,794.04,96.6
B017,B,cherry,2021-05-15,SAT,5.09,167,850.03,96.2
B017,B,cherry,2021-05-16,SUN,5.09,165,839.85,96.6
B017,B,cherry,2021-05-17,MON,,,,
B017,B,cherry,2021-05-18,TUE,5.09,155,788.95,94.5
B017,B,cherry,2021-05-19,WED,5.09,153,778.77,95.8
B017,B,cherry,2021-05-20,THU,5.09,154,783.86,96
B017,B,cherry,2021-05-21,FRI,5.09,151,768.59,92.8
B017,B,cherry,2021-05-22,SAT,5.09,168,855.12,96
B017,B,cherry,2021-05-23,SUN,5.09,165,839.85,95
B017,B,cherry,2021-05-24,MON,,,,
B017,B,cherry,2021-05-25,TUE,5.09,153,778.77,94.2
B017,B,cherry,2021-05-26,WED,5.09,156,794.04,94.6
B017,B,cherry,2021-05-27,THU,5.09,152,773.68,96.6
B017,B,cherry,2021-05-28,FRI,5.09,153,778.77,95.9
B017,B,cherry,2021-05-29,SAT,5.09,168,855.12,88.9
B017,B,cherry,2021-05-30,SUN,5.09,166,844.94,98.6
B017,B,cherry,2021-05-31,MON,,,,
B017,B,cherry,2021-06-01,TUE,5.09,155,788.95,91.2
B017,B,cherry,2021-06-02,WED,5.09,152,773.68,91.2
B017,B,cherry,2021-06-03,THU,5.11,151,771.61,92.7
B017,B,cherry,2021-06-04,FRI,5.11,151,771.61,94.5
B017,B,cherry,2021-06-05,SAT,5.11,167,853.37,96.8
B017,B,cherry,2021-06-06,SUN,5.11,167,853.37,95.1
B017,B,cherry,2021-06-07,MON,,,,
B017,B,cherry,2021-06-08,TUE,5.11,152,776.72,95.1
B017,B,cherry,2021-06-09,WED,5.11,155,792.05,92.1
B017,B,cherry,2021-06-10,THU,5.13,151,774.63,95.1
B017,B,cherry,2021-06-11,FRI,5.13,153,784.89,93.9
B017,B,cherry,2021-06-12,SAT,5.13,167,856.71,94
B017,B,cherry,2021-06-13,SUN,5.13,167,856.71,88.8
B017,B,cherry,2021-06-14,MON,,,,
B017,B,cherry,2021-06-15,TUE,5.13,151,774.63,83.8
B017,B,cherry,2021-06-16,WED,5.13,153,784.89,93.8
B017,B,cherry,2021-06-17,THU,5.14,151,776.14,95.9
B017,B,cherry,2021-06-18,FRI,5.14,152,781.28,97.3
B017,B,cherry,2021-06-19,SAT,5.14,166,853.24,96.7
B017,B,cherry,2021-06-20,SUN,5.14,167,858.38,96.7
B017,B,cherry,2021-06-21,MON,,,,
B017,B,cherry,2021-06-22,TUE,5.14,155,796.7,93.1
B017,B,cherry,2021-06-23,WED,5.14,155,796.7,95.5
B017,B,cherry,2021-06-24,THU,5.15,152,782.8,97
B017,B,cherry,2021-06-25,FRI,5.15,153,787.95,97
B017,B,cherry,2021-06-26,SAT,5.15,168,865.2,96
B017,B,cherry,2021-06-27,SUN,5.15,167,860.05,98.1
B017,B,cherry,2021-06-28,MON,,,,
B017,B,cherry,2021-06-29,TUE,5.15,150,772.5,97.3
B017,B,cherry,2021-06-30,WED,5.15,153,787.95,95
B017,B,cherry,2021-07-01,THU,5.15,155,798.25,94.7
B017,B,cherry,2021-07-02,FRI,5.15,154,793.1,98.1
B017,B,cherry,2021-07-03,SAT,5.15,168,865.2,94.6
B017,B,cherry,2021-07-04,SUN,5.15,166,854.9,95.9
B017,B,cherry,2021-07-05,MON,,,,
B017,B,cherry,2021-07-06,TUE,5.15,154,793.1,97.3
B017,B,cherry,2021-07-07,WED,5.15,152,782.8,93.6
B017,B,cherry,2021-07-08,THU,5.15,155,798.25,94.6
B017,B,cherry,2021-07-09,FRI,5.15,154,793.1,96.7
B017,B,cherry,2021-07-10,SAT,5.15,168,865.2,95.5
B017,B,cherry,2021-07-11,SUN,5.15,168,865.2,98.4
B017,B,cherry,2021-07-12,MON,,,,
B017,B,cherry,2021-07-13,TUE,5.15,150,772.5,97
B017,B,cherry,2021-07-14,WED,5.15,153,787.95,93.9
B017,B,cherry,2021-07-15,THU,5.16,153,789.48,92.1
B017,B,cherry,2021-07-16,FRI,5.16,152,784.32,95.4
B017,B,cherry,2021-07-17,SAT,5.16,166,856.56,88.9
B017,B,cherry,2021-07-18,SUN,5.16,166,856.56,93.2
B017,B,cherry,2021-07-19,MON,,,,
B017,B,cherry,2021-07-20,TUE,5.16,153,789.48,96.7
B017,B,cherry,2021-07-21,WED,5.16,151,779.16,98.2
B017,B,cherry,2021-07-22,THU,5.19,153,794.07,97.7
B017,B,cherry,2021-07-23,FRI,5.19,154,799.26,95.4
B017,B,cherry,2021-07-24,SAT,5.19,166,861.54,93.3
B017,B,cherry,2021-07-25,SUN,5.19,166,861.54,97.8
B017,B,cherry,2021-07-26,MON,,,,
B017,B,cherry,2021-07-27,TUE,5.19,150,778.5,95
B017,B,cherry,2021-07-28,WED,5.19,156,809.64,96
B017,B,cherry,2021-07-29,THU,5.21,150,781.5,91.3
B017,B,cherry,2021-07-30,FRI,5.21,153,797.13,96.5
B017,B,cherry,2021-07-31,SAT,5.21,167,870.07,95.1
B017,B,cherry,2021-08-01,SUN,5.21,166,864.86,96.5
B017,B,cherry,2021-08-02,MON,,,,
B017,B,cherry,2021-08-03,TUE,5.21,153,797.13,97.1
B017,B,cherry,2021-08-04,WED,5.21,151,786.71,97.5
B017,B,cherry,2021-08-05,THU,5.22,156,814.32,96.3
B017,B,cherry,2021-08-06,FRI,5.22,152,793.44,94.5
B017,B,cherry,2021-08-07,SAT,5.22,167,871.74,96
B017,B,cherry,2021-08-08,SUN,5.22,168,876.96,91
B017,B,cherry,2021-08-09,MON,,,,
B017,B,cherry,2021-08-10,TUE,5.22,156,814.32,96.4
B017,B,cherry,2021-08-11,WED,5.22,155,809.1,94.4
B017,B,cherry,2021-08-12,THU,5.23,153,800.19,93
B017,B,cherry,2021-08-13,FRI,5.23,151,789.73,91.8
B017,B,cherry,2021-08-14,SAT,5.23,166,868.18,93.9
B017,B,cherry,2021-08-15,SUN,5.23,167,873.41,95.9
B017,B,cherry,2021-08-16,MON,,,,
B017,B,cherry,2021-08-17,TUE,5.23,153,800.19,95.3
B017,B,cherry,2021-08-18,WED,5.23,154,805.42,95.2
B017,B,cherry,2021-08-19,THU,5.23,154,805.42,93.9
B017,B,cherry,2021-08-20,FRI,5.23,153,800.19,94.9
B017,B,cherry,2021-08-21,SAT,5.23,166,868.18,97.4
B017,B,cherry,2021-08-22,SUN,5.23,168,878.64,97.4
B017,B,cherry,2021-08-23,MON,,,,
B017,B,cherry,2021-08-24,TUE,5.23,154,805.42,97.5
B017,B,cherry,2021-08-25,WED,5.23,153,800.19,93.2
B017,B,cherry,2021-08-26,THU,5.22,155,809.1,92.8
B017,B,cherry,2021-08-27,FRI,5.22,154,803.88,89.4
B017,B,cherry,2021-08-28,SAT,5.22,166,866.52,98
B017,B,cherry,2021-08-29,SUN,5.22,168,876.96,96.9
B017,B,cherry,2021-08-30,MON,,,,
B017,B,cherry,2021-08-31,TUE,5.22,153,798.66,95.2
B017,B,cherry,2021-09-01,WED,5.22,151,788.22,91.1
B017,B,cherry,2021-09-02,THU,5.21,155,807.55,91.4
B017,B,cherry,2021-09-03,FRI,5.21,154,802.34,89.7
B017,B,cherry,2021-09-04,SAT,5.21,167,870.07,95
B017,B,cherry,2021-09-05,SUN,5.21,167,870.07,95.7
B017,B,cherry,2021-09-06,MON,,,,
B017,B,cherry,2021-09-07,TUE,5.21,155,807.55,98.6
B017,B,cherry,2021-09-08,WED,5.21,154,802.34,93.2
B017,B,cherry,2021-09-09,THU,5.23,154,805.42,98.6
B017,B,cherry,2021-09-10,FRI,5.23,154,805.42,94.8
B017,B,cherry,2021-09-11,SAT,5.23,168,878.64,94.8
B017,B,cherry,2021-09-12,SUN,5.23,166,868.18,94
B017,B,cherry,2021-09-13,MON,,,,
B017,B,cherry,2021-09-14,TUE,5.23,152,794.96,97.8
B017,B,cherry,2021-09-15,WED,5.23,155,810.65,96.2
B017,B,cherry,2021-09-16,THU,5.22,152,793.44,97.9
B017,B,cherry,2021-09-17,FRI,5.22,151,788.22,98.4
B017,B,cherry,2021-09-18,SAT,5.22,167,871.74,99.6
B017,B,cherry,2021-09-19,SUN,5.22,168,876.96,98.1
B017,B,cherry,2021-09-20,MON,,,,
B017,B,cherry,2021-09-21,TUE,5.22,152,793.44,98.2
B017,B,cherry,2021-09-22,WED,5.22,156,814.32,98.3
B017,B,cherry,2021-09-23,THU,5.23,152,794.96,93.9
B017,B,cherry,2021-09-24,FRI,5.23,154,805.42,98.4
B017,B,cherry,2021-09-25,SAT,5.23,168,878.64,98.2
B017,B,cherry,2021-09-26,SUN,5.23,166,868.18,99.3
B017,B,cherry,2021-09-27,MON,,,,
B017,B,cherry,2021-09-28,TUE,5.23,152,794.96,97
B017,B,cherry,2021-09-29,WED,5.23,150,784.5,97
B017,B,cherry,2021-09-30,THU,5.25,154,808.5,95.8
B018,B,apple,2021-04-01,THU,0.94,158,148.52,96
B018,B,apple,2021-04-02,FRI,0.94,154,144.76,87
B018,B,apple,2021-04-03,SAT,0.94,171,160.74,90.3
B018,B,apple,2021-04-04,SUN,0.94,170,159.8,95.2
B018,B,apple,2021-04-05,MON,,,,
B018,B,apple,2021-04-06,TUE,0.94,157,147.58,84.9
B018,B,apple,2021-04-07,WED,0.94,155,145.7,88.9
B018,B,apple,2021-04-08,THU,0.95,158,150.1,82.5
B018,B,apple,2021-04-09,FRI,0.95,156,148.2,95
B018,B,apple,2021-04-10,SAT,0.95,170,161.5,95
B018,B,apple,2021-04-11,SUN,0.95,170,161.5,92.9
B018,B,apple,2021-04-12,MON,,,,
B018,B,apple,2021-04-13,TUE,0.95,156,148.2,80.8
B018,B,apple,2021-04-14,WED,0.95,159,151.05,81.9
B018,B,apple,2021-04-15,THU,0.96,158,151.68,93.2
B018,B,apple,2021-04-16,FRI,0.96,154,147.84,97.6
B018,B,apple,2021-04-17,SAT,0.96,170,163.2,85.6
B018,B,apple,2021-04-18,SUN,0.96,171,164.16,86.1
B018,B,apple,2021-04-19,MON,,,,
B018,B,apple,2021-04-20,TUE,0.96,158,151.68,93.5
B018,B,apple,2021-04-21,WED,0.96,155,148.8,96.4
B018,B,apple,2021-04-22,THU,0.98,154,150.92,89.6
B018,B,apple,2021-04-23,FRI,0.98,153,149.94,97.6
B018,B,apple,2021-04-24,SAT,0.98,170,166.6,85.8
B018,B,apple,2021-04-25,SUN,0.98,171,167.58,94.9
B018,B,apple,2021-04-26,MON,,,,
B018,B,apple,2021-04-27,TUE,0.98,157,153.86,90.6
B018,B,apple,2021-04-28,WED,0.98,155,151.9,92
B018,B,apple,2021-04-29,THU,0.98,155,151.9,87.4
B018,B,apple,2021-04-30,FRI,0.98,158,154.84,93.7
B018,B,apple,2021-05-01,SAT,0.98,169,165.62,95.8
B018,B,apple,2021-05-02,SUN,0.98,170,166.6,92.6
B018,B,apple,2021-05-03,MON,,,,
B018,B,apple,2021-05-04,TUE,0.98,154,150.92,86.3
B018,B,apple,2021-05-05,WED,0.98,157,153.86,92.9
B018,B,apple,2021-05-06,THU,0.99,155,153.45,94.7
B018,B,apple,2021-05-07,FRI,0.99,156,154.44,86.6
B018,B,apple,2021-05-08,SAT,0.99,169,167.31,97.4
B018,B,apple,2021-05-09,SUN,0.99,169,167.31,90.2
B018,B,apple,2021-05-10,MON,,,,
B018,B,apple,2021-05-11,TUE,0.99,158,156.42,97
B018,B,apple,2021-05-12,WED,0.99,157,155.43,91
B018,B,apple,2021-05-13,THU,0.99,158,156.42,96.4
B018,B,apple,2021-05-14,FRI,0.99,154,152.46,96.6
B018,B,apple,2021-05-15,SAT,0.99,170,168.3,96.2
B018,B,apple,2021-05-16,SUN,0.99,171,169.29,96.6
B018,B,apple,2021-05-17,MON,,,,
B018,B,apple,2021-05-18,TUE,0.99,158,156.42,94.5
B018,B,apple,2021-05-19,WED,0.99,153,151.47,95.8
B018,B,apple,2021-05-20,THU,1.01,154,155.54,96
B018,B,apple,2021-05-21,FRI,1.01,159,160.59,92.8
B018,B,apple,2021-05-22,SAT,1.01,170,171.7,96
B018,B,apple,2021-05-23,SUN,1.01,169,170.69,95
B018,B,apple,2021-05-24,MON,,,,
B018,B,apple,2021-05-25,TUE,1.01,156,157.56,94.2
B018,B,apple,2021-05-26,WED,1.01,158,159.58,94.6
B018,B,apple,2021-05-27,THU,1,155,155,96.6
B018,B,apple,2021-05-28,FRI,1,158,158,95.9
B018,B,apple,2021-05-29,SAT,1,172,172,88.9
B018,B,apple,2021-05-30,SUN,1,171,171,98.6
B018,B,apple,2021-05-31,MON,,,,
B018,B,apple,2021-06-01,TUE,1,158,158,91.2
B018,B,apple,2021-06-02,WED,1,153,153,91.2
B018,B,apple,2021-06-03,THU,1.02,159,162.18,92.7
B018,B,apple,2021-06-04,FRI,1.02,155,158.1,94.5
B018,B,apple,2021-06-05,SAT,1.02,169,172.38,96.8
B018,B,apple,2021-06-06,SUN,1.02,171,174.42,95.1
B018,B,apple,2021-06-07,MON,,,,
B018,B,apple,2021-06-08,TUE,1.02,154,157.08,95.1
B018,B,apple,2021-06-09,WED,1.02,158,161.16,92.1
B018,B,apple,2021-06-10,THU,1.04,158,164.32,95.1
B018,B,apple,2021-06-11,FRI,1.04,153,159.12,93.9
B018,B,apple,2021-06-12,SAT,1.04,171,177.84,94
B018,B,apple,2021-06-13,SUN,1.04,169,175.76,88.8
B018,B,apple,2021-06-14,MON,,,,
B018,B,apple,2021-06-15,TUE,1.04,159,165.36,83.8
B018,B,apple,2021-06-16,WED,1.04,156,162.24,93.8
B018,B,apple,2021-06-17,THU,1.06,158,167.48,95.9
B018,B,apple,2021-06-18,FRI,1.06,153,162.18,97.3
B018,B,apple,2021-06-19,SAT,1.06,171,181.26,96.7
B018,B,apple,2021-06-20,SUN,1.06,169,179.14,96.7
B018,B,apple,2021-06-21,MON,,,,
B018,B,apple,2021-06-22,TUE,1.06,155,164.3,93.1
B018,B,apple,2021-06-23,WED,1.06,155,164.3,95.5
B018,B,apple,2021-06-24,THU,1.07,158,169.06,97
B018,B,apple,2021-06-25,FRI,1.07,154,164.78,97
B018,B,apple,2021-06-26,SAT,1.07,170,181.9,96
B018,B,apple,2021-06-27,SUN,1.07,171,182.97,98.1
B018,B,apple,2021-06-28,MON,,,,
B018,B,apple,2021-06-29,TUE,1.07,158,169.06,97.3
B018,B,apple,2021-06-30,WED,1.07,155,165.85,95
B018,B,apple,2021-07-01,THU,1.07,157,167.99,94.7
B018,B,apple,2021-07-02,FRI,1.07,156,166.92,98.1
B018,B,apple,2021-07-03,SAT,1.07,170,181.9,94.6
B018,B,apple,2021-07-04,SUN,1.07,169,180.83,95.9
B018,B,apple,2021-07-05,MON,,,,
B018,B,apple,2021-07-06,TUE,1.07,153,163.71,97.3
B018,B,apple,2021-07-07,WED,1.07,157,167.99,93.6
B018,B,apple,2021-07-08,THU,1.08,155,167.4,94.6
B018,B,apple,2021-07-09,FRI,1.08,153,165.24,96.7
B018,B,apple,2021-07-10,SAT,1.08,171,184.68,95.5
B018,B,apple,2021-07-11,SUN,1.08,169,182.52,98.4
B018,B,apple,2021-07-12,MON,,,,
B018,B,apple,2021-07-13,TUE,1.08,154,166.32,97
B018,B,apple,2021-07-14,WED,1.08,157,169.56,93.9
B018,B,apple,2021-07-15,THU,1.07,155,165.85,92.1
B018,B,apple,2021-07-16,FRI,1.07,155,165.85,95.4
B018,B,apple,2021-07-17,SAT,1.07,169,180.83,88.9
B018,B,apple,2021-07-18,SUN,1.07,170,181.9,93.2
B018,B,apple,2021-07-19,MON,,,,
B018,B,apple,2021-07-20,TUE,1.07,155,165.85,96.7
B018,B,apple,2021-07-21,WED,1.07,158,169.06,98.2
B018,B,apple,2021-07-22,THU,1.06,156,165.36,97.7
B018,B,apple,2021-07-23,FRI,1.06,156,165.36,95.4
B018,B,apple,2021-07-24,SAT,1.06,171,181.26,93.3
B018,B,apple,2021-07-25,SUN,1.06,171,181.26,97.8
B018,B,apple,2021-07-26,MON,,,,
B018,B,apple,2021-07-27,TUE,1.06,157,166.42,95
B018,B,apple,2021-07-28,WED,1.06,157,166.42,96
B018,B,apple,2021-07-29,THU,1.06,154,163.24,91.3
B018,B,apple,2021-07-30,FRI,1.06,157,166.42,96.5
B018,B,apple,2021-07-31,SAT,1.06,171,181.26,95.1
B018,B,apple,2021-08-01,SUN,1.06,170,180.2,96.5
B018,B,apple,2021-08-02,MON,,,,
B018,B,apple,2021-08-03,TUE,1.06,159,168.54,97.1
B018,B,apple,2021-08-04,WED,1.06,156,165.36,97.5
B018,B,apple,2021-08-05,THU,1.09,156,170.04,96.3
B018,B,apple,2021-08-06,FRI,1.09,158,172.22,94.5
B018,B,apple,2021-08-07,SAT,1.09,171,186.39,96
B018,B,apple,2021-08-08,SUN,1.09,171,186.39,91
B018,B,apple,2021-08-09,MON,,,,
B018,B,apple,2021-08-10,TUE,1.09,157,171.13,96.4
B018,B,apple,2021-08-11,WED,1.09,156,170.04,94.4
B018,B,apple,2021-08-12,THU,1.11,158,175.38,93
B018,B,apple,2021-08-13,FRI,1.11,155,172.05,91.8
B018,B,apple,2021-08-14,SAT,1.11,169,187.59,93.9
B018,B,apple,2021-08-15,SUN,1.11,172,190.92,95.9
B018,B,apple,2021-08-16,MON,,,,
B018,B,apple,2021-08-17,TUE,1.11,153,169.83,95.3
B018,B,apple,2021-08-18,WED,1.11,154,170.94,95.2
B018,B,apple,2021-08-19,THU,1.12,158,176.96,93.9
B018,B,apple,2021-08-20,FRI,1.12,158,176.96,94.9
B018,B,apple,2021-08-21,SAT,1.12,171,191.52,97.4
B018,B,apple,2021-08-22,SUN,1.12,169,189.28,97.4
B018,B,apple,2021-08-23,MON,,,,
B018,B,apple,2021-08-24,TUE,1.12,155,173.6,97.5
B018,B,apple,2021-08-25,WED,1.12,157,175.84,93.2
B018,B,apple,2021-08-26,THU,1.11,158,175.38,92.8
B018,B,apple,2021-08-27,FRI,1.11,155,172.05,89.4
B018,B,apple,2021-08-28,SAT,1.11,170,188.7,98
B018,B,apple,2021-08-29,SUN,1.11,169,187.59,96.9
B018,B,apple,2021-08-30,MON,,,,
B018,B,apple,2021-08-31,TUE,1.11,155,172.05,95.2
B018,B,apple,2021-09-01,WED,1.11,153,169.83,91.1
B018,B,apple,2021-09-02,THU,1.12,159,178.08,91.4
B018,B,apple,2021-09-03,FRI,1.12,157,175.84,89.7
B018,B,apple,2021-09-04,SAT,1.12,172,192.64,95
B018,B,apple,2021-09-05,SUN,1.12,170,190.4,95.7
B018,B,apple,2021-09-06,MON,,,,
B018,B,apple,2021-09-07,TUE,1.12,157,175.84,98.6
B018,B,apple,2021-09-08,WED,1.12,156,174.72,93.2
B018,B,apple,2021-09-09,THU,1.12,155,173.6,98.6
B018,B,apple,2021-09-10,FRI,1.12,153,171.36,94.8
B018,B,apple,2021-09-11,SAT,1.12,171,191.52,94.8
B018,B,apple,2021-09-12,SUN,1.12,169,189.28,94
B018,B,apple,2021-09-13,MON,,,,
B018,B,apple,2021-09-14,TUE,1.12,158,176.96,97.8
B018,B,apple,2021-09-15,WED,1.12,156,174.72,96.2
B018,B,apple,2021-09-16,THU,1.14,156,177.84,97.9
B018,B,apple,2021-09-17,FRI,1.14,157,178.98,98.4
B018,B,apple,2021-09-18,SAT,1.14,171,194.94,99.6
B018,B,apple,2021-09-19,SUN,1.14,170,193.8,98.1
B018,B,apple,2021-09-20,MON,,,,
B018,B,apple,2021-09-21,TUE,1.14,158,180.12,98.2
B018,B,apple,2021-09-22,WED,1.14,154,175.56,98.3
B018,B,apple,2021-09-23,THU,1.14,159,181.26,93.9
B018,B,apple,2021-09-24,FRI,1.14,157,178.98,98.4
B018,B,apple,2021-09-25,SAT,1.14,170,193.8,98.2
B018,B,apple,2021-09-26,SUN,1.14,171,194.94,99.3
B018,B,apple,2021-09-27,MON,,,,
B018,B,apple,2021-09-28,TUE,1.14,153,174.42,97
B018,B,apple,2021-09-29,WED,1.14,156,177.84,97
B018,B,apple,2021-09-30,THU,1.14,159,181.26,95.8
B018,B,banana,2021-04-01,THU,2.65,326,863.9,96
B018,B,banana,2021-04-02,FRI,2.65,322,853.3,87
B018,B,banana,2021-04-03,SAT,2.65,356,943.4,90.3
B018,B,banana,2021-04-04,SUN,2.65,354,938.1,95.2
B018,B,banana,2021-04-05,MON,,,,
B018,B,banana,2021-04-06,TUE,2.65,320,848,84.9
B018,B,banana,2021-04-07,WED,2.65,325,861.25,88.9
B018,B,banana,2021-04-08,THU,2.65,318,842.7,82.5
B018,B,banana,2021-04-09,FRI,2.65,320,848,95
B018,B,banana,2021-04-10,SAT,2.65,351,930.15,95
B018,B,banana,2021-04-11,SUN,2.65,352,932.8,92.9
B018,B,banana,2021-04-12,MON,,,,
B018,B,banana,2021-04-13,TUE,2.65,322,853.3,80.8
B018,B,banana,2021-04-14,WED,2.65,324,858.6,81.9
B018,B,banana,2021-04-15,THU,2.66,326,867.16,93.2
B018,B,banana,2021-04-16,FRI,2.66,320,851.2,97.6
B018,B,banana,2021-04-17,SAT,2.66,350,931,85.6
B018,B,banana,2021-04-18,SUN,2.66,354,941.64,86.1
B018,B,banana,2021-04-19,MON,,,,
B018,B,banana,2021-04-20,TUE,2.66,330,877.8,93.5
B018,B,banana,2021-04-21,WED,2.66,330,877.8,96.4
B018,B,banana,2021-04-22,THU,2.67,329,878.43,89.6
B018,B,banana,2021-04-23,FRI,2.67,328,875.76,97.6
B018,B,banana,2021-04-24,SAT,2.67,352,939.84,85.8
B018,B,banana,2021-04-25,SUN,2.67,354,945.18,94.9
B018,B,banana,2021-04-26,MON,,,,
B018,B,banana,2021-04-27,TUE,2.67,323,862.41,90.6
B018,B,banana,2021-04-28,WED,2.67,323,862.41,92
B018,B,banana,2021-04-29,THU,2.67,330,881.1,87.4
B018,B,banana,2021-04-30,FRI,2.67,318,849.06,93.7
B018,B,banana,2021-05-01,SAT,2.67,354,945.18,95.8
B018,B,banana,2021-05-02,SUN,2.67,353,942.51,92.6
B018,B,banana,2021-05-03,MON,,,,
B018,B,banana,2021-05-04,TUE,2.67,320,854.4,86.3
B018,B,banana,2021-05-05,WED,2.67,321,857.07,92.9
B018,B,banana,2021-05-06,THU,2.66,319,848.54,94.7
B018,B,banana,2021-05-07,FRI,2.66,328,872.48,86.6
B018,B,banana,2021-05-08,SAT,2.66,353,938.98,97.4
B018,B,banana,2021-05-09,SUN,2.66,355,944.3,90.2
B018,B,banana,2021-05-10,MON,,,,
B018,B,banana,2021-05-11,TUE,2.66,325,864.5,97
B018,B,banana,2021-05-12,WED,2.66,324,861.84,91
B018,B,banana,2021-05-13,THU,2.67,324,865.08,96.4
B018,B,banana,2021-05-14,FRI,2.67,328,875.76,96.6
B018,B,banana,2021-05-15,SAT,2.67,352,939.84,96.2
B018,B,banana,2021-05-16,SUN,2.67,352,939.84,96.6
B018,B,banana,2021-05-17,MON,,,,
B018,B,banana,2021-05-18,TUE,2.67,320,854.4,94.5
B018,B,banana,2021-05-19,WED,2.67,319,851.73,95.8
B018,B,banana,2021-05-20,THU,2.67,321,857.07,96
B018,B,banana,2021-05-21,FRI,2.67,319,851.73,92.8
B018,B,banana,2021-05-22,SAT,2.67,356,950.52,96
B018,B,banana,2021-05-23,SUN,2.67,351,937.17,95
B018,B,banana,2021-05-24,MON,,,,
B018,B,banana,2021-05-25,TUE,2.67,325,867.75,94.2
B018,B,banana,2021-05-26,WED,2.67,326,870.42,94.6
B018,B,banana,2021-05-27,THU,2.69,326,876.94,96.6
B018,B,banana,2021-05-28,FRI,2.69,322,866.18,95.9
B018,B,banana,2021-05-29,SAT,2.69,351,944.19,88.9
B018,B,banana,2021-05-30,SUN,2.69,355,954.95,98.6
B018,B,banana,2021-05-31,MON,,,,
B018,B,banana,2021-06-01,TUE,2.69,322,866.18,91.2
B018,B,banana,2021-06-02,WED,2.69,328,882.32,91.2
B018,B,banana,2021-06-03,THU,2.71,328,888.88,92.7
B018,B,banana,2021-06-04,FRI,2.71,327,886.17,94.5
B018,B,banana,2021-06-05,SAT,2.71,355,962.05,96.8
B018,B,banana,2021-06-06,SUN,2.71,354,959.34,95.1
B018,B,banana,2021-06-07,MON,,,,
B018,B,banana,2021-06-08,TUE,2.71,318,861.78,95.1
B018,B,banana,2021-06-09,WED,2.71,323,875.33,92.1
B018,B,banana,2021-06-10,THU,2.74,326,893.24,95.1
B018,B,banana,2021-06-11,FRI,2.74,318,871.32,93.9
B018,B,banana,2021-06-12,SAT,2.74,353,967.22,94
B018,B,banana,2021-06-13,SUN,2.74,356,975.44,88.8
B018,B,banana,2021-06-14,MON,,,,
B018,B,banana,2021-06-15,TUE,2.74,321,879.54,83.8
B018,B,banana,2021-06-16,WED,2.74,319,874.06,93.8
B018,B,banana,2021-06-17,THU,2.75,326,896.5,95.9
B018,B,banana,2021-06-18,FRI,2.75,326,896.5,97.3
B018,B,banana,2021-06-19,SAT,2.75,354,973.5,96.7
B018,B,banana,2021-06-20,SUN,2.75,352,968,96.7
B018,B,banana,2021-06-21,MON,,,,
B018,B,banana,2021-06-22,TUE,2.75,320,880,93.1
B018,B,banana,2021-06-23,WED,2.75,323,888.25,95.5
B018,B,banana,2021-06-24,THU,2.76,326,899.76,97
B018,B,banana,2021-06-25,FRI,2.76,324,894.24,97
B018,B,banana,2021-06-26,SAT,2.76,356,982.56,96
B018,B,banana,2021-06-27,SUN,2.76,351,968.76,98.1
B018,B,banana,2021-06-28,MON,,,,
B018,B,banana,2021-06-29,TUE,2.76,322,888.72,97.3
B018,B,banana,2021-06-30,WED,2.76,322,888.72,95
B018,B,banana,2021-07-01,THU,2.77,319,883.63,94.7
B018,B,banana,2021-07-02,FRI,2.77,320,886.4,98.1
B018,B,banana,2021-07-03,SAT,2.77,352,975.04,94.6
B018,B,banana,2021-07-04,SUN,2.77,354,980.58,95.9
B018,B,banana,2021-07-05,MON,,,,
B018,B,banana,2021-07-06,TUE,2.77,324,897.48,97.3
B018,B,banana,2021-07-07,WED,2.77,321,889.17,93.6
B018,B,banana,2021-07-08,THU,2.79,319,890.01,94.6
B018,B,banana,2021-07-09,FRI,2.79,321,895.59,96.7
B018,B,banana,2021-07-10,SAT,2.79,350,976.5,95.5
B018,B,banana,2021-07-11,SUN,2.79,354,987.66,98.4
B018,B,banana,2021-07-12,MON,,,,
B018,B,banana,2021-07-13,TUE,2.79,320,892.8,97
B018,B,banana,2021-07-14,WED,2.79,326,909.54,93.9
B018,B,banana,2021-07-15,THU,2.81,324,910.44,92.1
B018,B,banana,2021-07-16,FRI,2.81,320,899.2,95.4
B018,B,banana,2021-07-17,SAT,2.81,355,997.55,88.9
B018,B,banana,2021-07-18,SUN,2.81,352,989.12,93.2
B018,B,banana,2021-07-19,MON,,,,
B018,B,banana,2021-07-20,TUE,2.81,322,904.82,96.7
B018,B,banana,2021-07-21,WED,2.81,327,918.87,98.2
B018,B,banana,2021-07-22,THU,2.83,330,933.9,97.7
B018,B,banana,2021-07-23,FRI,2.83,328,928.24,95.4
B018,B,banana,2021-07-24,SAT,2.83,355,1004.65,93.3
B018,B,banana,2021-07-25,SUN,2.83,352,996.16,97.8
B018,B,banana,2021-07-26,MON,,,,
B018,B,banana,2021-07-27,TUE,2.83,327,925.41,95
B018,B,banana,2021-07-28,WED,2.83,329,931.07,96
B018,B,banana,2021-07-29,THU,2.82,318,896.76,91.3
B018,B,banana,2021-07-30,FRI,2.82,329,927.78,96.5
B018,B,banana,2021-07-31,SAT,2.82,355,1001.1,95.1
B018,B,banana,2021-08-01,SUN,2.82,351,989.82,96.5
B018,B,banana,2021-08-02,MON,,,,
B018,B,banana,2021-08-03,TUE,2.82,326,919.32,97.1
B018,B,banana,2021-08-04,WED,2.82,320,902.4,97.5
B018,B,banana,2021-08-05,THU,2.84,330,937.2,96.3
B018,B,banana,2021-08-06,FRI,2.84,329,934.36,94.5
B018,B,banana,2021-08-07,SAT,2.84,353,1002.52,96
B018,B,banana,2021-08-08,SUN,2.84,356,1011.04,91
B018,B,banana,2021-08-09,MON,,,,
B018,B,banana,2021-08-10,TUE,2.84,322,914.48,96.4
B018,B,banana,2021-08-11,WED,2.84,326,925.84,94.4
B018,B,banana,2021-08-12,THU,2.83,328,928.24,93
B018,B,banana,2021-08-13,FRI,2.83,330,933.9,91.8
B018,B,banana,2021-08-14,SAT,2.83,351,993.33,93.9
B018,B,banana,2021-08-15,SUN,2.83,355,1004.65,95.9
B018,B,banana,2021-08-16,MON,,,,
B018,B,banana,2021-08-17,TUE,2.83,320,905.6,95.3
B018,B,banana,2021-08-18,WED,2.83,320,905.6,95.2
B018,B,banana,2021-08-19,THU,2.85,318,906.3,93.9
B018,B,banana,2021-08-20,FRI,2.85,321,914.85,94.9
B018,B,banana,2021-08-21,SAT,2.85,356,1014.6,97.4
B018,B,banana,2021-08-22,SUN,2.85,351,1000.35,97.4
B018,B,banana,2021-08-23,MON,,,,
B018,B,banana,2021-08-24,TUE,2.85,327,931.95,97.5
B018,B,banana,2021-08-25,WED,2.85,325,926.25,93.2
B018,B,banana,2021-08-26,THU,2.87,320,918.4,92.8
B018,B,banana,2021-08-27,FRI,2.87,330,947.1,89.4
B018,B,banana,2021-08-28,SAT,2.87,352,1010.24,98
B018,B,banana,2021-08-29,SUN,2.87,351,1007.37,96.9
B018,B,banana,2021-08-30,MON,,,,
B018,B,banana,2021-08-31,TUE,2.87,330,947.1,95.2
B018,B,banana,2021-09-01,WED,2.87,327,938.49,91.1
B018,B,banana,2021-09-02,THU,2.87,323,927.01,91.4
B018,B,banana,2021-09-03,FRI,2.87,328,941.36,89.7
B018,B,banana,2021-09-04,SAT,2.87,356,1021.72,95
B018,B,banana,2021-09-05,SUN,2.87,353,1013.11,95.7
B018,B,banana,2021-09-06,MON,,,,
B018,B,banana,2021-09-07,TUE,2.87,323,927.01,98.6
B018,B,banana,2021-09-08,WED,2.87,321,921.27,93.2
B018,B,banana,2021-09-09,THU,2.86,329,940.94,98.6
B018,B,banana,2021-09-10,FRI,2.86,329,940.94,94.8
B018,B,banana,2021-09-11,SAT,2.86,354,1012.44,94.8
B018,B,banana,2021-09-12,SUN,2.86,355,1015.3,94
B018,B,banana,2021-09-13,MON,,,,
B018,B,banana,2021-09-14,TUE,2.86,327,935.22,97.8
B018,B,banana,2021-09-15,WED,2.86,320,915.2,96.2
B018,B,banana,2021-09-16,THU,2.86,325,929.5,97.9
B018,B,banana,2021-09-17,FRI,2.86,319,912.34,98.4
B018,B,banana,2021-09-18,SAT,2.86,355,1015.3,99.6
B018,B,banana,2021-09-19,SUN,2.86,354,1012.44,98.1
B018,B,banana,2021-09-20,MON,,,,
B018,B,banana,2021-09-21,TUE,2.86,321,918.06,98.2
B018,B,banana,2021-09-22,WED,2.86,328,938.08,98.3
B018,B,banana,2021-09-23,THU,2.86,323,923.78,93.9
B018,B,banana,2021-09-24,FRI,2.86,330,943.8,98.4
B018,B,banana,2021-09-25,SAT,2.86,354,1012.44,98.2
B018,B,banana,2021-09-26,SUN,2.86,355,1015.3,99.3
B018,B,banana,2021-09-27,MON,,,,
B018,B,banana,2021-09-28,TUE,2.86,325,929.5,97
B018,B,banana,2021-09-29,WED,2.86,319,912.34,97
B018,B,banana,2021-09-30,THU,2.87,327,938.49,95.8
B018,B,cherry,2021-04-01,THU,5.82,421,2450.22,96
B018,B,cherry,2021-04-02,FRI,5.82,407,2368.74,87
B018,B,cherry,2021-04-03,SAT,5.82,449,2613.18,90.3
B018,B,cherry,2021-04-04,SUN,5.82,452,2630.64,95.2
B018,B,cherry,2021-04-05,MON,,,,
B018,B,cherry,2021-04-06,TUE,5.82,407,2368.74,84.9
B018,B,cherry,2021-04-07,WED,5.82,416,2421.12,88.9
B018,B,cherry,2021-04-08,THU,5.82,410,2386.2,82.5
B018,B,cherry,2021-04-09,FRI,5.82,418,2432.76,95
B018,B,cherry,2021-04-10,SAT,5.82,450,2619,95
B018,B,cherry,2021-04-11,SUN,5.82,454,2642.28,92.9
B018,B,cherry,2021-04-12,MON,,,,
B018,B,cherry,2021-04-13,TUE,5.82,419,2438.58,80.8
B018,B,cherry,2021-04-14,WED,5.82,410,2386.2,81.9
B018,B,cherry,2021-04-15,THU,5.85,415,2427.75,93.2
B018,B,cherry,2021-04-16,FRI,5.85,416,2433.6,97.6
B018,B,cherry,2021-04-17,SAT,5.85,455,2661.75,85.6
B018,B,cherry,2021-04-18,SUN,5.85,453,2650.05,86.1
B018,B,cherry,2021-04-19,MON,,,,
B018,B,cherry,2021-04-20,TUE,5.85,418,2445.3,93.5
B018,B,cherry,2021-04-21,WED,5.85,407,2380.95,96.4
B018,B,cherry,2021-04-22,THU,5.87,420,2465.4,89.6
B018,B,cherry,2021-04-23,FRI,5.87,406,2383.22,97.6
B018,B,cherry,2021-04-24,SAT,5.87,448,2629.76,85.8
B018,B,cherry,2021-04-25,SUN,5.87,450,2641.5,94.9
B018,B,cherry,2021-04-26,MON,,,,
B018,B,cherry,2021-04-27,TUE,5.87,420,2465.4,90.6
B018,B,cherry,2021-04-28,WED,5.87,419,2459.53,92
B018,B,cherry,2021-04-29,THU,5.86,407,2385.02,87.4
B018,B,cherry,2021-04-30,FRI,5.86,407,2385.02,93.7
B018,B,cherry,2021-05-01,SAT,5.86,449,2631.14,95.8
B018,B,cherry,2021-05-02,SUN,5.86,453,2654.58,92.6
B018,B,cherry,2021-05-03,MON,,,,
B018,B,cherry,2021-05-04,TUE,5.86,407,2385.02,86.3
B018,B,cherry,2021-05-05,WED,5.86,415,2431.9,92.9
B018,B,cherry,2021-05-06,THU,5.85,415,2427.75,94.7
B018,B,cherry,2021-05-07,FRI,5.85,411,2404.35,86.6
B018,B,cherry,2021-05-08,SAT,5.85,453,2650.05,97.4
B018,B,cherry,2021-05-09,SUN,5.85,452,2644.2,90.2
B018,B,cherry,2021-05-10,MON,,,,
B018,B,cherry,2021-05-11,TUE,5.85,412,2410.2,97
B018,B,cherry,2021-05-12,WED,5.85,421,2462.85,91
B018,B,cherry,2021-05-13,THU,5.85,412,2410.2,96.4
B018,B,cherry,2021-05-14,FRI,5.85,408,2386.8,96.6
B018,B,cherry,2021-05-15,SAT,5.85,453,2650.05,96.2
B018,B,cherry,2021-05-16,SUN,5.85,450,2632.5,96.6
B018,B,cherry,2021-05-17,MON,,,,
B018,B,cherry,2021-05-18,TUE,5.85,408,2386.8,94.5
B018,B,cherry,2021-05-19,WED,5.85,414,2421.9,95.8
B018,B,cherry,2021-05-20,THU,5.87,420,2465.4,96
B018,B,cherry,2021-05-21,FRI,5.87,409,2400.83,92.8
B018,B,cherry,2021-05-22,SAT,5.87,452,2653.24,96
B018,B,cherry,2021-05-23,SUN,5.87,452,2653.24,95
B018,B,cherry,2021-05-24,MON,,,,
B018,B,cherry,2021-05-25,TUE,5.87,406,2383.22,94.2
B018,B,cherry,2021-05-26,WED,5.87,410,2406.7,94.6
B018,B,cherry,2021-05-27,THU,5.87,414,2430.18,96.6
B018,B,cherry,2021-05-28,FRI,5.87,406,2383.22,95.9
B018,B,cherry,2021-05-29,SAT,5.87,454,2664.98,88.9
B018,B,cherry,2021-05-30,SUN,5.87,451,2647.37,98.6
B018,B,cherry,2021-05-31,MON,,,,
B018,B,cherry,2021-06-01,TUE,5.87,420,2465.4,91.2
B018,B,cherry,2021-06-02,WED,5.87,413,2424.31,91.2
B018,B,cherry,2021-06-03,THU,5.87,413,2424.31,92.7
B018,B,cherry,2021-06-04,FRI,5.87,422,2477.14,94.5
B018,B,cherry,2021-06-05,SAT,5.87,451,2647.37,96.8
B018,B,cherry,2021-06-06,SUN,5.87,454,2664.98,95.1
B018,B,cherry,2021-06-07,MON,,,,
B018,B,cherry,2021-06-08,TUE,5.87,413,2424.31,95.1
B018,B,cherry,2021-06-09,WED,5.87,406,2383.22,92.1
B018,B,cherry,2021-06-10,THU,5.87,410,2406.7,95.1
B018,B,cherry,2021-06-11,FRI,5.87,414,2430.18,93.9
B018,B,cherry,2021-06-12,SAT,5.87,453,2659.11,94
B018,B,cherry,2021-06-13,SUN,5.87,448,2629.76,88.8
B018,B,cherry,2021-06-14,MON,,,,
B018,B,cherry,2021-06-15,TUE,5.87,406,2383.22,83.8
B018,B,cherry,2021-06-16,WED,5.87,407,2389.09,93.8
B018,B,cherry,2021-06-17,THU,5.86,417,2443.62,95.9
B018,B,cherry,2021-06-18,FRI,5.86,410,2402.6,97.3
B018,B,cherry,2021-06-19,SAT,5.86,453,2654.58,96.7
B018,B,cherry,2021-06-20,SUN,5.86,450,2637,96.7
B018,B,cherry,2021-06-21,MON,,,,
B018,B,cherry,2021-06-22,TUE,5.86,406,2379.16,93.1
B018,B,cherry,2021-06-23,WED,5.86,415,2431.9,95.5
B018,B,cherry,2021-06-24,THU,5.86,408,2390.88,97
B018,B,cherry,2021-06-25,FRI,5.86,420,2461.2,97
B018,B,cherry,2021-06-26,SAT,5.86,455,2666.3,96
B018,B,cherry,2021-06-27,SUN,5.86,449,2631.14,98.1
B018,B,cherry,2021-06-28,MON,,,,
B018,B,cherry,2021-06-29,TUE,5.86,407,2385.02,97.3
B018,B,cherry,2021-06-30,WED,5.86,414,2426.04,95
B018,B,cherry,2021-07-01,THU,5.86,412,2414.32,94.7
B018,B,cherry,2021-07-02,FRI,5.86,410,2402.6,98.1
B018,B,cherry,2021-07-03,SAT,5.86,452,2648.72,94.6
B018,B,cherry,2021-07-04,SUN,5.86,453,2654.58,95.9
B018,B,cherry,2021-07-05,MON,,,,
B018,B,cherry,2021-07-06,TUE,5.86,418,2449.48,97.3
B018,B,cherry,2021-07-07,WED,5.86,406,2379.16,93.6
B018,B,cherry,2021-07-08,THU,5.88,415,2440.2,94.6
B018,B,cherry,2021-07-09,FRI,5.88,420,2469.6,96.7
B018,B,cherry,2021-07-10,SAT,5.88,454,2669.52,95.5
B018,B,cherry,2021-07-11,SUN,5.88,450,2646,98.4
B018,B,cherry,2021-07-12,MON,,,,
B018,B,cherry,2021-07-13,TUE,5.88,419,2463.72,97
B018,B,cherry,2021-07-14,WED,5.88,422,2481.36,93.9
B018,B,cherry,2021-07-15,THU,5.88,421,2475.48,92.1
B018,B,cherry,2021-07-16,FRI,5.88,417,2451.96,95.4
B018,B,cherry,2021-07-17,SAT,5.88,454,2669.52,88.9
B018,B,cherry,2021-07-18,SUN,5.88,449,2640.12,93.2
B018,B,cherry,2021-07-19,MON,,,,
B018,B,cherry,2021-07-20,TUE,5.88,407,2393.16,96.7
B018,B,cherry,2021-07-21,WED,5.88,416,2446.08,98.2
B018,B,cherry,2021-07-22,THU,5.91,409,2417.19,97.7
B018,B,cherry,2021-07-23,FRI,5.91,422,2494.02,95.4
B018,B,cherry,2021-07-24,SAT,5.91,454,2683.14,93.3
B018,B,cherry,2021-07-25,SUN,5.91,454,2683.14,97.8
B018,B,cherry,2021-07-26,MON,,,,
B018,B,cherry,2021-07-27,TUE,5.91,419,2476.29,95
B018,B,cherry,2021-07-28,WED,5.91,410,2423.1,96
B018,B,cherry,2021-07-29,THU,5.92,408,2415.36,91.3
B018,B,cherry,2021-07-30,FRI,5.92,415,2456.8,96.5
B018,B,cherry,2021-07-31,SAT,5.92,447,2646.24,95.1
B018,B,cherry,2021-08-01,SUN,5.92,450,2664,96.5
B018,B,cherry,2021-08-02,MON,,,,
B018,B,cherry,2021-08-03,TUE,5.92,411,2433.12,97.1
B018,B,cherry,2021-08-04,WED,5.92,413,2444.96,97.5
B018,B,cherry,2021-08-05,THU,5.92,419,2480.48,96.3
B018,B,cherry,2021-08-06,FRI,5.92,416,2462.72,94.5
B018,B,cherry,2021-08-07,SAT,5.92,450,2664,96
B018,B,cherry,2021-08-08,SUN,5.92,451,2669.92,91
B018,B,cherry,2021-08-09,MON,,,,
B018,B,cherry,2021-08-10,TUE,5.92,417,2468.64,96.4
B018,B,cherry,2021-08-11,WED,5.92,410,2427.2,94.4
B018,B,cherry,2021-08-12,THU,5.93,419,2484.67,93
B018,B,cherry,2021-08-13,FRI,5.93,409,2425.37,91.8
B018,B,cherry,2021-08-14,SAT,5.93,447,2650.71,93.9
B018,B,cherry,2021-08-15,SUN,5.93,450,2668.5,95.9
B018,B,cherry,2021-08-16,MON,,,,
B018,B,cherry,2021-08-17,TUE,5.93,408,2419.44,95.3
B018,B,cherry,2021-08-18,WED,5.93,417,2472.81,95.2
B018,B,cherry,2021-08-19,THU,5.94,418,2482.92,93.9
B018,B,cherry,2021-08-20,FRI,5.94,410,2435.4,94.9
B018,B,cherry,2021-08-21,SAT,5.94,451,2678.94,97.4
B018,B,cherry,2021-08-22,SUN,5.94,452,2684.88,97.4
B018,B,cherry,2021-08-23,MON,,,,
B018,B,cherry,2021-08-24,TUE,5.94,419,2488.86,97.5
B018,B,cherry,2021-08-25,WED,5.94,414,2459.16,93.2
B018,B,cherry,2021-08-26,THU,5.96,415,2473.4,92.8
B018,B,cherry,2021-08-27,FRI,5.96,421,2509.16,89.4
B018,B,cherry,2021-08-28,SAT,5.96,449,2676.04,98
B018,B,cherry,2021-08-29,SUN,5.96,449,2676.04,96.9
B018,B,cherry,2021-08-30,MON,,,,
B018,B,cherry,2021-08-31,TUE,5.96,417,2485.32,95.2
B018,B,cherry,2021-09-01,WED,5.96,419,2497.24,91.1
B018,B,cherry,2021-09-02,THU,5.99,419,2509.81,91.4
B018,B,cherry,2021-09-03,FRI,5.99,418,2503.82,89.7
B018,B,cherry,2021-09-04,SAT,5.99,449,2689.51,95
B018,B,cherry,2021-09-05,SUN,5.99,448,2683.52,95.7
B018,B,cherry,2021-09-06,MON,,,,
B018,B,cherry,2021-09-07,TUE,5.99,409,2449.91,98.6
B018,B,cherry,2021-09-08,WED,5.99,409,2449.91,93.2
B018,B,cherry,2021-09-09,THU,6,417,2502,98.6
B018,B,cherry,2021-09-10,FRI,6,417,2502,94.8
B018,B,cherry,2021-09-11,SAT,6,448,2688,94.8
B018,B,cherry,2021-09-12,SUN,6,454,2724,94
B018,B,cherry,2021-09-13,MON,,,,
B018,B,cherry,2021-09-14,TUE,6,416,2496,97.8
B018,B,cherry,2021-09-15,WED,6,421,2526,96.2
B018,B,cherry,2021-09-16,THU,6.01,422,2536.22,97.9
B018,B,cherry,2021-09-17,FRI,6.01,419,2518.19,98.4
B018,B,cherry,2021-09-18,SAT,6.01,454,2728.54,99.6
B018,B,cherry,2021-09-19,SUN,6.01,447,2686.47,98.1
B018,B,cherry,2021-09-20,MON,,,,
B018,B,cherry,2021-09-21,TUE,6.01,420,2524.2,98.2
B018,B,cherry,2021-09-22,WED,6.01,417,2506.17,98.3
B018,B,cherry,2021-09-23,THU,6.01,408,2452.08,93.9
B018,B,cherry,2021-09-24,FRI,6.01,407,2446.07,98.4
B018,B,cherry,2021-09-25,SAT,6.01,447,2686.47,98.2
B018,B,cherry,2021-09-26,SUN,6.01,455,2734.55,99.3
B018,B,cherry,2021-09-27,MON,,,,
B018,B,cherry,2021-09-28,TUE,6.01,409,2458.09,97
B018,B,cherry,2021-09-29,WED,6.01,408,2452.08,97
B018,B,cherry,2021-09-30,THU,6.02,411,2474.22,95.8
B019,B,banana,2021-04-01,THU,2.99,455,1360.45,96
B019,B,banana,2021-04-02,FRI,2.99,450,1345.5,87
B019,B,banana,2021-04-03,SAT,2.99,486,1453.14,90.3
B019,B,banana,2021-04-04,SUN,2.99,486,1453.14,95.2
B019,B,banana,2021-04-05,MON,,,,
B019,B,banana,2021-04-06,TUE,2.99,443,1324.57,84.9
B019,B,banana,2021-04-07,WED,2.99,446,1333.54,88.9
B019,B,banana,2021-04-08,THU,3.01,444,1336.44,82.5
B019,B,banana,2021-04-09,FRI,3.01,457,1375.57,95
B019,B,banana,2021-04-10,SAT,3.01,485,1459.85,95
B019,B,banana,2021-04-11,SUN,3.01,493,1483.93,92.9
B019,B,banana,2021-04-12,MON,,,,
B019,B,banana,2021-04-13,TUE,3.01,450,1354.5,80.8
B019,B,banana,2021-04-14,WED,3.01,457,1375.57,81.9
B019,B,banana,2021-04-15,THU,3.04,456,1386.24,93.2
B019,B,banana,2021-04-16,FRI,3.04,442,1343.68,97.6
B019,B,banana,2021-04-17,SAT,3.04,494,1501.76,85.6
B019,B,banana,2021-04-18,SUN,3.04,487,1480.48,86.1
B019,B,banana,2021-04-19,MON,,,,
B019,B,banana,2021-04-20,TUE,3.04,451,1371.04,93.5
B019,B,banana,2021-04-21,WED,3.04,456,1386.24,96.4
B019,B,banana,2021-04-22,THU,3.06,450,1377,89.6
B019,B,banana,2021-04-23,FRI,3.06,447,1367.82,97.6
B019,B,banana,2021-04-24,SAT,3.06,486,1487.16,85.8
B019,B,banana,2021-04-25,SUN,3.06,489,1496.34,94.9
B019,B,banana,2021-04-26,MON,,,,
B019,B,banana,2021-04-27,TUE,3.06,443,1355.58,90.6
B019,B,banana,2021-04-28,WED,3.06,444,1358.64,92
B019,B,banana,2021-04-29,THU,3.06,441,1349.46,87.4
B019,B,banana,2021-04-30,FRI,3.06,449,1373.94,93.7
B019,B,banana,2021-05-01,SAT,3.06,490,1499.4,95.8
B019,B,banana,2021-05-02,SUN,3.06,493,1508.58,92.6
B019,B,banana,2021-05-03,MON,,,,
B019,B,banana,2021-05-04,TUE,3.06,447,1367.82,86.3
B019,B,banana,2021-05-05,WED,3.06,454,1389.24,92.9
B019,B,banana,2021-05-06,THU,3.07,457,1402.99,94.7
B019,B,banana,2021-05-07,FRI,3.07,454,1393.78,86.6
B019,B,banana,2021-05-08,SAT,3.07,487,1495.09,97.4
B019,B,banana,2021-05-09,SUN,3.07,488,1498.16,90.2
B019,B,banana,2021-05-10,MON,,,,
B019,B,banana,2021-05-11,TUE,3.07,441,1353.87,97
B019,B,banana,2021-05-12,WED,3.07,449,1378.43,91
B019,B,banana,2021-05-13,THU,3.1,449,1391.9,96.4
B019,B,banana,2021-05-14,FRI,3.1,452,1401.2,96.6
B019,B,banana,2021-05-15,SAT,3.1,493,1528.3,96.2
B019,B,banana,2021-05-16,SUN,3.1,489,1515.9,96.6
B019,B,banana,2021-05-17,MON,,,,
B019,B,banana,2021-05-18,TUE,3.1,452,1401.2,94.5
B019,B,banana,2021-05-19,WED,3.1,453,1404.3,95.8
B019,B,banana,2021-05-20,THU,3.12,456,1422.72,96
B019,B,banana,2021-05-21,FRI,3.12,450,1404,92.8
B019,B,banana,2021-05-22,SAT,3.12,486,1516.32,96
B019,B,banana,2021-05-23,SUN,3.12,488,1522.56,95
B019,B,banana,2021-05-24,MON,,,,
B019,B,banana,2021-05-25,TUE,3.12,448,1397.76,94.2
B019,B,banana,2021-05-26,WED,3.12,445,1388.4,94.6
B019,B,banana,2021-05-27,THU,3.14,451,1416.14,96.6
B019,B,banana,2021-05-28,FRI,3.14,454,1425.56,95.9
B019,B,banana,2021-05-29,SAT,3.14,488,1532.32,88.9
B019,B,banana,2021-05-30,SUN,3.14,491,1541.74,98.6
B019,B,banana,2021-05-31,MON,,,,
B019,B,banana,2021-06-01,TUE,3.14,453,1422.42,91.2
B019,B,banana,2021-06-02,WED,3.14,441,1384.74,91.2
B019,B,banana,2021-06-03,THU,3.15,453,1426.95,92.7
B019,B,banana,2021-06-04,FRI,3.15,443,1395.45,94.5
B019,B,banana,2021-06-05,SAT,3.15,486,1530.9,96.8
B019,B,banana,2021-06-06,SUN,3.15,488,1537.2,95.1
B019,B,banana,2021-06-07,MON,,,,
B019,B,banana,2021-06-08,TUE,3.15,450,1417.5,95.1
B019,B,banana,2021-06-09,WED,3.15,446,1404.9,92.1
B019,B,banana,2021-06-10,THU,3.15,441,1389.15,95.1
B019,B,banana,2021-06-11,FRI,3.15,451,1420.65,93.9
B019,B,banana,2021-06-12,SAT,3.15,490,1543.5,94
B019,B,banana,2021-06-13,SUN,3.15,487,1534.05,88.8
B019,B,banana,2021-06-14,MON,,,,
B019,B,banana,2021-06-15,TUE,3.15,448,1411.2,83.8
B019,B,banana,2021-06-16,WED,3.15,444,1398.6,93.8
B019,B,banana,2021-06-17,THU,3.15,440,1386,95.9
B019,B,banana,2021-06-18,FRI,3.15,442,1392.3,97.3
B019,B,banana,2021-06-19,SAT,3.15,492,1549.8,96.7
B019,B,banana,2021-06-20,SUN,3.15,487,1534.05,96.7
B019,B,banana,2021-06-21,MON,,,,
B019,B,banana,2021-06-22,TUE,3.15,449,1414.35,93.1
B019,B,banana,2021-06-23,WED,3.15,452,1423.8,95.5
B019,B,banana,2021-06-24,THU,3.17,444,1407.48,97
B019,B,banana,2021-06-25,FRI,3.17,444,1407.48,97
B019,B,banana,2021-06-26,SAT,3.17,485,1537.45,96
B019,B,banana,2021-06-27,SUN,3.17,493,1562.81,98.1
B019,B,banana,2021-06-28,MON,,,,
B019,B,banana,2021-06-29,TUE,3.17,448,1420.16,97.3
B019,B,banana,2021-06-30,WED,3.17,450,1426.5,95
B019,B,banana,2021-07-01,THU,3.19,455,1451.45,94.7
B019,B,banana,2021-07-02,FRI,3.19,449,1432.31,98.1
B019,B,banana,2021-07-03,SAT,3.19,491,1566.29,94.6
B019,B,banana,2021-07-04,SUN,3.19,493,1572.67,95.9
B019,B,banana,2021-07-05,MON,,,,
B019,B,banana,2021-07-06,TUE,3.19,450,1435.5,97.3
B019,B,banana,2021-07-07,WED,3.19,451,1438.69,93.6
B019,B,banana,2021-07-08,THU,3.21,457,1466.97,94.6
B019,B,banana,2021-07-09,FRI,3.21,458,1470.18,96.7
B019,B,banana,2021-07-10,SAT,3.21,490,1572.9,95.5
B019,B,banana,2021-07-11,SUN,3.21,492,1579.32,98.4
B019,B,banana,2021-07-12,MON,,,,
B019,B,banana,2021-07-13,TUE,3.21,442,1418.82,97
B019,B,banana,2021-07-14,WED,3.21,449,1441.29,93.9
B019,B,banana,2021-07-15,THU,3.23,453,1463.19,92.1
B019,B,banana,2021-07-16,FRI,3.23,450,1453.5,95.4
B019,B,banana,2021-07-17,SAT,3.23,486,1569.78,88.9
B019,B,banana,2021-07-18,SUN,3.23,486,1569.78,93.2
B019,B,banana,2021-07-19,MON,,,,
B019,B,banana,2021-07-20,TUE,3.23,455,1469.65,96.7
B019,B,banana,2021-07-21,WED,3.23,447,1443.81,98.2
B019,B,banana,2021-07-22,THU,3.22,456,1468.32,97.7
B019,B,banana,2021-07-23,FRI,3.22,455,1465.1,95.4
B019,B,banana,2021-07-24,SAT,3.22,490,1577.8,93.3
B019,B,banana,2021-07-25,SUN,3.22,485,1561.7,97.8
B019,B,banana,2021-07-26,MON,,,,
B019,B,banana,2021-07-27,TUE,3.22,453,1458.66,95
B019,B,banana,2021-07-28,WED,3.22,456,1468.32,96
B019,B,banana,2021-07-29,THU,3.24,457,1480.68,91.3
B019,B,banana,2021-07-30,FRI,3.24,457,1480.68,96.5
B019,B,banana,2021-07-31,SAT,3.24,485,1571.4,95.1
B019,B,banana,2021-08-01,SUN,3.24,488,1581.12,96.5
B019,B,banana,2021-08-02,MON,,,,
B019,B,banana,2021-08-03,TUE,3.24,444,1438.56,97.1
B019,B,banana,2021-08-04,WED,3.24,445,1441.8,97.5
B019,B,banana,2021-08-05,THU,3.25,448,1456,96.3
B019,B,banana,2021-08-06,FRI,3.25,457,1485.25,94.5
B019,B,banana,2021-08-07,SAT,3.25,492,1599,96
B019,B,banana,2021-08-08,SUN,3.25,491,1595.75,91
B019,B,banana,2021-08-09,MON,,,,
B019,B,banana,2021-08-10,TUE,3.25,445,1446.25,96.4
B019,B,banana,2021-08-11,WED,3.25,454,1475.5,94.4
B019,B,banana,2021-08-12,THU,3.27,447,1461.69,93
B019,B,banana,2021-08-13,FRI,3.27,448,1464.96,91.8
B019,B,banana,2021-08-14,SAT,3.27,486,1589.22,93.9
B019,B,banana,2021-08-15,SUN,3.27,490,1602.3,95.9
B019,B,banana,2021-08-16,MON,,,,
B019,B,banana,2021-08-17,TUE,3.27,447,1461.69,95.3
B019,B,banana,2021-08-18,WED,3.27,455,1487.85,95.2
B019,B,banana,2021-08-19,THU,3.29,454,1493.66,93.9
B019,B,banana,2021-08-20,FRI,3.29,456,1500.24,94.9
B019,B,banana,2021-08-21,SAT,3.29,487,1602.23,97.4
B019,B,banana,2021-08-22,SUN,3.29,492,1618.68,97.4
B019,B,banana,2021-08-23,MON,,,,
B019,B,banana,2021-08-24,TUE,3.29,452,1487.08,97.5
B019,B,banana,2021-08-25,WED,3.29,455,1496.95,93.2
B019,B,banana,2021-08-26,THU,3.3,452,1491.6,92.8
B019,B,banana,2021-08-27,FRI,3.3,451,1488.3,89.4
B019,B,banana,2021-08-28,SAT,3.3,490,1617,98
B019,B,banana,2021-08-29,SUN,3.3,490,1617,96.9
B019,B,banana,2021-08-30,MON,,,,
B019,B,banana,2021-08-31,TUE,3.3,451,1488.3,95.2
B019,B,banana,2021-09-01,WED,3.3,443,1461.9,91.1
B019,B,banana,2021-09-02,THU,3.31,450,1489.5,91.4
B019,B,banana,2021-09-03,FRI,3.31,448,1482.88,89.7
B019,B,banana,2021-09-04,SAT,3.31,488,1615.28,95
B019,B,banana,2021-09-05,SUN,3.31,486,1608.66,95.7
B019,B,banana,2021-09-06,MON,,,,
B019,B,banana,2021-09-07,TUE,3.31,443,1466.33,98.6
B019,B,banana,2021-09-08,WED,3.31,450,1489.5,93.2
B019,B,banana,2021-09-09,THU,3.31,454,1502.74,98.6
B019,B,banana,2021-09-10,FRI,3.31,449,1486.19,94.8
B019,B,banana,2021-09-11,SAT,3.31,490,1621.9,94.8
B019,B,banana,2021-09-12,SUN,3.31,486,1608.66,94
B019,B,banana,2021-09-13,MON,,,,
B019,B,banana,2021-09-14,TUE,3.31,454,1502.74,97.8
B019,B,banana,2021-09-15,WED,3.31,457,1512.67,96.2
B019,B,banana,2021-09-16,THU,3.31,448,1482.88,97.9
B019,B,banana,2021-09-17,FRI,3.31,444,1469.64,98.4
B019,B,banana,2021-09-18,SAT,3.31,492,1628.52,99.6
B019,B,banana,2021-09-19,SUN,3.31,490,1621.9,98.1
B019,B,banana,2021-09-20,MON,,,,
B019,B,banana,2021-09-21,TUE,3.31,449,1486.19,98.2
B019,B,banana,2021-09-22,WED,3.31,445,1472.95,98.3
B019,B,banana,2021-09-23,THU,3.32,450,1494,93.9
B019,B,banana,2021-09-24,FRI,3.32,443,1470.76,98.4
B019,B,banana,2021-09-25,SAT,3.32,486,1613.52,98.2
B019,B,banana,2021-09-26,SUN,3.32,486,1613.52,99.3
B019,B,banana,2021-09-27,MON,,,,
B019,B,banana,2021-09-28,TUE,3.32,449,1490.68,97
B019,B,banana,2021-09-29,WED,3.32,451,1497.32,97
B019,B,banana,2021-09-30,THU,3.35,448,1500.8,95.8
B019,B,cherry,2021-04-01,THU,5.32,468,2489.76,96
B019,B,cherry,2021-04-02,FRI,5.32,460,2447.2,87
B019,B,cherry,2021-04-03,SAT,5.32,510,2713.2,90.3
B019,B,cherry,2021-04-04,SUN,5.32,503,2675.96,95.2
B019,B,cherry,2021-04-05,MON,,,,
B019,B,cherry,2021-04-06,TUE,5.32,469,2495.08,84.9
B019,B,cherry,2021-04-07,WED,5.32,467,2484.44,88.9
B019,B,cherry,2021-04-08,THU,5.33,472,2515.76,82.5
B019,B,cherry,2021-04-09,FRI,5.33,457,2435.81,95
B019,B,cherry,2021-04-10,SAT,5.33,510,2718.3,95
B019,B,cherry,2021-04-11,SUN,5.33,507,2702.31,92.9
B019,B,cherry,2021-04-12,MON,,,,
B019,B,cherry,2021-04-13,TUE,5.33,467,2489.11,80.8
B019,B,cherry,2021-04-14,WED,5.33,469,2499.77,81.9
B019,B,cherry,2021-04-15,THU,5.34,455,2429.7,93.2
B019,B,cherry,2021-04-16,FRI,5.34,460,2456.4,97.6
B019,B,cherry,2021-04-17,SAT,5.34,507,2707.38,85.6
B019,B,cherry,2021-04-18,SUN,5.34,506,2702.04,86.1
B019,B,cherry,2021-04-19,MON,,,,
B019,B,cherry,2021-04-20,TUE,5.34,465,2483.1,93.5
B019,B,cherry,2021-04-21,WED,5.34,470,2509.8,96.4
B019,B,cherry,2021-04-22,THU,5.33,461,2457.13,89.6
B019,B,cherry,2021-04-23,FRI,5.33,465,2478.45,97.6
B019,B,cherry,2021-04-24,SAT,5.33,503,2680.99,85.8
B019,B,cherry,2021-04-25,SUN,5.33,508,2707.64,94.9
B019,B,cherry,2021-04-26,MON,,,,
B019,B,cherry,2021-04-27,TUE,5.33,461,2457.13,90.6
B019,B,cherry,2021-04-28,WED,5.33,457,2435.81,92
B019,B,cherry,2021-04-29,THU,5.33,471,2510.43,87.4
B019,B,cherry,2021-04-30,FRI,5.33,462,2462.46,93.7
B019,B,cherry,2021-05-01,SAT,5.33,506,2696.98,95.8
B019,B,cherry,2021-05-02,SUN,5.33,506,2696.98,92.6
B019,B,cherry,2021-05-03,MON,,,,
B019,B,cherry,2021-05-04,TUE,5.33,468,2494.44,86.3
B019,B,cherry,2021-05-05,WED,5.33,467,2489.11,92.9
B019,B,cherry,2021-05-06,THU,5.33,467,2489.11,94.7
B019,B,cherry,2021-05-07,FRI,5.33,464,2473.12,86.6
B019,B,cherry,2021-05-08,SAT,5.33,504,2686.32,97.4
B019,B,cherry,2021-05-09,SUN,5.33,505,2691.65,90.2
B019,B,cherry,2021-05-10,MON,,,,
B019,B,cherry,2021-05-11,TUE,5.33,463,2467.79,97
B019,B,cherry,2021-05-12,WED,5.33,459,2446.47,91
B019,B,cherry,2021-05-13,THU,5.34,468,2499.12,96.4
B019,B,cherry,2021-05-14,FRI,5.34,461,2461.74,96.6
B019,B,cherry,2021-05-15,SAT,5.34,507,2707.38,96.2
B019,B,cherry,2021-05-16,SUN,5.34,509,2718.06,96.6
B019,B,cherry,2021-05-17,MON,,,,
B019,B,cherry,2021-05-18,TUE,5.34,459,2451.06,94.5
B019,B,cherry,2021-05-19,WED,5.34,470,2509.8,95.8
B019,B,cherry,2021-05-20,THU,5.34,457,2440.38,96
B019,B,cherry,2021-05-21,FRI,5.34,471,2515.14,92.8
B019,B,cherry,2021-05-22,SAT,5.34,505,2696.7,96
B019,B,cherry,2021-05-23,SUN,5.34,502,2680.68,95
B019,B,cherry,2021-05-24,MON,,,,
B019,B,cherry,2021-05-25,TUE,5.34,473,2525.82,94.2
B019,B,cherry,2021-05-26,WED,5.34,456,2435.04,94.6
B019,B,cherry,2021-05-27,THU,5.35,469,2509.15,96.6
B019,B,cherry,2021-05-28,FRI,5.35,470,2514.5,95.9
B019,B,cherry,2021-05-29,SAT,5.35,504,2696.4,88.9
B019,B,cherry,2021-05-30,SUN,5.35,508,2717.8,98.6
B019,B,cherry,2021-05-31,MON,,,,
B019,B,cherry,2021-06-01,TUE,5.35,458,2450.3,91.2
B019,B,cherry,2021-06-02,WED,5.35,460,2461,91.2
B019,B,cherry,2021-06-03,THU,5.37,455,2443.35,92.7
B019,B,cherry,2021-06-04,FRI,5.37,460,2470.2,94.5
B019,B,cherry,2021-06-05,SAT,5.37,503,2701.11,96.8
B019,B,cherry,2021-06-06,SUN,5.37,501,2690.37,95.1
B019,B,cherry,2021-06-07,MON,,,,
B019,B,cherry,2021-06-08,TUE,5.37,465,2497.05,95.1
B019,B,cherry,2021-06-09,WED,5.37,467,2507.79,92.1
B019,B,cherry,2021-06-10,THU,5.37,458,2459.46,95.1
B019,B,cherry,2021-06-11,FRI,5.37,470,2523.9,93.9
B019,B,cherry,2021-06-12,SAT,5.37,502,2695.74,94
B019,B,cherry,2021-06-13,SUN,5.37,502,2695.74,88.8
B019,B,cherry,2021-06-14,MON,,,,
B019,B,cherry,2021-06-15,TUE,5.37,467,2507.79,83.8
B019,B,cherry,2021-06-16,WED,5.37,458,2459.46,93.8
B019,B,cherry,2021-06-17,THU,5.39,470,2533.3,95.9
B019,B,cherry,2021-06-18,FRI,5.39,464,2500.96,97.3
B019,B,cherry,2021-06-19,SAT,5.39,504,2716.56,96.7
B019,B,cherry,2021-06-20,SUN,5.39,502,2705.78,96.7
B019,B,cherry,2021-06-21,MON,,,,
B019,B,cherry,2021-06-22,TUE,5.39,456,2457.84,93.1
B019,B,cherry,2021-06-23,WED,5.39,462,2490.18,95.5
B019,B,cherry,2021-06-24,THU,5.4,473,2554.2,97
B019,B,cherry,2021-06-25,FRI,5.4,463,2500.2,97
B019,B,cherry,2021-06-26,SAT,5.4,504,2721.6,96
B019,B,cherry,2021-06-27,SUN,5.4,509,2748.6,98.1
B019,B,cherry,2021-06-28,MON,,,,
B019,B,cherry,2021-06-29,TUE,5.4,466,2516.4,97.3
B019,B,cherry,2021-06-30,WED,5.4,466,2516.4,95
B019,B,cherry,2021-07-01,THU,5.43,468,2541.24,94.7
B019,B,cherry,2021-07-02,FRI,5.43,457,2481.51,98.1
B019,B,cherry,2021-07-03,SAT,5.43,509,2763.87,94.6
B019,B,cherry,2021-07-04,SUN,5.43,502,2725.86,95.9
B019,B,cherry,2021-07-05,MON,,,,
B019,B,cherry,2021-07-06,TUE,5.43,470,2552.1,97.3
B019,B,cherry,2021-07-07,WED,5.43,457,2481.51,93.6
B019,B,cherry,2021-07-08,THU,5.42,460,2493.2,94.6
B019,B,cherry,2021-07-09,FRI,5.42,455,2466.1,96.7
B019,B,cherry,2021-07-10,SAT,5.42,505,2737.1,95.5
B019,B,cherry,2021-07-11,SUN,5.42,507,2747.94,98.4
B019,B,cherry,2021-07-12,MON,,,,
B019,B,cherry,2021-07-13,TUE,5.42,473,2563.66,97
B019,B,cherry,2021-07-14,WED,5.42,468,2536.56,93.9
B019,B,cherry,2021-07-15,THU,5.45,460,2507,92.1
B019,B,cherry,2021-07-16,FRI,5.45,456,2485.2,95.4
B019,B,cherry,2021-07-17,SAT,5.45,506,2757.7,88.9
B019,B,cherry,2021-07-18,SUN,5.45,502,2735.9,93.2
B019,B,cherry,2021-07-19,MON,,,,
B019,B,cherry,2021-07-20,TUE,5.45,473,2577.85,96.7
B019,B,cherry,2021-07-21,WED,5.45,463,2523.35,98.2
B019,B,cherry,2021-07-22,THU,5.46,472,2577.12,97.7
B019,B,cherry,2021-07-23,FRI,5.46,468,2555.28,95.4
B019,B,cherry,2021-07-24,SAT,5.46,505,2757.3,93.3
B019,B,cherry,2021-07-25,SUN,5.46,503,2746.38,97.8
B019,B,cherry,2021-07-26,MON,,,,
B019,B,cherry,2021-07-27,TUE,5.46,471,2571.66,95
B019,B,cherry,2021-07-28,WED,5.46,461,2517.06,96
B019,B,cherry,2021-07-29,THU,5.47,457,2499.79,91.3
B019,B,cherry,2021-07-30,FRI,5.47,466,2549.02,96.5
B019,B,cherry,2021-07-31,SAT,5.47,504,2756.88,95.1
B019,B,cherry,2021-08-01,SUN,5.47,510,2789.7,96.5
B019,B,cherry,2021-08-02,MON,,,,
B019,B,cherry,2021-08-03,TUE,5.47,469,2565.43,97.1
B019,B,cherry,2021-08-04,WED,5.47,467,2554.49,97.5
B019,B,cherry,2021-08-05,THU,5.48,458,2509.84,96.3
B019,B,cherry,2021-08-06,FRI,5.48,469,2570.12,94.5
B019,B,cherry,2021-08-07,SAT,5.48,504,2761.92,96
B019,B,cherry,2021-08-08,SUN,5.48,505,2767.4,91
B019,B,cherry,2021-08-09,MON,,,,
B019,B,cherry,2021-08-10,TUE,5.48,465,2548.2,96.4
B019,B,cherry,2021-08-11,WED,5.48,461,2526.28,94.4
B019,B,cherry,2021-08-12,THU,5.5,471,2590.5,93
B019,B,cherry,2021-08-13,FRI,5.5,460,2530,91.8
B019,B,cherry,2021-08-14,SAT,5.5,502,2761,93.9
B019,B,cherry,2021-08-15,SUN,5.5,503,2766.5,95.9
B019,B,cherry,2021-08-16,MON,,,,
B019,B,cherry,2021-08-17,TUE,5.5,460,2530,95.3
B019,B,cherry,2021-08-18,WED,5.5,456,2508,95.2
B019,B,cherry,2021-08-19,THU,5.5,465,2557.5,93.9
B019,B,cherry,2021-08-20,FRI,5.5,461,2535.5,94.9
B019,B,cherry,2021-08-21,SAT,5.5,507,2788.5,97.4
B019,B,cherry,2021-08-22,SUN,5.5,505,2777.5,97.4
B019,B,cherry,2021-08-23,MON,,,,
B019,B,cherry,2021-08-24,TUE,5.5,463,2546.5,97.5
B019,B,cherry,2021-08-25,WED,5.5,463,2546.5,93.2
B019,B,cherry,2021-08-26,THU,5.5,470,2585,92.8
B019,B,cherry,2021-08-27,FRI,5.5,467,2568.5,89.4
B019,B,cherry,2021-08-28,SAT,5.5,502,2761,98
B019,B,cherry,2021-08-29,SUN,5.5,506,2783,96.9
B019,B,cherry,2021-08-30,MON,,,,
B019,B,cherry,2021-08-31,TUE,5.5,470,2585,95.2
B019,B,cherry,2021-09-01,WED,5.5,459,2524.5,91.1
B019,B,cherry,2021-09-02,THU,5.49,464,2547.36,91.4
B019,B,cherry,2021-09-03,FRI,5.49,456,2503.44,89.7
B019,B,cherry,2021-09-04,SAT,5.49,503,2761.47,95
B019,B,cherry,2021-09-05,SUN,5.49,503,2761.47,95.7
B019,B,cherry,2021-09-06,MON,,,,
B019,B,cherry,2021-09-07,TUE,5.49,473,2596.77,98.6
B019,B,cherry,2021-09-08,WED,5.49,468,2569.32,93.2
B019,B,cherry,2021-09-09,THU,5.5,462,2541,98.6
B019,B,cherry,2021-09-10,FRI,5.5,464,2552,94.8
B019,B,cherry,2021-09-11,SAT,5.5,506,2783,94.8
B019,B,cherry,2021-09-12,SUN,5.5,504,2772,94
B019,B,cherry,2021-09-13,MON,,,,
B019,B,cherry,2021-09-14,TUE,5.5,471,2590.5,97.8
B019,B,cherry,2021-09-15,WED,5.5,457,2513.5,96.2
B019,B,cherry,2021-09-16,THU,5.49,467,2563.83,97.9
B019,B,cherry,2021-09-17,FRI,5.49,465,2552.85,98.4
B019,B,cherry,2021-09-18,SAT,5.49,509,2794.41,99.6
B019,B,cherry,2021-09-19,SUN,5.49,510,2799.9,98.1
B019,B,cherry,2021-09-20,MON,,,,
B019,B,cherry,2021-09-21,TUE,5.49,471,2585.79,98.2
B019,B,cherry,2021-09-22,WED,5.49,464,2547.36,98.3
B019,B,cherry,2021-09-23,THU,5.5,472,2596,93.9
B019,B,cherry,2021-09-24,FRI,5.5,457,2513.5,98.4
B019,B,cherry,2021-09-25,SAT,5.5,501,2755.5,98.2
B019,B,cherry,2021-09-26,SUN,5.5,501,2755.5,99.3
B019,B,cherry,2021-09-27,MON,,,,
B019,B,cherry,2021-09-28,TUE,5.5,464,2552,97
B019,B,cherry,2021-09-29,WED,5.5,466,2563,97
B019,B,cherry,2021-09-30,THU,5.52,461,2544.72,95.8
B020,B,apple,2021-04-01,THU,0.84,369,309.96,96
B020,B,apple,2021-04-02,FRI,0.84,372,312.48,87
B020,B,apple,2021-04-03,SAT,0.84,403,338.52,90.3
B020,B,apple,2021-04-04,SUN,0.84,408,342.72,95.2
B020,B,apple,2021-04-05,MON,,,,
B020,B,apple,2021-04-06,TUE,0.84,377,316.68,84.9
B020,B,apple,2021-04-07,WED,0.84,365,306.6,88.9
B020,B,apple,2021-04-08,THU,0.86,369,317.34,82.5
B020,B,apple,2021-04-09,FRI,0.86,375,322.5,95
B020,B,apple,2021-04-10,SAT,0.86,408,350.88,95
B020,B,apple,2021-04-11,SUN,0.86,406,349.16,92.9
B020,B,apple,2021-04-12,MON,,,,
B020,B,apple,2021-04-13,TUE,0.86,369,317.34,80.8
B020,B,apple,2021-04-14,WED,0.86,377,324.22,81.9
B020,B,apple,2021-04-15,THU,0.85,373,317.05,93.2
B020,B,apple,2021-04-16,FRI,0.85,374,317.9,97.6
B020,B,apple,2021-04-17,SAT,0.85,404,343.4,85.6
B020,B,apple,2021-04-18,SUN,0.85,403,342.55,86.1
B020,B,apple,2021-04-19,MON,,,,
B020,B,apple,2021-04-20,TUE,0.85,378,321.3,93.5
B020,B,apple,2021-04-21,WED,0.85,371,315.35,96.4
B020,B,apple,2021-04-22,THU,0.84,367,308.28,89.6
B020,B,apple,2021-04-23,FRI,0.84,373,313.32,97.6
B020,B,apple,2021-04-24,SAT,0.84,405,340.2,85.8
B020,B,apple,2021-04-25,SUN,0.84,408,342.72,94.9
B020,B,apple,2021-04-26,MON,,,,
B020,B,apple,2021-04-27,TUE,0.84,369,309.96,90.6
B020,B,apple,2021-04-28,WED,0.84,377,316.68,92
B020,B,apple,2021-04-29,THU,0.86,375,322.5,87.4
B020,B,apple,2021-04-30,FRI,0.86,376,323.36,93.7
B020,B,apple,2021-05-01,SAT,0.86,403,346.58,95.8
B020,B,apple,2021-05-02,SUN,0.86,403,346.58,92.6
B020,B,apple,2021-05-03,MON,,,,
B020,B,apple,2021-05-04,TUE,0.86,377,324.22,86.3
B020,B,apple,2021-05-05,WED,0.86,369,317.34,92.9
B020,B,apple,2021-05-06,THU,0.86,369,317.34,94.7
B020,B,apple,2021-05-07,FRI,0.86,373,320.78,86.6
B020,B,apple,2021-05-08,SAT,0.86,407,350.02,97.4
B020,B,apple,2021-05-09,SUN,0.86,404,347.44,90.2
B020,B,apple,2021-05-10,MON,,,,
B020,B,apple,2021-05-11,TUE,0.86,374,321.64,97
B020,B,apple,2021-05-12,WED,0.86,370,318.2,91
B020,B,apple,2021-05-13,THU,0.85,367,311.95,96.4
B020,B,apple,2021-05-14,FRI,0.85,376,319.6,96.6
B020,B,apple,2021-05-15,SAT,0.85,404,343.4,96.2
B020,B,apple,2021-05-16,SUN,0.85,403,342.55,96.6
B020,B,apple,2021-05-17,MON,,,,
B020,B,apple,2021-05-18,TUE,0.85,373,317.05,94.5
B020,B,apple,2021-05-19,WED,0.85,368,312.8,95.8
B020,B,apple,2021-05-20,THU,0.86,369,317.34,96
B020,B,apple,2021-05-21,FRI,0.86,379,325.94,92.8
B020,B,apple,2021-05-22,SAT,0.86,408,350.88,96
B020,B,apple,2021-05-23,SUN,0.86,404,347.44,95
B020,B,apple,2021-05-24,MON,,,,
B020,B,apple,2021-05-25,TUE,0.86,376,323.36,94.2
B020,B,apple,2021-05-26,WED,0.86,368,316.48,94.6
B020,B,apple,2021-05-27,THU,0.86,373,320.78,96.6
B020,B,apple,2021-05-28,FRI,0.86,376,323.36,95.9
B020,B,apple,2021-05-29,SAT,0.86,406,349.16,88.9
B020,B,apple,2021-05-30,SUN,0.86,404,347.44,98.6
B020,B,apple,2021-05-31,MON,,,,
B020,B,apple,2021-06-01,TUE,0.86,379,325.94,91.2
B020,B,apple,2021-06-02,WED,0.86,371,319.06,91.2
B020,B,apple,2021-06-03,THU,0.87,378,328.86,92.7
B020,B,apple,2021-06-04,FRI,0.87,374,325.38,94.5
B020,B,apple,2021-06-05,SAT,0.87,403,350.61,96.8
B020,B,apple,2021-06-06,SUN,0.87,404,351.48,95.1
B020,B,apple,2021-06-07,MON,,,,
B020,B,apple,2021-06-08,TUE,0.87,374,325.38,95.1
B020,B,apple,2021-06-09,WED,0.87,369,321.03,92.1
B020,B,apple,2021-06-10,THU,0.9,367,330.3,95.1
B020,B,apple,2021-06-11,FRI,0.9,367,330.3,93.9
B020,B,apple,2021-06-12,SAT,0.9,409,368.1,94
B020,B,apple,2021-06-13,SUN,0.9,409,368.1,88.8
B020,B,apple,2021-06-14,MON,,,,
B020,B,apple,2021-06-15,TUE,0.9,365,328.5,83.8
B020,B,apple,2021-06-16,WED,0.9,377,339.3,93.8
B020,B,apple,2021-06-17,THU,0.92,375,345,95.9
B020,B,apple,2021-06-18,FRI,0.92,377,346.84,97.3
B020,B,apple,2021-06-19,SAT,0.92,406,373.52,96.7
B020,B,apple,2021-06-20,SUN,0.92,404,371.68,96.7
B020,B,apple,2021-06-21,MON,,,,
B020,B,apple,2021-06-22,TUE,0.92,375,345,93.1
B020,B,apple,2021-06-23,WED,0.92,370,340.4,95.5
B020,B,apple,2021-06-24,THU,0.92,365,335.8,97
B020,B,apple,2021-06-25,FRI,0.92,378,347.76,97
B020,B,apple,2021-06-26,SAT,0.92,408,375.36,96
B020,B,apple,2021-06-27,SUN,0.92,409,376.28,98.1
B020,B,apple,2021-06-28,MON,,,,
B020,B,apple,2021-06-29,TUE,0.92,373,343.16,97.3
B020,B,apple,2021-06-30,WED,0.92,367,337.64,95
B020,B,apple,2021-07-01,THU,0.95,376,357.2,94.7
B020,B,apple,2021-07-02,FRI,0.95,378,359.1,98.1
B020,B,apple,2021-07-03,SAT,0.95,402,381.9,94.6
B020,B,apple,2021-07-04,SUN,0.95,406,385.7,95.9
B020,B,apple,2021-07-05,MON,,,,
B020,B,apple,2021-07-06,TUE,0.95,377,358.15,97.3
B020,B,apple,2021-07-07,WED,0.95,369,350.55,93.6
B020,B,apple,2021-07-08,THU,0.97,373,361.81,94.6
B020,B,apple,2021-07-09,FRI,0.97,368,356.96,96.7
B020,B,apple,2021-07-10,SAT,0.97,408,395.76,95.5
B020,B,apple,2021-07-11,SUN,0.97,406,393.82,98.4
B020,B,apple,2021-07-12,MON,,,,
B020,B,apple,2021-07-13,TUE,0.97,378,366.66,97
B020,B,apple,2021-07-14,WED,0.97,366,355.02,93.9
B020,B,apple,2021-07-15,THU,0.98,378,370.44,92.1
B020,B,apple,2021-07-16,FRI,0.98,372,364.56,95.4
B020,B,apple,2021-07-17,SAT,0.98,403,394.94,88.9
B020,B,apple,2021-07-18,SUN,0.98,404,395.92,93.2
B020,B,apple,2021-07-19,MON,,,,
B020,B,apple,2021-07-20,TUE,0.98,377,369.46,96.7
B020,B,apple,2021-07-21,WED,0.98,368,360.64,98.2
B020,B,apple,2021-07-22,THU,0.97,378,366.66,97.7
B020,B,apple,2021-07-23,FRI,0.97,370,358.9,95.4
B020,B,apple,2021-07-24,SAT,0.97,404,391.88,93.3
B020,B,apple,2021-07-25,SUN,0.97,407,394.79,97.8
B020,B,apple,2021-07-26,MON,,,,
B020,B,apple,2021-07-27,TUE,0.97,371,359.87,95
B020,B,apple,2021-07-28,WED,0.97,369,357.93,96
B020,B,apple,2021-07-29,THU,0.98,365,357.7,91.3
B020,B,apple,2021-07-30,FRI,0.98,365,357.7,96.5
B020,B,apple,2021-07-31,SAT,0.98,408,399.84,95.1
B020,B,apple,2021-08-01,SUN,0.98,408,399.84,96.5
B020,B,apple,2021-08-02,MON,,,,
B020,B,apple,2021-08-03,TUE,0.98,377,369.46,97.1
B020,B,apple,2021-08-04,WED,0.98,368,360.64,97.5
B020,B,apple,2021-08-05,THU,1,378,378,96.3
B020,B,apple,2021-08-06,FRI,1,378,378,94.5
B020,B,apple,2021-08-07,SAT,1,405,405,96
B020,B,apple,2021-08-08,SUN,1,407,407,91
B020,B,apple,2021-08-09,MON,,,,
B020,B,apple,2021-08-10,TUE,1,365,365,96.4
B020,B,apple,2021-08-11,WED,1,367,367,94.4
B020,B,apple,2021-08-12,THU,1.02,372,379.44,93
B020,B,apple,2021-08-13,FRI,1.02,379,386.58,91.8
B020,B,apple,2021-08-14,SAT,1.02,406,414.12,93.9
B020,B,apple,2021-08-15,SUN,1.02,404,412.08,95.9
B020,B,apple,2021-08-16,MON,,,,
B020,B,apple,2021-08-17,TUE,1.02,366,373.32,95.3
B020,B,apple,2021-08-18,WED,1.02,373,380.46,95.2
B020,B,apple,2021-08-19,THU,1.02,375,382.5,93.9
B020,B,apple,2021-08-20,FRI,1.02,372,379.44,94.9
B020,B,apple,2021-08-21,SAT,1.02,407,415.14,97.4
B020,B,apple,2021-08-22,SUN,1.02,409,417.18,97.4
B020,B,apple,2021-08-23,MON,,,,
B020,B,apple,2021-08-24,TUE,1.02,365,372.3,97.5
B020,B,apple,2021-08-25,WED,1.02,373,380.46,93.2
B020,B,apple,2021-08-26,THU,1.03,365,375.95,92.8
B020,B,apple,2021-08-27,FRI,1.03,378,389.34,89.4
B020,B,apple,2021-08-28,SAT,1.03,407,419.21,98
B020,B,apple,2021-08-29,SUN,1.03,405,417.15,96.9
B020,B,apple,2021-08-30,MON,,,,
B020,B,apple,2021-08-31,TUE,1.03,371,382.13,95.2
B020,B,apple,2021-09-01,WED,1.03,365,375.95,91.1
B020,B,apple,2021-09-02,THU,1.04,379,394.16,91.4
B020,B,apple,2021-09-03,FRI,1.04,373,387.92,89.7
B020,B,apple,2021-09-04,SAT,1.04,406,422.24,95
B020,B,apple,2021-09-05,SUN,1.04,403,419.12,95.7
B020,B,apple,2021-09-06,MON,,,,
B020,B,apple,2021-09-07,TUE,1.04,368,382.72,98.6
B020,B,apple,2021-09-08,WED,1.04,365,379.6,93.2
B020,B,apple,2021-09-09,THU,1.05,366,384.3,98.6
B020,B,apple,2021-09-10,FRI,1.05,377,395.85,94.8
B020,B,apple,2021-09-11,SAT,1.05,404,424.2,94.8
B020,B,apple,2021-09-12,SUN,1.05,403,423.15,94
B020,B,apple,2021-09-13,MON,,,,
B020,B,apple,2021-09-14,TUE,1.05,365,383.25,97.8
B020,B,apple,2021-09-15,WED,1.05,368,386.4,96.2
B020,B,apple,2021-09-16,THU,1.06,367,389.02,97.9
B020,B,apple,2021-09-17,FRI,1.06,367,389.02,98.4
B020,B,apple,2021-09-18,SAT,1.06,403,427.18,99.6
B020,B,apple,2021-09-19,SUN,1.06,407,431.42,98.1
B020,B,apple,2021-09-20,MON,,,,
B020,B,apple,2021-09-21,TUE,1.06,374,396.44,98.2
B020,B,apple,2021-09-22,WED,1.06,369,391.14,98.3
B020,B,apple,2021-09-23,THU,1.07,367,392.69,93.9
B020,B,apple,2021-09-24,FRI,1.07,375,401.25,98.4
B020,B,apple,2021-09-25,SAT,1.07,402,430.14,98.2
B020,B,apple,2021-09-26,SUN,1.07,405,433.35,99.3
B020,B,apple,2021-09-27,MON,,,,
B020,B,apple,2021-09-28,TUE,1.07,370,395.9,97
B020,B,apple,2021-09-29,WED,1.07,374,400.18,97
B020,B,apple,2021-09-30,THU,1.07,378,404.46,95.8
B020,B,banana,2021-04-01,THU,2.31,431,995.61,96
B020,B,banana,2021-04-02,FRI,2.31,428,988.68,87
B020,B,banana,2021-04-03,SAT,2.31,462,1067.22,90.3
B020,B,banana,2021-04-04,SUN,2.31,466,1076.46,95.2
B020,B,banana,2021-04-05,MON,,,,
B020,B,banana,2021-04-06,TUE,2.31,420,970.2,84.9
B020,B,banana,2021-04-07,WED,2.31,432,997.92,88.9
B020,B,banana,2021-04-08,THU,2.31,435,1004.85,82.5
B020,B,banana,2021-04-09,FRI,2.31,422,974.82,95
B020,B,banana,2021-04-10,SAT,2.31,463,1069.53,95
B020,B,banana,2021-04-11,SUN,2.31,463,1069.53,92.9
B020,B,banana,2021-04-12,MON,,,,
B020,B,banana,2021-04-13,TUE,2.31,419,967.89,80.8
B020,B,banana,2021-04-14,WED,2.31,434,1002.54,81.9
B020,B,banana,2021-04-15,THU,2.32,431,999.92,93.2
B020,B,banana,2021-04-16,FRI,2.32,424,983.68,97.6
B020,B,banana,2021-04-17,SAT,2.32,464,1076.48,85.6
B020,B,banana,2021-04-18,SUN,2.32,464,1076.48,86.1
B020,B,banana,2021-04-19,MON,,,,
B020,B,banana,2021-04-20,TUE,2.32,434,1006.88,93.5
B020,B,banana,2021-04-21,WED,2.32,425,986,96.4
B020,B,banana,2021-04-22,THU,2.34,435,1017.9,89.6
B020,B,banana,2021-04-23,FRI,2.34,428,1001.52,97.6
B020,B,banana,2021-04-24,SAT,2.34,469,1097.46,85.8
B020,B,banana,2021-04-25,SUN,2.34,469,1097.46,94.9
B020,B,banana,2021-04-26,MON,,,,
B020,B,banana,2021-04-27,TUE,2.34,429,1003.86,90.6
B020,B,banana,2021-04-28,WED,2.34,424,992.16,92
B020,B,banana,2021-04-29,THU,2.36,422,995.92,87.4
B020,B,banana,2021-04-30,FRI,2.36,435,1026.6,93.7
B020,B,banana,2021-05-01,SAT,2.36,469,1106.84,95.8
B020,B,banana,2021-05-02,SUN,2.36,468,1104.48,92.6
B020,B,banana,2021-05-03,MON,,,,
B020,B,banana,2021-05-04,TUE,2.36,433,1021.88,86.3
B020,B,banana,2021-05-05,WED,2.36,421,993.56,92.9
B020,B,banana,2021-05-06,THU,2.36,419,988.84,94.7
B020,B,banana,2021-05-07,FRI,2.36,425,1003,86.6
B020,B,banana,2021-05-08,SAT,2.36,462,1090.32,97.4
B020,B,banana,2021-05-09,SUN,2.36,465,1097.4,90.2
B020,B,banana,2021-05-10,MON,,,,
B020,B,banana,2021-05-11,TUE,2.36,433,1021.88,97
B020,B,banana,2021-05-12,WED,2.36,434,1024.24,91
B020,B,banana,2021-05-13,THU,2.35,423,994.05,96.4
B020,B,banana,2021-05-14,FRI,2.35,434,1019.9,96.6
B020,B,banana,2021-05-15,SAT,2.35,468,1099.8,96.2
B020,B,banana,2021-05-16,SUN,2.35,461,1083.35,96.6
B020,B,banana,2021-05-17,MON,,,,
B020,B,banana,2021-05-18,TUE,2.35,428,1005.8,94.5
B020,B,banana,2021-05-19,WED,2.35,433,1017.55,95.8
B020,B,banana,2021-05-20,THU,2.37,430,1019.1,96
B020,B,banana,2021-05-21,FRI,2.37,425,1007.25,92.8
B020,B,banana,2021-05-22,SAT,2.37,467,1106.79,96
B020,B,banana,2021-05-23,SUN,2.37,470,1113.9,95
B020,B,banana,2021-05-24,MON,,,,
B020,B,banana,2021-05-25,TUE,2.37,425,1007.25,94.2
B020,B,banana,2021-05-26,WED,2.37,434,1028.58,94.6
B020,B,banana,2021-05-27,THU,2.4,419,1005.6,96.6
B020,B,banana,2021-05-28,FRI,2.4,421,1010.4,95.9
B020,B,banana,2021-05-29,SAT,2.4,468,1123.2,88.9
B020,B,banana,2021-05-30,SUN,2.4,465,1116,98.6
B020,B,banana,2021-05-31,MON,,,,
B020,B,banana,2021-06-01,TUE,2.4,428,1027.2,91.2
B020,B,banana,2021-06-02,WED,2.4,433,1039.2,91.2
B020,B,banana,2021-06-03,THU,2.41,426,1026.66,92.7
B020,B,banana,2021-06-04,FRI,2.41,432,1041.12,94.5
B020,B,banana,2021-06-05,SAT,2.41,467,1125.47,96.8
B020,B,banana,2021-06-06,SUN,2.41,469,1130.29,95.1
B020,B,banana,2021-06-07,MON,,,,
B020,B,banana,2021-06-08,TUE,2.41,420,1012.2,95.1
B020,B,banana,2021-06-09,WED,2.41,434,1045.94,92.1
B020,B,banana,2021-06-10,THU,2.43,428,1040.04,95.1
B020,B,banana,2021-06-11,FRI,2.43,428,1040.04,93.9
B020,B,banana,2021-06-12,SAT,2.43,466,1132.38,94
B020,B,banana,2021-06-13,SUN,2.43,462,1122.66,88.8
B020,B,banana,2021-06-14,MON,,,,
B020,B,banana,2021-06-15,TUE,2.43,430,1044.9,83.8
B020,B,banana,2021-06-16,WED,2.43,421,1023.03,93.8
B020,B,banana,2021-06-17,THU,2.45,429,1051.05,95.9
B020,B,banana,2021-06-18,FRI,2.45,435,1065.75,97.3
B020,B,banana,2021-06-19,SAT,2.45,463,1134.35,96.7
B020,B,banana,2021-06-20,SUN,2.45,466,1141.7,96.7
B020,B,banana,2021-06-21,MON,,,,
B020,B,banana,2021-06-22,TUE,2.45,426,1043.7,93.1
B020,B,banana,2021-06-23,WED,2.45,419,1026.55,95.5
B020,B,banana,2021-06-24,THU,2.47,435,1074.45,97
B020,B,banana,2021-06-25,FRI,2.47,427,1054.69,97
B020,B,banana,2021-06-26,SAT,2.47,461,1138.67,96
B020,B,banana,2021-06-27,SUN,2.47,463,1143.61,98.1
B020,B,banana,2021-06-28,MON,,,,
B020,B,banana,2021-06-29,TUE,2.47,430,1062.1,97.3
B020,B,banana,2021-06-30,WED,2.47,420,1037.4,95
B020,B,banana,2021-07-01,THU,2.47,425,1049.75,94.7
B020,B,banana,2021-07-02,FRI,2.47,432,1067.04,98.1
B020,B,banana,2021-07-03,SAT,2.47,462,1141.14,94.6
B020,B,banana,2021-07-04,SUN,2.47,463,1143.61,95.9
B020,B,banana,2021-07-05,MON,,,,
B020,B,banana,2021-07-06,TUE,2.47,421,1039.87,97.3
B020,B,banana,2021-07-07,WED,2.47,429,1059.63,93.6
B020,B,banana,2021-07-08,THU,2.5,424,1060,94.6
B020,B,banana,2021-07-09,FRI,2.5,425,1062.5,96.7
B020,B,banana,2021-07-10,SAT,2.5,465,1162.5,95.5
B020,B,banana,2021-07-11,SUN,2.5,466,1165,98.4
B020,B,banana,2021-07-12,MON,,,,
B020,B,banana,2021-07-13,TUE,2.5,435,1087.5,97
B020,B,banana,2021-07-14,WED,2.5,434,1085,93.9
B020,B,banana,2021-07-15,THU,2.51,429,1076.79,92.1
B020,B,banana,2021-07-16,FRI,2.51,427,1071.77,95.4
B020,B,banana,2021-07-17,SAT,2.51,465,1167.15,88.9
B020,B,banana,2021-07-18,SUN,2.51,464,1164.64,93.2
B020,B,banana,2021-07-19,MON,,,,
B020,B,banana,2021-07-20,TUE,2.51,431,1081.81,96.7
B020,B,banana,2021-07-21,WED,2.51,423,1061.73,98.2
B020,B,banana,2021-07-22,THU,2.53,430,1087.9,97.7
B020,B,banana,2021-07-23,FRI,2.53,433,1095.49,95.4
B020,B,banana,2021-07-24,SAT,2.53,467,1181.51,93.3
B020,B,banana,2021-07-25,SUN,2.53,466,1178.98,97.8
B020,B,banana,2021-07-26,MON,,,,
B020,B,banana,2021-07-27,TUE,2.53,425,1075.25,95
B020,B,banana,2021-07-28,WED,2.53,433,1095.49,96
B020,B,banana,2021-07-29,THU,2.53,434,1098.02,91.3
B020,B,banana,2021-07-30,FRI,2.53,434,1098.02,96.5
B020,B,banana,2021-07-31,SAT,2.53,462,1168.86,95.1
B020,B,banana,2021-08-01,SUN,2.53,463,1171.39,96.5
B020,B,banana,2021-08-02,MON,,,,
B020,B,banana,2021-08-03,TUE,2.53,418,1057.54,97.1
B020,B,banana,2021-08-04,WED,2.53,420,1062.6,97.5
B020,B,banana,2021-08-05,THU,2.53,421,1065.13,96.3
B020,B,banana,2021-08-06,FRI,2.53,420,1062.6,94.5
B020,B,banana,2021-08-07,SAT,2.53,465,1176.45,96
B020,B,banana,2021-08-08,SUN,2.53,469,1186.57,91
B020,B,banana,2021-08-09,MON,,,,
B020,B,banana,2021-08-10,TUE,2.53,431,1090.43,96.4
B020,B,banana,2021-08-11,WED,2.53,435,1100.55,94.4
B020,B,banana,2021-08-12,THU,2.52,428,1078.56,93
B020,B,banana,2021-08-13,FRI,2.52,424,1068.48,91.8
B020,B,banana,2021-08-14,SAT,2.52,461,1161.72,93.9
B020,B,banana,2021-08-15,SUN,2.52,464,1169.28,95.9
B020,B,banana,2021-08-16,MON,,,,
B020,B,banana,2021-08-17,TUE,2.52,422,1063.44,95.3
B020,B,banana,2021-08-18,WED,2.52,425,1071,95.2
B020,B,banana,2021-08-19,THU,2.54,428,1087.12,93.9
B020,B,banana,2021-08-20,FRI,2.54,432,1097.28,94.9
B020,B,banana,2021-08-21,SAT,2.54,469,1191.26,97.4
B020,B,banana,2021-08-22,SUN,2.54,463,1176.02,97.4
B020,B,banana,2021-08-23,MON,,,,
B020,B,banana,2021-08-24,TUE,2.54,435,1104.9,97.5
B020,B,banana,2021-08-25,WED,2.54,432,1097.28,93.2
B020,B,banana,2021-08-26,THU,2.54,424,1076.96,92.8
B020,B,banana,2021-08-27,FRI,2.54,428,1087.12,89.4
B020,B,banana,2021-08-28,SAT,2.54,465,1181.1,98
B020,B,banana,2021-08-29,SUN,2.54,464,1178.56,96.9
B020,B,banana,2021-08-30,MON,,,,
B020,B,banana,2021-08-31,TUE,2.54,427,1084.58,95.2
B020,B,banana,2021-09-01,WED,2.54,425,1079.5,91.1
B020,B,banana,2021-09-02,THU,2.54,419,1064.26,91.4
B020,B,banana,2021-09-03,FRI,2.54,420,1066.8,89.7
B020,B,banana,2021-09-04,SAT,2.54,464,1178.56,95
B020,B,banana,2021-09-05,SUN,2.54,467,1186.18,95.7
B020,B,banana,2021-09-06,MON,,,,
B020,B,banana,2021-09-07,TUE,2.54,427,1084.58,98.6
B020,B,banana,2021-09-08,WED,2.54,420,1066.8,93.2
B020,B,banana,2021-09-09,THU,2.53,435,1100.55,98.6
B020,B,banana,2021-09-10,FRI,2.53,428,1082.84,94.8
B020,B,banana,2021-09-11,SAT,2.53,468,1184.04,94.8
B020,B,banana,2021-09-12,SUN,2.53,470,1189.1,94
B020,B,banana,2021-09-13,MON,,,,
B020,B,banana,2021-09-14,TUE,2.53,433,1095.49,97.8
B020,B,banana,2021-09-15,WED,2.53,421,1065.13,96.2
B020,B,banana,2021-09-16,THU,2.54,419,1064.26,97.9
B020,B,banana,2021-09-17,FRI,2.54,419,1064.26,98.4
B020,B,banana,2021-09-18,SAT,2.54,466,1183.64,99.6
B020,B,banana,2021-09-19,SUN,2.54,468,1188.72,98.1
B020,B,banana,2021-09-20,MON,,,,
B020,B,banana,2021-09-21,TUE,2.54,435,1104.9,98.2
B020,B,banana,2021-09-22,WED,2.54,431,1094.74,98.3
B020,B,banana,2021-09-23,THU,2.54,428,1087.12,93.9
B020,B,banana,2021-09-24,FRI,2.54,427,1084.58,98.4
B020,B,banana,2021-09-25,SAT,2.54,464,1178.56,98.2
B020,B,banana,2021-09-26,SUN,2.54,464,1178.56,99.3
B020,B,banana,2021-09-27,MON,,,,
B020,B,banana,2021-09-28,TUE,2.54,427,1084.58,97
B020,B,banana,2021-09-29,WED,2.54,426,1082.04,97
B020,B,banana,2021-09-30,THU,2.54,434,1102.36,95.8
B020,B,cherry,2021-04-01,THU,4.41,367,1618.47,96
B020,B,cherry,2021-04-02,FRI,4.41,378,1666.98,87
B020,B,cherry,2021-04-03,SAT,4.41,406,1790.46,90.3
B020,B,cherry,2021-04-04,SUN,4.41,409,1803.69,95.2
B020,B,cherry,2021-04-05,MON,,,,
B020,B,cherry,2021-04-06,TUE,4.41,368,1622.88,84.9
B020,B,cherry,2021-04-07,WED,4.41,368,1622.88,88.9
B020,B,cherry,2021-04-08,THU,4.41,373,1644.93,82.5
B020,B,cherry,2021-04-09,FRI,4.41,379,1671.39,95
B020,B,cherry,2021-04-10,SAT,4.41,405,1786.05,95
B020,B,cherry,2021-04-11,SUN,4.41,408,1799.28,92.9
B020,B,cherry,2021-04-12,MON,,,,
B020,B,cherry,2021-04-13,TUE,4.41,369,1627.29,80.8
B020,B,cherry,2021-04-14,WED,4.41,376,1658.16,81.9
B020,B,cherry,2021-04-15,THU,4.41,380,1675.8,93.2
B020,B,cherry,2021-04-16,FRI,4.41,368,1622.88,97.6
B020,B,cherry,2021-04-17,SAT,4.41,403,1777.23,85.6
B020,B,cherry,2021-04-18,SUN,4.41,408,1799.28,86.1
B020,B,cherry,2021-04-19,MON,,,,
B020,B,cherry,2021-04-20,TUE,4.41,369,1627.29,93.5
B020,B,cherry,2021-04-21,WED,4.41,374,1649.34,96.4
B020,B,cherry,2021-04-22,THU,4.42,376,1661.92,89.6
B020,B,cherry,2021-04-23,FRI,4.42,374,1653.08,97.6
B020,B,cherry,2021-04-24,SAT,4.42,410,1812.2,85.8
B020,B,cherry,2021-04-25,SUN,4.42,409,1807.78,94.9
B020,B,cherry,2021-04-26,MON,,,,
B020,B,cherry,2021-04-27,TUE,4.42,379,1675.18,90.6
B020,B,cherry,2021-04-28,WED,4.42,372,1644.24,92
B020,B,cherry,2021-04-29,THU,4.45,376,1673.2,87.4
B020,B,cherry,2021-04-30,FRI,4.45,366,1628.7,93.7
B020,B,cherry,2021-05-01,SAT,4.45,406,1806.7,95.8
B020,B,cherry,2021-05-02,SUN,4.45,408,1815.6,92.6
B020,B,cherry,2021-05-03,MON,,,,
B020,B,cherry,2021-05-04,TUE,4.45,371,1650.95,86.3
B020,B,cherry,2021-05-05,WED,4.45,369,1642.05,92.9
B020,B,cherry,2021-05-06,THU,4.44,374,1660.56,94.7
B020,B,cherry,2021-05-07,FRI,4.44,375,1665,86.6
B020,B,cherry,2021-05-08,SAT,4.44,407,1807.08,97.4
B020,B,cherry,2021-05-09,SUN,4.44,410,1820.4,90.2
B020,B,cherry,2021-05-10,MON,,,,
B020,B,cherry,2021-05-11,TUE,4.44,378,1678.32,97
B020,B,cherry,2021-05-12,WED,4.44,378,1678.32,91
B020,B,cherry,2021-05-13,THU,4.46,372,1659.12,96.4
B020,B,cherry,2021-05-14,FRI,4.46,367,1636.82,96.6
B020,B,cherry,2021-05-15,SAT,4.46,405,1806.3,96.2
B020,B,cherry,2021-05-16,SUN,4.46,404,1801.84,96.6
B020,B,cherry,2021-05-17,MON,,,,
B020,B,cherry,2021-05-18,TUE,4.46,370,1650.2,94.5
B020,B,cherry,2021-05-19,WED,4.46,377,1681.42,95.8
B020,B,cherry,2021-05-20,THU,4.49,366,1643.34,96
B020,B,cherry,2021-05-21,FRI,4.49,370,1661.3,92.8
B020,B,cherry,2021-05-22,SAT,4.49,405,1818.45,96
B020,B,cherry,2021-05-23,SUN,4.49,404,1813.96,95
B020,B,cherry,2021-05-24,MON,,,,
B020,B,cherry,2021-05-25,TUE,4.49,373,1674.77,94.2
B020,B,cherry,2021-05-26,WED,4.49,367,1647.83,94.6
B020,B,cherry,2021-05-27,THU,4.51,370,1668.7,96.6
B020,B,cherry,2021-05-28,FRI,4.51,369,1664.19,95.9
B020,B,cherry,2021-05-29,SAT,4.51,405,1826.55,88.9
B020,B,cherry,2021-05-30,SUN,4.51,407,1835.57,98.6
B020,B,cherry,2021-05-31,MON,,,,
B020,B,cherry,2021-06-01,TUE,4.51,378,1704.78,91.2
B020,B,cherry,2021-06-02,WED,4.51,367,1655.17,91.2
B020,B,cherry,2021-06-03,THU,4.5,369,1660.5,92.7
B020,B,cherry,2021-06-04,FRI,4.5,378,1701,94.5
B020,B,cherry,2021-06-05,SAT,4.5,408,1836,96.8
B020,B,cherry,2021-06-06,SUN,4.5,403,1813.5,95.1
B020,B,cherry,2021-06-07,MON,,,,
B020,B,cherry,2021-06-08,TUE,4.5,372,1674,95.1
B020,B,cherry,2021-06-09,WED,4.5,377,1696.5,92.1
B020,B,cherry,2021-06-10,THU,4.51,370,1668.7,95.1
B020,B,cherry,2021-06-11,FRI,4.51,366,1650.66,93.9
B020,B,cherry,2021-06-12,SAT,4.51,406,1831.06,94
B020,B,cherry,2021-06-13,SUN,4.51,408,1840.08,88.8
B020,B,cherry,2021-06-14,MON,,,,
B020,B,cherry,2021-06-15,TUE,4.51,373,1682.23,83.8
B020,B,cherry,2021-06-16,WED,4.51,380,1713.8,93.8
B020,B,cherry,2021-06-17,THU,4.52,372,1681.44,95.9
B020,B,cherry,2021-06-18,FRI,4.52,375,1695,97.3
B020,B,cherry,2021-06-19,SAT,4.52,404,1826.08,96.7
B020,B,cherry,2021-06-20,SUN,4.52,405,1830.6,96.7
B020,B,cherry,2021-06-21,MON,,,,
B020,B,cherry,2021-06-22,TUE,4.52,370,1672.4,93.1
B020,B,cherry,2021-06-23,WED,4.52,375,1695,95.5
B020,B,cherry,2021-06-24,THU,4.53,367,1662.51,97
B020,B,cherry,2021-06-25,FRI,4.53,367,1662.51,97
B020,B,cherry,2021-06-26,SAT,4.53,410,1857.3,96
B020,B,cherry,2021-06-27,SUN,4.53,407,1843.71,98.1
B020,B,cherry,2021-06-28,MON,,,,
B020,B,cherry,2021-06-29,TUE,4.53,374,1694.22,97.3
B020,B,cherry,2021-06-30,WED,4.53,368,1667.04,95
B020,B,cherry,2021-07-01,THU,4.54,378,1716.12,94.7
B020,B,cherry,2021-07-02,FRI,4.54,380,1725.2,98.1
B020,B,cherry,2021-07-03,SAT,4.54,404,1834.16,94.6
B020,B,cherry,2021-07-04,SUN,4.54,408,1852.32,95.9
B020,B,cherry,2021-07-05,MON,,,,
B020,B,cherry,2021-07-06,TUE,4.54,375,1702.5,97.3
B020,B,cherry,2021-07-07,WED,4.54,366,1661.64,93.6
B020,B,cherry,2021-07-08,THU,4.53,379,1716.87,94.6
B020,B,cherry,2021-07-09,FRI,4.53,374,1694.22,96.7
B020,B,cherry,2021-07-10,SAT,4.53,406,1839.18,95.5
B020,B,cherry,2021-07-11,SUN,4.53,408,1848.24,98.4
B020,B,cherry,2021-07-12,MON,,,,
B020,B,cherry,2021-07-13,TUE,4.53,379,1716.87,97
B020,B,cherry,2021-07-14,WED,4.53,375,1698.75,93.9
B020,B,cherry,2021-07-15,THU,4.55,366,1665.3,92.1
B020,B,cherry,2021-07-16,FRI,4.55,368,1674.4,95.4
B020,B,cherry,2021-07-17,SAT,4.55,404,1838.2,88.9
B020,B,cherry,2021-07-18,SUN,4.55,410,1865.5,93.2
B020,B,cherry,2021-07-19,MON,,,,
B020,B,cherry,2021-07-20,TUE,4.55,377,1715.35,96.7
B020,B,cherry,2021-07-21,WED,4.55,369,1678.95,98.2
B020,B,cherry,2021-07-22,THU,4.56,376,1714.56,97.7
B020,B,cherry,2021-07-23,FRI,4.56,366,1668.96,95.4
B020,B,cherry,2021-07-24,SAT,4.56,409,1865.04,93.3
B020,B,cherry,2021-07-25,SUN,4.56,409,1865.04,97.8
B020,B,cherry,2021-07-26,MON,,,,
B020,B,cherry,2021-07-27,TUE,4.56,367,1673.52,95
B020,B,cherry,2021-07-28,WED,4.56,369,1682.64,96
B020,B,cherry,2021-07-29,THU,4.56,366,1668.96,91.3
B020,B,cherry,2021-07-30,FRI,4.56,375,1710,96.5
B020,B,cherry,2021-07-31,SAT,4.56,403,1837.68,95.1
B020,B,cherry,2021-08-01,SUN,4.56,407,1855.92,96.5
B020,B,cherry,2021-08-02,MON,,,,
B020,B,cherry,2021-08-03,TUE,4.56,376,1714.56,97.1
B020,B,cherry,2021-08-04,WED,4.56,380,1732.8,97.5
B020,B,cherry,2021-08-05,THU,4.58,378,1731.24,96.3
B020,B,cherry,2021-08-06,FRI,4.58,379,1735.82,94.5
B020,B,cherry,2021-08-07,SAT,4.58,408,1868.64,96
B020,B,cherry,2021-08-08,SUN,4.58,410,1877.8,91
B020,B,cherry,2021-08-09,MON,,,,
B020,B,cherry,2021-08-10,TUE,4.58,378,1731.24,96.4
B020,B,cherry,2021-08-11,WED,4.58,366,1676.28,94.4
B020,B,cherry,2021-08-12,THU,4.58,373,1708.34,93
B020,B,cherry,2021-08-13,FRI,4.58,371,1699.18,91.8
B020,B,cherry,2021-08-14,SAT,4.58,404,1850.32,93.9
B020,B,cherry,2021-08-15,SUN,4.58,408,1868.64,95.9
B020,B,cherry,2021-08-16,MON,,,,
B020,B,cherry,2021-08-17,TUE,4.58,375,1717.5,95.3
B020,B,cherry,2021-08-18,WED,4.58,369,1690.02,95.2
B020,B,cherry,2021-08-19,THU,4.6,378,1738.8,93.9
B020,B,cherry,2021-08-20,FRI,4.6,366,1683.6,94.9
B020,B,cherry,2021-08-21,SAT,4.6,405,1863,97.4
B020,B,cherry,2021-08-22,SUN,4.6,409,1881.4,97.4
B020,B,cherry,2021-08-23,MON,,,,
B020,B,cherry,2021-08-24,TUE,4.6,370,1702,97.5
B020,B,cherry,2021-08-25,WED,4.6,368,1692.8,93.2
B020,B,cherry,2021-08-26,THU,4.59,370,1698.3,92.8
B020,B,cherry,2021-08-27,FRI,4.59,379,1739.61,89.4
B020,B,cherry,2021-08-28,SAT,4.59,403,1849.77,98
B020,B,cherry,2021-08-29,SUN,4.59,409,1877.31,96.9
B020,B,cherry,2021-08-30,MON,,,,
B020,B,cherry,2021-08-31,TUE,4.59,368,1689.12,95.2
B020,B,cherry,2021-09-01,WED,4.59,371,1702.89,91.1
B020,B,cherry,2021-09-02,THU,4.61,367,1691.87,91.4
B020,B,cherry,2021-09-03,FRI,4.61,376,1733.36,89.7
B020,B,cherry,2021-09-04,SAT,4.61,405,1867.05,95
B020,B,cherry,2021-09-05,SUN,4.61,407,1876.27,95.7
B020,B,cherry,2021-09-06,MON,,,,
B020,B,cherry,2021-09-07,TUE,4.61,369,1701.09,98.6
B020,B,cherry,2021-09-08,WED,4.61,376,1733.36,93.2
B020,B,cherry,2021-09-09,THU,4.61,367,1691.87,98.6
B020,B,cherry,2021-09-10,FRI,4.61,379,1747.19,94.8
B020,B,cherry,2021-09-11,SAT,4.61,404,1862.44,94.8
B020,B,cherry,2021-09-12,SUN,4.61,405,1867.05,94
B020,B,cherry,2021-09-13,MON,,,,
B020,B,cherry,2021-09-14,TUE,4.61,377,1737.97,97.8
B020,B,cherry,2021-09-15,WED,4.61,366,1687.26,96.2
B020,B,cherry,2021-09-16,THU,4.61,376,1733.36,97.9
B020,B,cherry,2021-09-17,FRI,4.61,366,1687.26,98.4
B020,B,cherry,2021-09-18,SAT,4.61,403,1857.83,99.6
B020,B,cherry,2021-09-19,SUN,4.61,405,1867.05,98.1
B020,B,cherry,2021-09-20,MON,,,,
B020,B,cherry,2021-09-21,TUE,4.61,367,1691.87,98.2
B020,B,cherry,2021-09-22,WED,4.61,377,1737.97,98.3
B020,B,cherry,2021-09-23,THU,4.61,373,1719.53,93.9
B020,B,cherry,2021-09-24,FRI,4.61,371,1710.31,98.4
B020,B,cherry,2021-09-25,SAT,4.61,410,1890.1,98.2
B020,B,cherry,2021-09-26,SUN,4.61,404,1862.44,99.3
B020,B,cherry,2021-09-27,MON,,,,
B020,B,cherry,2021-09-28,TUE,4.61,368,1696.48,97
B020,B,cherry,2021-09-29,WED,4.61,380,1751.8,97
B020,B,cherry,2021-09-30,THU,4.62,369,1704.78,95.8
